player_name,team_abbreviation,age,player_height,player_weight,college,country
Randy Livingston,HOU,22,193.04,94.800728,Louisiana State,USA
Gaylon Nickerson,WAS,28,190.5,86.18248,Northwestern Oklahoma,USA
George Lynch,VAN,26,203.2,103.418976,North Carolina,USA
George McCloud,LAL,30,203.2,102.0582,Florida State,USA
George Zidek,DEN,23,213.36,119.748288,UCLA,USA
Gerald Wilkins,ORL,33,198.12,102.0582,Tennessee-Chattanooga,USA
Gheorghe Muresan,WAS,26,231.14,137.438376,None,USA
Glen Rice,CHH,30,203.2,99.79024,Michigan,USA
Glenn Robinson,MIL,24,200.66,106.59412,Purdue,USA
Grant Hill,DET,24,203.2,102.0582,Duke,USA
Gary Trent,POR,22,203.2,113.398,Ohio,USA
Grant Long,DET,31,205.74,112.490816,Eastern Michigan,USA
Greg Anthony,VAN,29,185.42,81.64656,Nevada-Las Vegas,USA
Greg Dreiling,DAL,33,215.9,120.20188,Kansas,USA
Greg Foster,UTA,28,210.82,113.398,Texas-El Paso,USA
Greg Graham,SEA,26,193.04,82.553744,Indiana,USA
Greg Minor,BOS,25,198.12,95.25432,Louisville,USA
Greg Ostertag,UTA,24,218.44,127.00576,Kansas,USA
Hakeem Olajuwon,HOU,34,213.36,115.66596,Houston,Nigeria
Harvey Grant,WAS,31,205.74,102.0582,Oklahoma,USA
Haywoode Workman,IND,31,187.96,81.64656,Oral Roberts,USA
Greg Anderson,SAS,33,208.28,113.398,Houston,USA
Gary Payton,SEA,28,193.04,86.18248,Oregon State,USA
Gary Grant,MIA,32,190.5,83.91452,Michigan,USA
Fred Roberts,DAL,36,208.28,98.883056,Brigham Young,USA
Eldridge Recasner,ATL,29,193.04,86.18248,Washington,USA
Elliot Perry,MIL,28,182.88,72.57472,Memphis,USA
Elmer Bennett,DEN,27,182.88,77.11064,Notre Dame,USA
Elmore Spencer,SEA,27,213.36,122.46984,Nevada-Las Vegas,USA
Emanual Davis,HOU,28,195.58,87.996848,Delaware State,USA
Ennis Whatley,POR,34,190.5,80.285784,Alabama,USA
Eric Leckner,VAN,31,210.82,120.20188,Wyoming,USA
Eric Mobley,VAN,27,210.82,106.59412,Pittsburgh,USA
Eric Montross,NJN,25,213.36,122.46984,North Carolina,USA
Eric Murdock,DEN,29,185.42,86.18248,Providence,USA
Eric Piatkowski,LAC,26,200.66,97.52228,Nebraska,USA
Eric Snow,SEA,24,190.5,90.7184,Michigan State,USA
Eric Williams,BOS,24,203.2,99.79024,Providence,USA
Erick Dampier,IND,21,210.82,120.20188,Mississippi State,USA
Erick Strickland,DAL,23,190.5,95.25432,Nebraska,USA
Ervin Johnson,DEN,29,210.82,111.13004,New Orleans,USA
Evric Gray,NJN,27,200.66,106.59412,Nevada-Las Vegas,USA
Felton Spencer,GSW,29,213.36,127.00576,Louisville,USA
Frank Brickowski,BOS,37,205.74,108.86208,Penn State,USA
Frankie King,PHI,25,185.42,83.91452,Western Carolina,USA
Fred Hoiberg,IND,24,193.04,92.079176,Iowa State,USA
Henry James,ATL,31,203.2,99.79024,St. Mary's (TX),USA
Elden Campbell,LAL,28,213.36,113.398,Clemson,USA
Herb Williams,NYK,39,210.82,117.93392,Ohio State,USA
Horace Grant,ORL,31,208.28,111.13004,Clemson,USA
Jerome Williams,DET,24,205.74,93.439952,Georgetown,USA
Jerry Stackhouse,PHI,22,198.12,98.883056,North Carolina,USA
Jim Jackson,NJN,26,198.12,97.52228,Ohio State,USA
Jim McIlvaine,SEA,24,215.9,117.93392,Marquette,USA
Jimmy Carruth,MIL,27,208.28,120.20188,Virginia Tech,USA
Jimmy King,DEN,23,195.58,95.25432,Michigan,USA
Jimmy Oliver,TOR,27,195.58,92.98636,Purdue,USA
Joe Courtney,SAS,27,203.2,106.59412,Southern Mississippi,USA
Joe Dumars,DET,34,190.5,88.45044,McNeese State,USA
Jerome Kersey,LAL,35,200.66,108.86208,Longwood,USA
Joe Kleine,NJN,35,213.36,122.923432,Arkansas,USA
Joe Stephens,HOU,24,200.66,95.25432,Arkansas-Little Rock,USA
Joe Wolf,MIL,32,210.82,117.93392,North Carolina,USA
John Crotty,MIA,27,187.96,83.91452,Virginia,USA
John Long,TOR,40,195.58,90.7184,Detroit Mercy,USA
John Starks,NYK,31,195.58,83.91452,Oklahoma State,USA
John Stockton,UTA,35,185.42,79.3786,Gonzaga,USA
John Wallace,NYK,23,205.74,102.0582,Syracuse,USA
Johnny Newman,MIL,33,200.66,90.7184,Richmond,USA
Jon Barry,ATL,27,195.58,92.98636,Georgia Tech,USA
Joe Smith,GSW,21,208.28,102.0582,Maryland,USA
Jerome Allen,DEN,24,193.04,83.460928,Pennsylvania,USA
Jermaine O'Neal,POR,18,210.82,102.511792,None,USA
Jeff McInnis,DEN,22,193.04,86.18248,North Carolina,USA
Horacio Llamas,PHX,23,210.82,129.27372,Grand Canyon,USA
Hot Rod Williams,PHX,34,210.82,111.13004,Tulane,USA
Howard Eisley,UTA,24,187.96,80.285784,Boston College,USA
Hubert Davis,TOR,27,195.58,83.007336,North Carolina,USA
Ike Austin,MIA,27,208.28,122.46984,Arizona State,USA
Isaiah Rider,POR,26,195.58,97.52228,Nevada-Las Vegas,USA
Ivano Newbill,ATL,26,208.28,111.13004,Georgia Tech,USA
Jack Haley,NJN,33,208.28,109.769264,UCLA,USA
Jalen Rose,IND,24,203.2,95.25432,Michigan,USA
Jamal Mashburn,MIA,24,203.2,113.398,Kentucky,USA
James Robinson,MIN,26,187.96,81.64656,Alabama,USA
James Scott,MIA,25,198.12,81.64656,St. John's (NY),USA
Jamie Feick,SAS,22,203.2,115.66596,Michigan State,USA
Jamie Watson,DAL,25,200.66,86.18248,South Carolina,USA
Jaren Jackson,WAS,29,198.12,95.25432,Georgetown,USA
Jason Caffey,CHI,24,203.2,116.119552,Alabama,USA
Jason Kidd,PHX,24,193.04,94.347136,California,USA
Jason Sasser,DAL,23,200.66,102.0582,Texas Tech,USA
Jayson Williams,NJN,29,205.74,108.86208,St. John's (NY),USA
Jeff Grayer,SAC,31,195.58,95.25432,Iowa State,USA
Jeff Hornacek,UTA,34,193.04,86.18248,Iowa State,USA
Hersey Hawkins,SEA,30,190.5,86.18248,Bradley,USA
Eddie Jones,LAL,25,198.12,86.18248,Temple,USA
Eddie Johnson,HOU,38,200.66,97.52228,Illinois,USA
Ed Pinckney,MIA,34,205.74,108.86208,Villanova,USA
Chris Jent,NYK,27,200.66,99.79024,Ohio State,USA
Chris Mills,CLE,27,200.66,97.975872,Arizona,USA
Chris Morris,UTA,31,203.2,99.79024,Auburn,USA
Chris Mullin,GSW,33,200.66,97.52228,St. John's (NY),USA
Chris Robinson,VAN,23,195.58,90.7184,Western Kentucky,USA
Chris Webber,WAS,24,208.28,111.13004,Michigan,USA
Chris Whitney,WAS,25,182.88,77.11064,Clemson,USA
Christian Laettner,ATL,27,210.82,111.13004,Duke,USA
Chucky Brown,MIL,29,203.2,97.52228,North Carolina State,USA
Chris Gatling,NJN,29,208.28,104.32616,Old Dominion,USA
Clar. Weatherspoon,PHI,26,200.66,108.86208,Southern Mississippi,USA
Clifford Rozier,TOR,24,210.82,104.32616,Louisville,USA
Clyde Drexler,HOU,35,200.66,100.697424,Houston,USA
Corie Blount,LAL,28,208.28,109.769264,Cincinnati,USA
Corliss Williamson,SAC,23,200.66,111.13004,Arkansas,USA
Cory Alexander,SAS,24,185.42,86.18248,Virginia,USA
Craig Ehlo,SEA,35,198.12,81.64656,Washington State,USA
Cuonzo Martin,MIL,25,195.58,96.615096,Purdue,USA
Dale Davis,IND,28,210.82,104.32616,Clemson,USA
Dale Ellis,DEN,36,200.66,97.52228,Tennessee,USA
Clifford Robinson,POR,30,208.28,102.0582,Connecticut,USA
Chris Dudley,POR,32,210.82,108.86208,Yale,USA
Chris Childs,NYK,29,190.5,88.45044,Boise State,USA
Chris Carr,MIN,23,198.12,99.79024,Southern Illinois,USA
Brian Evans,ORL,23,203.2,99.79024,Indiana,USA
Brian Grant,SAC,25,205.74,115.212368,Xavier,USA
Brian Shaw,ORL,31,198.12,90.7184,California-Santa Barbara,USA
Brooks Thompson,DEN,26,193.04,87.543256,Oklahoma State,USA
Bruce Bowen,MIA,26,200.66,90.7184,Cal State-Fullerton,USA
Bryant Reeves,VAN,24,213.36,124.7378,Oklahoma State,USA
Bryant Stith,DEN,26,195.58,94.347136,Virginia,USA
Bryon Russell,UTA,26,200.66,102.0582,Long Beach State,USA
Buck Williams,NYK,37,203.2,102.0582,Maryland,USA
Byron Scott,LAL,36,193.04,92.98636,Arizona State,USA
Calbert Cheaney,WAS,25,200.66,97.52228,Indiana,USA
Carl Herrera,SAS,30,205.74,102.0582,Houston,USA
Carl Thomas,CLE,27,193.04,79.3786,Eastern Michigan,USA
Carlos Rogers,TOR,26,210.82,99.79024,Tennessee State,USA
Cedric Ceballos,PHX,27,200.66,102.0582,Cal State-Fullerton,USA
Charles Barkley,HOU,34,198.12,114.305184,Auburn,USA
Charles Jones,HOU,40,205.74,97.52228,Albany State (GA),USA
Charles Oakley,NYK,33,205.74,111.13004,Virginia Union,USA
Charles Smith,SAS,31,208.28,110.676448,Pittsburgh,USA
Charlie Ward,NYK,26,187.96,86.18248,Florida State,USA
Cherokee Parks,MIN,24,210.82,108.86208,Duke,USA
Damon Stoudamire,TOR,23,177.8,77.564232,Arizona,USA
Dan Majerle,MIA,31,198.12,99.79024,Central Michigan,USA
Dan Schayes,ORL,38,210.82,117.93392,Syracuse,USA
Dana Barros,BOS,30,180.34,73.935496,Boston College,USA
Dexter Boney,PHX,27,193.04,83.91452,Nevada-Las Vegas,USA
Dickey Simpkins,CHI,25,205.74,112.490816,Providence,USA
Dikembe Mutombo,ATL,31,218.44,113.398,Georgetown,Congo
Dino Radja,BOS,30,210.82,102.0582,None,USA
Dominique Wilkins,SAS,37,203.2,104.32616,Georgia,USA
Don MacLean,PHI,27,208.28,106.59412,UCLA,USA
Don Reid,DET,23,203.2,113.398,Georgetown,USA
Donald Royal,CHH,31,203.2,98.883056,Notre Dame,USA
Donald Whiteside,TOR,28,177.8,72.57472,Northern Illinois,USA
Donnie Boyce,ATL,23,195.58,88.904032,Colorado,USA
Donny Marshall,CLE,24,200.66,104.32616,Connecticut,USA
Dontonio Wingfield,POR,23,203.2,116.119552,Cincinnati,USA
Donyell Marshall,GSW,24,205.74,104.32616,Connecticut,USA
Doug Christie,TOR,27,198.12,92.98636,Pepperdine,USA
Doug Overton,PHI,27,190.5,86.18248,La Salle,USA
Doug West,MIN,30,198.12,99.79024,Villanova,USA
Duane Causwell,SAC,29,213.36,108.86208,Temple,USA
Duane Ferrell,IND,32,200.66,97.52228,Georgia Tech,USA
Dwayne Schintzius,LAC,28,215.9,117.93392,Florida,USA
Earl Cureton,TOR,39,205.74,95.25432,Detroit Mercy,USA
Ed O'Bannon,DAL,24,203.2,100.697424,UCLA,USA
Devin Gray,SAS,25,200.66,108.86208,Clemson,USA
Jud Buechler,CHI,29,198.12,103.418976,Arizona,USA
Detlef Schrempf,SEA,34,208.28,106.59412,Washington,USA
Derrick Coleman,PHI,30,208.28,117.93392,Syracuse,USA
Danny Ferry,CLE,30,208.28,106.59412,Duke,USA
Danny Manning,PHX,31,208.28,106.140528,Kansas,USA
Darrell Armstrong,ORL,29,185.42,81.64656,Fayetteville State,USA
Darrick Martin,LAC,26,180.34,77.11064,UCLA,USA
Darrin Hancock,ATL,25,200.66,92.98636,Kansas,USA
Darvin Ham,IND,23,200.66,99.79024,Texas Tech,USA
David Robinson,SAS,31,215.9,106.59412,Navy,USA
David Vaughn,ORL,24,205.74,108.86208,Memphis,USA
David Wesley,BOS,26,185.42,89.811216,Baylor,USA
David Wingate,SEA,33,195.58,83.91452,Georgetown,USA
David Wood,MIL,32,205.74,104.32616,Nevada-Reno,USA
Dean Garrett,MIN,30,210.82,113.398,Indiana,USA
Dee Brown,BOS,28,187.96,87.089664,Jacksonville,USA
Dell Curry,CHH,33,195.58,92.98636,Virginia Tech,USA
Dell Demps,ORL,27,190.5,92.98636,Pacific,USA
Dennis Rodman,CHI,36,198.12,99.79024,Southeastern Oklahoma State,USA
Dennis Scott,ORL,28,203.2,106.59412,Georgia Tech,USA
Derek Fisher,LAL,22,185.42,90.7184,Arkansas-Little Rock,USA
Derek Harper,DAL,35,193.04,93.439952,Illinois,USA
Derek Strong,ORL,29,205.74,108.86208,Xavier,USA
Derrick Alston,ATL,24,210.82,102.0582,Duquesne,USA
Derrick McKey,IND,30,205.74,92.98636,Alabama,USA
Brett Szabo,BOS,29,210.82,104.32616,Augustana (SD),USA
Juwan Howard,WAS,24,205.74,113.398,Michigan,USA
Keith Askins,MIA,29,203.2,101.604608,Alabama,USA
Scott Burrell,GSW,26,200.66,102.511792,Connecticut,USA
Scott Williams,PHI,29,208.28,104.32616,North Carolina,USA
Scottie Pippen,CHI,31,200.66,103.418976,Central Arkansas,USA
Sean Elliott,SAS,29,203.2,99.79024,Arizona,USA
Sean Rooks,LAL,27,208.28,117.93392,Arizona,USA
Sedale Threatt,HOU,35,187.96,83.91452,West Virginia Tech,USA
Shandon Anderson,UTA,23,198.12,94.347136,Georgia,USA
Shane Heal,MIN,26,182.88,81.64656,None,USA
Shaquille O'Neal,LAL,25,215.9,136.0776,Louisiana State,USA
Scott Brooks,NYK,31,180.34,74.84268,California-Irvine,USA
Shareef Abdur-Rahim,VAN,20,205.74,104.32616,California,USA
Shawn Bradley,DAL,25,228.6,112.490816,Brigham Young,USA
Shawn Kemp,SEA,27,208.28,116.119552,Trinity Valley Community College,USA
Shawn Respert,TOR,25,187.96,83.91452,Michigan State,USA
Shawnelle Scott,CLE,25,210.82,113.398,St. John's (NY),USA
Sherman Douglas,MIL,30,185.42,88.45044,Syracuse,USA
Stacey Augmon,POR,28,203.2,92.98636,Nevada-Las Vegas,USA
Stacey King,DAL,30,210.82,113.398,Oklahoma,USA
Stanley Roberts,LAC,27,213.36,131.54168,Louisiana State,USA
Stephen Howard,UTA,26,205.74,111.13004,DePaul,USA
Sharone Wright,TOR,24,210.82,117.93392,Clemson,USA
Sasha Danilovic,DAL,27,198.12,90.7184,None,USA
Sarunas Marciulionis,DEN,33,195.58,90.7184,None,USA
Samaki Walker,DAL,21,205.74,108.86208,Louisville,USA
Rex Walters,PHI,27,193.04,86.18248,Kansas,USA
Richard Manning,LAC,27,210.82,111.13004,Washington,USA
Rick Fox,BOS,27,200.66,112.944408,North Carolina,Canada
Rick Mahorn,DET,38,208.28,117.93392,Hampton,USA
Ricky Pierce,CHH,37,193.04,97.52228,Rice,USA
Rik Smits,IND,30,223.52,120.20188,Marist,USA
Robert Horry,LAL,26,208.28,99.79024,Alabama,USA
Robert Pack,DAL,28,187.96,86.18248,Southern California,USA
Robert Parish,CHI,43,215.9,110.676448,Centenary (LA),USA
Robert Werdann,NJN,26,210.82,113.398,St. John's (NY),USA
Rod Strickland,WAS,30,190.5,83.91452,DePaul,USA
Rodney Rogers,LAC,26,200.66,115.66596,Wake Forest,USA
Ron Harper,CHI,33,198.12,97.975872,Miami (OH),USA
Rony Seikaly,ORL,32,210.82,114.758776,Syracuse,USA
Roy Rogers,VAN,23,208.28,106.59412,Alabama,USA
Ruben Nembhard,POR,25,190.5,94.347136,Weber State,USA
Rumeal Robinson,POR,30,187.96,88.45044,Michigan,USA
Sam Cassell,NJN,27,190.5,83.91452,Florida State,USA
Sam Mack,HOU,27,200.66,99.79024,Houston,USA
Sam Mitchell,MIN,33,200.66,97.52228,Mercer,USA
Sam Perkins,SEA,36,205.74,115.66596,North Carolina,USA
Stephon Marbury,MIN,20,187.96,81.64656,Georgia Tech,USA
Rex Chapman,PHX,29,193.04,88.45044,Kentucky,USA
Steve Hamer,BOS,23,213.36,111.13004,Tennessee,USA
Steve Nash,PHX,23,190.5,88.45044,Santa Clara,Canada
Willie Anderson,MIA,30,203.2,90.7184,Georgia,USA
Will Perdue,SAS,31,213.36,108.86208,Vanderbilt,USA
Wesley Person,PHX,26,198.12,88.45044,Auburn,USA
Wayman Tisdale,PHX,33,205.74,117.93392,Oklahoma,USA
Walter McCarty,NYK,23,208.28,104.32616,Kentucky,USA
Walt Williams,TOR,27,203.2,104.32616,Maryland,USA
Voshon Lenard,MIA,24,193.04,92.98636,Minnesota,USA
Vlade Divac,CHH,29,215.9,117.93392,None,Serbia and Montenegro
Vitaly Potapenko,CLE,22,208.28,127.00576,Wright State,Ukraine
Willie Burton,ATL,29,203.2,95.25432,Minnesota,USA
Vinny Del Negro,SAS,30,193.04,90.7184,North Carolina State,USA
Vin Baker,MIL,25,210.82,111.13004,Hartford,USA
Vernon Maxwell,SAS,31,193.04,86.18248,Florida,USA
Tyus Edney,SAC,24,177.8,68.945984,UCLA,USA
Tyrone Hill,CLE,29,205.74,111.13004,Xavier,USA
Tyrone Corbin,ATL,34,198.12,102.0582,DePaul,USA
Travis Knight,LAL,22,213.36,106.59412,Connecticut,USA
Travis Best,IND,24,180.34,82.553744,Georgia Tech,USA
Tracy Murray,WAS,25,200.66,103.418976,UCLA,USA
Tracy Moore,HOU,31,193.04,90.7184,Tulsa,USA
Vincent Askew,DEN,31,198.12,106.59412,Memphis,USA
Xavier McDaniel,NJN,34,200.66,98.883056,Wichita State,USA
Yinka Dare,NJN,24,213.36,120.20188,George Washington,USA
Zan Tabak,TOR,27,213.36,111.13004,None,USA
Steve Scheffler,SEA,29,205.74,113.398,Purdue,USA
Steven Smith,ATL,28,203.2,97.52228,Michigan State,USA
Stevin Smith,DAL,25,187.96,94.347136,Arizona State,USA
Stojko Vrankovic,MIN,33,218.44,117.93392,None,USA
Terrell Brandon,CLE,27,180.34,81.64656,Oregon,USA
Terry Cummings,SEA,36,205.74,113.398,DePaul,USA
Terry Dehere,LAC,25,193.04,86.18248,Seton Hall,USA
Terry Mills,DET,29,208.28,113.398,Michigan,USA
Terry Porter,MIN,34,190.5,88.45044,Wisconsin-Stevens Point,USA
Theo Ratliff,DET,24,208.28,102.0582,Wyoming,USA
Tim Hardaway,MIA,30,182.88,88.45044,Texas-El Paso,USA
Tim Kempton,SAS,33,208.28,111.13004,Notre Dame,USA
Tim Legler,WAS,30,193.04,90.7184,La Salle,USA
Todd Day,BOS,27,198.12,85.275296,Arkansas,USA
Todd Fuller,GSW,22,210.82,115.66596,North Carolina State,USA
Tom Chambers,CHH,38,208.28,99.79024,Utah,USA
Tom Gugliotta,MIN,27,208.28,108.86208,North Carolina State,USA
Tom Hammonds,DEN,30,205.74,102.0582,Georgia Tech,USA
Toni Kukoc,CHI,28,210.82,105.233344,None,Croatia
Tony Delk,CHH,23,187.96,85.728888,Kentucky,USA
Tony Dumas,PHX,24,198.12,86.18248,Missouri-Kansas City,USA
Steve Kerr,CHI,31,190.5,81.64656,Arizona,USA
Reggie Williams,NJN,33,201,86,Georgetown,USA
Reggie Slater,TOR,26,200.66,97.52228,Wyoming,USA
Reggie Miller,IND,31,200.66,83.91452,UCLA,USA
Lindsey Hunter,DET,26,187.96,88.45044,Jackson State,USA
Lionel Simmons,SAC,28,200.66,95.25432,La Salle,USA
Litterial Green,DET,27,185.42,83.91452,Georgia,USA
Tony Smith,CHH,29,193.04,92.98636,Marquette,USA
Loren Meyer,PHX,24,208.28,117.93392,Iowa State,USA
Lorenzen Wright,LAC,21,210.82,108.86208,Memphis,USA
Lorenzo Williams,WAS,27,205.74,104.32616,Stetson,USA
Lou Roe,GSW,24,200.66,99.79024,Massachusetts,USA
Loy Vaught,LAC,29,205.74,108.86208,Michigan,USA
Lee Mayberry,VAN,27,185.42,81.64656,Arkansas,USA
Luc Longley,CHI,28,218.44,132.448864,New Mexico,USA
Mahmoud Abdul-Rauf,SAC,28,185.42,73.481904,Louisiana State,USA
Malik Rose,CHH,22,200.66,113.398,Drexel,USA
Malik Sealy,LAC,27,203.2,90.7184,St. John's (NY),USA
Marcus Brown,POR,23,190.5,83.91452,Murray State,USA
Marcus Camby,TOR,23,210.82,99.79024,Massachusetts,USA
Mario Elie,HOU,33,195.58,95.25432,American International,USA
Mark Bradtke,PHI,28,208.28,120.20188,None,USA
Mark Bryant,PHX,32,205.74,111.13004,Seton Hall,USA
Mark Davis,PHI,24,200.66,95.25432,Texas Tech,USA
Lucious Harris,PHI,26,195.58,92.98636,Long Beach State,USA
Lawrence Moten,VAN,25,195.58,86.18248,Syracuse,USA
Latrell Sprewell,GSW,26,195.58,86.18248,Alabama,USA
Larry Stewart,SEA,28,203.2,104.32616,Coppin State,USA
Keith Tower,MIL,27,210.82,113.398,Notre Dame,USA
Ken Norman,ATL,32,203.2,97.52228,Illinois,USA
Kendall Gill,NJN,29,195.58,97.975872,Illinois,USA
Kenny Anderson,POR,26,185.42,76.203456,Georgia Tech,USA
Kenny Smith,DEN,32,190.5,77.11064,North Carolina,USA
Kerry Kittles,NJN,23,195.58,81.192968,Villanova,USA
Kevin Duckworth,LAC,33,213.36,136.0776,Eastern Illinois,USA
Kevin Edwards,NJN,31,190.5,95.25432,DePaul,USA
Kevin Gamble,SAC,31,195.58,95.25432,Iowa,USA
Kevin Garnett,MIN,21,210.82,99.79024,None,USA
Kevin Johnson,PHX,31,185.42,86.18248,California,USA
Kevin Salvadori,SAC,26,213.36,104.779752,North Carolina,USA
Kevin Willis,HOU,34,213.36,111.13004,Michigan State,USA
Khalid Reeves,DAL,24,190.5,91.171992,Arizona,USA
Kobe Bryant,LAL,18,200.66,90.7184,None,USA
Kurt Thomas,MIA,24,205.74,106.59412,Texas Christian,USA
LaPhonso Ellis,DEN,27,203.2,108.86208,Notre Dame,USA
LaSalle Thompson,IND,36,208.28,111.13004,Texas,USA
Lamond Murray,LAC,24,200.66,107.047712,California,USA
Larry Johnson,NYK,28,200.66,119.294696,Nevada-Las Vegas,USA
Larry Krystkowiak,LAL,32,205.74,99.79024,Montana,USA
Mark Hendrickson,PHI,23,205.74,99.79024,Washington State,USA
Mark Jackson,IND,32,190.5,83.91452,St. John's (NY),USA
Mark Price,GSW,33,182.88,81.64656,Georgia Tech,USA
Mark Strickland,MIA,26,208.28,99.79024,Temple,USA
Nick Anderson,ORL,29,198.12,103.418976,Illinois,USA
Nick Van Exel,LAL,25,185.42,83.007336,Cincinnati,USA
Olden Polynice,SAC,32,213.36,113.398,Virginia,USA
Oliver Miller,TOR,27,205.74,140.61352,Arkansas,USA
Othella Harrington,HOU,23,205.74,106.59412,Georgetown,USA
Otis Thorpe,DET,34,208.28,111.583632,Providence,USA
P.J. Brown,MIA,27,210.82,108.86208,Louisiana Tech,USA
Patrick Ewing,NYK,34,213.36,108.86208,Georgetown,Jamaica
Pervis Ellison,BOS,30,205.74,95.25432,Louisville,USA
Pete Chilcutt,VAN,28,208.28,108.86208,North Carolina,USA
Pooh Richardson,LAC,31,185.42,81.64656,UCLA,USA
Popeye Jones,TOR,27,203.2,113.398,Murray State,USA
Priest Lauderdale,ATL,23,223.52,155.582056,Central State (OH),USA
Rafael Addison,CHH,32,203.2,109.315672,Syracuse,USA
Randolph Childress,DET,24,187.96,85.275296,Wake Forest,USA
Randy Brown,CHI,29,187.96,86.18248,New Mexico State,USA
Rasheed Wallace,POR,22,210.82,102.0582,North Carolina,USA
Ray Allen,MIL,21,195.58,92.98636,Connecticut,USA
Ray Owes,GSW,24,205.74,101.604608,Arizona,USA
Reggie Geary,CLE,23,187.96,84.821704,Arizona,USA
Reggie Jordan,MIN,29,193.04,88.45044,New Mexico State,USA
Nate McMillan,SEA,32,195.58,90.7184,North Carolina State,USA
Karl Malone,UTA,33,205.74,116.119552,Louisiana Tech,USA
Nate Driggers,BOS,23,195.58,97.52228,Montevallo,USA
Mookie Blaylock,ATL,30,185.42,83.91452,Oklahoma,USA
Mark West,CLE,36,208.28,111.583632,Old Dominion,USA
Martin Lewis,TOR,22,198.12,102.0582,Seward County Community College,USA
Martin Muursepp,DAL,22,205.74,106.59412,None,USA
Marty Conlon,BOS,29,210.82,111.13004,Providence,USA
Matt Bullard,HOU,30,208.28,106.59412,Iowa,USA
Matt Fish,MIA,27,210.82,106.59412,North Carolina-Wilmington,USA
Matt Geiger,CHH,27,215.9,111.13004,Georgia Tech,USA
Matt Maloney,HOU,25,190.5,90.7184,Pennsylvania,USA
Matt Steigenga,CHI,27,200.66,102.0582,Michigan State,USA
Melvin Booker,GSW,24,187.96,83.91452,Missouri,USA
Michael Cage,PHI,35,205.74,112.490816,San Diego State,USA
Michael Curry,DET,28,195.58,95.25432,Georgia Southern,USA
Michael Finley,DAL,24,200.66,97.52228,Wisconsin,USA
Michael Hawkins,BOS,24,182.88,80.739376,Xavier,USA
Michael Jordan,CHI,34,198.12,97.975872,North Carolina,USA
Michael Smith,SAC,25,203.2,104.32616,Providence,USA
Mike Brown,PHX,33,208.28,117.93392,George Washington,USA
Mitch Richmond,SAC,32,195.58,97.52228,Kansas State,USA
Mitchell Butler,POR,26,195.58,95.25432,UCLA,USA
Monty Williams,SAS,25,203.2,102.0582,Notre Dame,USA
Moochie Norris,VAN,23,187.96,85.275296,West Florida,USA
Muggsy Bogues,CHH,32,160.02,63.956472,Wake Forest,USA
Brent Scott,IND,26,208.28,113.398,Rice,USA
Lloyd Daniels,NJN,29,200.66,92.98636,Mt. San Antonio,USA
Tony Massenburg,NJN,29,205.74,113.398,Maryland,USA
Antonio McDyess,DEN,22,205.74,99.79024,Alabama,USA
Armen Gilliam,MIL,33,205.74,117.93392,Nevada-Las Vegas,USA
Arvydas Sabonis,POR,32,220.98,132.448864,None,Lithuania
Ashraf Amaya,WAS,25,203.2,104.32616,Southern Illinois,USA
Avery Johnson,SAS,32,180.34,81.64656,Southern,USA
B.J. Armstrong,GSW,29,187.96,79.3786,Iowa,USA
Ben Davis,PHX,24,205.74,108.86208,Arizona,USA
Ben Wallace,WAS,22,205.74,108.86208,Virginia Union,USA
Benoit Benjamin,TOR,32,213.36,113.398,Creighton,USA
Antonio Lang,CLE,25,203.2,104.32616,Duke,USA
Bill Wennington,CHI,34,213.36,111.13004,St. John's (NY),USA
Bimbo Coles,GSW,29,187.96,82.553744,Virginia Tech,USA
Bison Dele,CHI,28,210.82,117.93392,Arizona,USA
Blue Edwards,VAN,31,193.04,103.418976,East Carolina,USA
Bo Outlaw,LAC,26,203.2,95.25432,Houston,USA
Bob Sura,CLE,24,195.58,90.7184,Florida State,USA
Bobby Hurley,SAC,26,182.88,74.84268,Duke,USA
Bobby Phills,CLE,27,195.58,99.79024,Southern,USA
Brad Lohaus,TOR,32,210.82,104.32616,Iowa,USA
Brent Price,HOU,28,185.42,83.91452,Oklahoma,USA
Billy Owens,SAC,28,205.74,102.0582,Syracuse,USA
Antonio Harvey,SEA,26,210.82,102.0582,Pfeiffer,USA
Brent Barry,LAC,25,198.12,88.45044,Oregon State,USA
Antoine Walker,BOS,20,205.74,101.604608,Kentucky,USA
A.C. Green,DAL,33,205.74,102.0582,Oregon State,USA
Aaron McKie,DET,24,195.58,94.800728,Temple,USA
Aaron Williams,VAN,25,205.74,102.0582,Xavier,USA
Acie Earl,MIL,27,210.82,108.86208,Iowa,USA
Adam Keefe,UTA,27,205.74,109.315672,Stanford,USA
Adrian Caldwell,PHI,30,203.2,120.20188,Lamar,USA
Antonio Davis,IND,28,205.74,104.32616,Texas-El Paso,USA
Aleksandar Djordjevic,POR,29,187.96,89.811216,None,USA
Allan Houston,NYK,26,198.12,90.7184,Tennessee,USA
Allen Iverson,PHI,22,182.88,74.84268,Georgetown,USA
Alan Henderson,ATL,24,205.74,106.59412,Indiana,USA
Alton Lister,BOS,38,213.36,111.13004,Arizona State,USA
Antoine Carr,UTA,35,205.74,115.66596,Wichita State,USA
Alonzo Mourning,MIA,27,208.28,118.387512,Georgetown,USA
Anthony Miller,ATL,25,205.74,115.66596,Michigan State,USA
Anthony Mason,CHH,30,203.2,113.398,Tennessee State,USA
Anthony Goldwire,DEN,25,187.96,82.553744,Houston,USA
Anthony Peeler,VAN,27,193.04,94.347136,Missouri,USA
Andrew Lang,MIL,31,210.82,124.7378,Arkansas,USA
Andrew DeClercq,GSW,24,208.28,104.32616,Florida,USA
Amal McCaskill,ORL,23,210.82,106.59412,Marquette,USA
Anfernee Hardaway,ORL,25,200.66,97.52228,Memphis,USA
Nick Van Exel,LAL,26,185.42,86.18248,Cincinnati,USA
Nick Anderson,ORL,30,198.12,103.418976,Illinois,USA
Nate McMillan,SEA,33,195.58,95.25432,North Carolina State,USA
Muggsy Bogues,GSW,33,160.02,63.956472,Wake Forest,USA
Mookie Blaylock,ATL,31,185.42,83.91452,Oklahoma,USA
Monty Williams,SAS,26,203.2,102.0582,Notre Dame,USA
Mitchell Butler,CLE,27,195.58,95.25432,UCLA,USA
Mitch Richmond,SAC,33,195.58,97.52228,Kansas State,USA
Micheal Williams,MIN,31,187.96,79.3786,Baylor,USA
Matt Geiger,CHH,28,215.9,111.13004,Georgia Tech,USA
Michael Smith,VAN,26,203.2,104.32616,Providence,USA
Michael McDonald,CHH,29,208.28,105.233344,New Orleans,USA
Michael Jordan,CHI,35,198.12,97.975872,North Carolina,USA
Michael Finley,DAL,25,200.66,97.52228,Wisconsin,USA
Michael Curry,MIL,29,195.58,102.965384,Georgia Southern,USA
Michael Cage,NJN,36,205.74,112.490816,San Diego State,USA
Maurice Taylor,LAC,21,205.74,117.93392,Michigan,USA
Matt Maloney,HOU,26,190.5,90.7184,Pennsylvania,USA
Olden Polynice,SAC,33,213.36,113.398,Virginia,USA
Matt Bullard,HOU,31,208.28,106.59412,Iowa,USA
Michael Stewart,SAC,23,208.28,104.32616,California,USA
Oliver Miller,TOR,28,205.74,147.4174,Arkansas,USA
Randy Livingston,ATL,23,193.04,95.25432,Louisiana State,USA
Otis Thorpe,SAC,35,208.28,111.583632,Providence,USA
Rick Fox,LAL,28,200.66,109.769264,North Carolina,Canada
Marty Conlon,MIA,30,210.82,111.13004,Providence,USA
Rick Brunson,POR,26,193.04,88.45044,Temple,USA
Rex Walters,MIA,28,193.04,86.18248,Kansas,USA
Rex Chapman,PHX,30,193.04,88.45044,Kentucky,USA
Reggie Slater,TOR,27,200.66,115.66596,Wyoming,USA
Reggie Miller,IND,32,200.66,83.91452,UCLA,USA
Reggie Jordan,MIN,30,193.04,88.45044,New Mexico State,USA
Reggie Hanson,BOS,29,203.2,88.45044,Kentucky,USA
Reggie Geary,SAS,24,187.96,84.821704,Arizona,USA
Ray Allen,MIL,22,195.58,92.98636,Connecticut,USA
Rasheed Wallace,POR,23,210.82,102.0582,North Carolina,USA
Randy Brown,CHI,30,187.96,86.636072,New Mexico State,USA
Priest Lauderdale,DEN,24,223.52,147.4174,Central State (OH),USA
Popeye Jones,TOR,28,203.2,120.20188,Murray State,USA
Pooh Richardson,LAC,32,185.42,81.64656,UCLA,USA
Pete Myers,NYK,34,198.12,81.64656,Arkansas-Little Rock,USA
Pete Chilcutt,VAN,29,208.28,108.86208,North Carolina,USA
Pervis Ellison,BOS,31,205.74,95.25432,Louisville,USA
Patrick Ewing,NYK,35,213.36,115.66596,Georgetown,Jamaica
P.J. Brown,MIA,28,210.82,108.86208,Louisiana Tech,USA
Othella Harrington,HOU,24,205.74,106.59412,Georgetown,USA
Martin Muursepp,DAL,23,205.74,106.59412,None,USA
Lee Mayberry,VAN,28,185.42,81.64656,Arkansas,USA
Mark West,IND,37,208.28,111.583632,Old Dominion,USA
Latrell Sprewell,GSW,27,195.58,86.18248,Alabama,USA
Larry Robinson,VAN,30,190.5,81.64656,Centenary (LA),USA
Larry Johnson,NYK,29,200.66,119.294696,Nevada-Las Vegas,USA
Lamond Murray,LAC,25,200.66,107.047712,California,USA
LaPhonso Ellis,DEN,28,203.2,108.86208,Notre Dame,USA
Kurt Thomas,DAL,25,205.74,104.32616,Texas Christian,USA
Kobe Bryant,LAL,19,200.66,95.25432,None,USA
Kiwane Garris,DEN,23,187.96,83.007336,Illinois,USA
Khalid Reeves,DAL,25,190.5,91.171992,Arizona,USA
Kevin Willis,HOU,35,213.36,111.13004,Michigan State,USA
Kevin Salvadori,SAC,27,213.36,104.779752,North Carolina,USA
Kevin Ollie,ORL,25,193.04,88.45044,Connecticut,USA
Kevin Johnson,PHX,32,185.42,86.18248,California,USA
Kevin Garnett,MIN,22,210.82,99.79024,None,USA
Kevin Edwards,ORL,32,190.5,86.18248,DePaul,USA
Kerry Kittles,NJN,24,195.58,81.192968,Villanova,USA
Kenny Anderson,BOS,27,185.42,76.203456,Georgia Tech,USA
Kendall Gill,NJN,30,195.58,97.975872,Illinois,USA
Kelvin Cato,POR,23,210.82,115.66596,Iowa State,USA
Keith Van Horn,NJN,22,208.28,99.79024,Utah,USA
Keith Closs,LAC,22,220.98,96.161504,Central Connecticut State,USA
Lawrence Funderburke,SAC,27,205.74,104.32616,Ohio State,USA
Marko Milic,PHX,21,198.12,106.59412,None,Slovenia
Lawrence Moten,WAS,26,195.58,83.91452,Syracuse,USA
Rick Mahorn,DET,39,208.28,117.93392,Hampton,USA
Mark Strickland,MIA,27,208.28,99.79024,Temple,USA
Mark Price,ORL,34,182.88,81.64656,Georgia Tech,USA
Mark Pope,IND,25,208.28,106.59412,Kentucky,USA
Mark Jackson,IND,33,190.5,83.91452,St. John's (NY),USA
Mark Hendrickson,SAC,24,205.74,99.79024,Washington State,USA
Mark Davis,PHI,25,200.66,95.25432,Texas Tech,USA
Mark Bryant,PHX,33,205.74,111.13004,Seton Hall,USA
Mario Elie,HOU,34,195.58,95.25432,American International,USA
Mario Bennett,LAL,24,205.74,106.59412,Arizona State,USA
Marcus Camby,TOR,24,210.82,99.79024,Massachusetts,USA
Malik Sealy,DET,28,203.2,90.7184,St. John's (NY),USA
Malik Rose,SAS,23,200.66,113.398,Drexel,USA
Mahmoud Abdul-Rauf,SAC,29,185.42,73.481904,Louisiana State,USA
Lucious Harris,NJN,27,195.58,92.98636,Long Beach State,USA
Luc Longley,CHI,29,218.44,132.448864,New Mexico,USA
Loy Vaught,LAC,30,205.74,104.32616,Michigan,USA
Lorenzo Williams,WAS,28,205.74,90.7184,Stetson,USA
Lorenzen Wright,LAC,22,210.82,108.86208,Memphis,USA
Lloyd Daniels,TOR,30,200.66,92.98636,Mt. San Antonio,USA
Litterial Green,MIL,28,185.42,88.45044,Georgia,USA
Lindsey Hunter,DET,27,187.96,88.45044,Jackson State,USA
Ledell Eackles,WAS,31,195.58,104.779752,New Orleans,USA
Ricky Pierce,MIL,38,193.04,97.52228,Rice,USA
Sean Higgins,POR,29,205.74,92.98636,Michigan,USA
Robert Horry,LAL,27,208.28,99.79024,Alabama,USA
Tracy Murray,WAS,26,200.66,103.418976,UCLA,USA
Tracy McGrady,TOR,19,203.2,95.25432,None,USA
Tony Smith,MIL,30,190.5,83.91452,Marquette,USA
Tony Massenburg,VAN,30,205.74,113.398,Maryland,USA
Tony Farmer,CHH,28,205.74,111.13004,Nebraska,USA
Tony Dumas,CLE,25,198.12,86.18248,Missouri-Kansas City,USA
Tony Delk,GSW,24,187.96,87.089664,Kentucky,USA
Tony Battie,DEN,22,210.82,108.86208,Texas Tech,USA
Toni Kukoc,CHI,29,210.82,105.233344,None,Croatia
Travis Best,IND,25,180.34,82.553744,Georgia Tech,USA
Tom Hammonds,MIN,31,205.74,102.0582,Georgia Tech,USA
Tom Chambers,PHI,39,208.28,99.79024,Utah,USA
Todd Fuller,GSW,23,210.82,115.66596,North Carolina State,USA
Todd Day,MIA,28,198.12,85.275296,Arkansas,USA
Tim Thomas,PHI,21,208.28,104.32616,Villanova,USA
Tim Legler,WAS,31,193.04,90.7184,La Salle,USA
Tim Kempton,TOR,34,208.28,111.13004,Notre Dame,USA
Tim Hardaway,MIA,31,182.88,88.45044,Texas-El Paso,USA
Tim Duncan,SAS,22,213.36,112.490816,Wake Forest,US Virgin Islands
Tim Breaux,MIL,27,200.66,97.52228,Wyoming,USA
Tom Gugliotta,MIN,28,208.28,108.86208,North Carolina State,USA
Travis Knight,BOS,23,213.36,106.59412,Connecticut,USA
Travis Williams,CHH,29,200.66,113.398,South Carolina State,USA
Troy Hudson,UTA,22,185.42,80.739376,Southern Illinois,USA
Chuck Person,SAS,34,203.2,106.59412,Auburn,USA
Zydrunas Ilgauskas,CLE,23,220.98,117.93392,None,Lithuania
Zan Tabak,BOS,28,213.36,111.13004,None,USA
Yinka Dare,NJN,25,213.36,120.20188,George Washington,USA
Xavier McDaniel,NJN,35,200.66,92.98636,Wichita State,USA
Willie Burton,SAS,30,203.2,95.25432,Minnesota,USA
William Cunningham,PHI,24,210.82,113.398,Temple,USA
Will Perdue,SAS,32,213.36,108.86208,Vanderbilt,USA
Wesley Person,CLE,27,198.12,88.45044,Auburn,USA
Walter McCarty,BOS,24,208.28,104.32616,Kentucky,USA
Walt Williams,POR,28,203.2,104.32616,Maryland,USA
Voshon Lenard,MIA,25,193.04,92.98636,Minnesota,USA
Vlade Divac,CHH,30,215.9,117.93392,None,Serbia and Montenegro
Vitaly Potapenko,CLE,23,208.28,127.00576,Wright State,Ukraine
Vinny Del Negro,SAS,31,193.04,90.7184,North Carolina State,USA
Vincent Askew,POR,32,198.12,95.25432,Memphis,USA
Vin Baker,SEA,26,210.82,113.398,Hartford,USA
Vernon Maxwell,CHH,32,193.04,81.64656,Florida,USA
Tyus Edney,BOS,25,177.8,68.945984,UCLA,USA
Tyrone Hill,MIL,30,205.74,113.398,Xavier,USA
Tyrone Corbin,ATL,35,198.12,102.0582,DePaul,USA
Theo Ratliff,PHI,25,208.28,102.0582,Wyoming,USA
Terry Porter,MIN,35,190.5,88.45044,Wisconsin-Stevens Point,USA
Terry Mills,MIA,30,208.28,113.398,Michigan,USA
Terry Dehere,SAC,26,193.04,86.18248,Seton Hall,USA
Keith Booth,CHI,23,198.12,102.511792,Maryland,USA
Sean Elliott,SAS,30,203.2,92.98636,Arizona,USA
Scottie Pippen,CHI,32,200.66,103.418976,Central Arkansas,USA
Scott Williams,PHI,30,208.28,104.32616,North Carolina,USA
Scott Burrell,CHI,27,200.66,98.883056,Connecticut,USA
Scott Brooks,CLE,32,180.34,74.84268,California-Irvine,USA
Scot Pollard,DET,23,210.82,120.20188,Kansas,USA
Samaki Walker,DAL,22,205.74,108.86208,Louisville,USA
Sam Perkins,SEA,37,205.74,117.93392,North Carolina,USA
Sam Mitchell,MIN,34,200.66,97.52228,Mercer,USA
Sam Mack,VAN,28,200.66,99.79024,Houston,USA
Sam Cassell,NJN,28,190.5,83.91452,Florida State,USA
Rusty LaRue,CHI,24,190.5,83.91452,Wake Forest,USA
Roy Rogers,TOR,24,208.28,106.59412,Alabama,USA
Rony Seikaly,NJN,33,210.82,114.758776,Syracuse,USA
Ron Mercer,BOS,22,200.66,95.25432,Kentucky,USA
Ron Harper,CHI,34,198.12,97.975872,Miami (OH),USA
Rodrick Rhodes,HOU,24,198.12,102.0582,Southern California,USA
Rodney Rogers,LAC,27,200.66,115.66596,Wake Forest,USA
Rod Strickland,WAS,31,190.5,83.91452,DePaul,USA
Robert Pack,DAL,29,187.96,86.18248,Southern California,USA
Sean Rooks,LAL,28,208.28,117.93392,Arizona,USA
Rik Smits,IND,31,223.52,120.20188,Marist,USA
Shandon Anderson,UTA,24,198.12,95.25432,Georgia,USA
Shareef Abdur-Rahim,VAN,21,205.74,104.32616,California,USA
Terry Davis,WAS,31,208.28,113.398,Virginia Union,USA
Terry Cummings,NYK,37,205.74,113.398,DePaul,USA
Terrell Brandon,MIL,28,180.34,78.471416,Oregon,USA
Tariq Abdul-Wahad,SAC,23,198.12,101.151016,San Jose State,France
Stojko Vrankovic,LAC,34,218.44,117.93392,None,USA
Steven Smith,ATL,29,203.2,100.243832,Michigan State,USA
Steve Nash,PHX,24,190.5,88.45044,Santa Clara,Canada
Steve Kerr,CHI,32,190.5,82.100152,Arizona,USA
Steve Henson,DET,30,185.42,81.64656,Kansas State,USA
Stephon Marbury,MIN,21,187.96,81.64656,Georgia Tech,USA
Stephen Howard,SEA,27,205.74,102.0582,DePaul,USA
Stanley Roberts,MIN,28,213.36,131.54168,Louisiana State,USA
Stacey Augmon,POR,29,203.2,92.98636,Nevada-Las Vegas,USA
Spud Webb,ORL,34,167.64,60.327736,North Carolina State,USA
Sherman Douglas,NJN,31,185.42,88.45044,Syracuse,USA
Shea Seals,LAL,22,195.58,95.25432,Tulsa,USA
Shawnelle Scott,CLE,26,210.82,113.398,St. John's (NY),USA
Shawn Respert,DAL,26,187.96,88.45044,Michigan State,USA
Shawn Kemp,CLE,28,208.28,116.119552,Trinity Valley Community College,USA
Shawn Bradley,DAL,26,228.6,112.490816,Brigham Young,USA
Sharone Wright,TOR,25,210.82,117.93392,Clemson,USA
Shaquille O'Neal,LAL,26,215.9,142.88148,Louisiana State,USA
Keith Askins,MIA,30,203.2,101.604608,Alabama,USA
Christian Laettner,ATL,28,210.82,111.13004,Duke,USA
Karl Malone,UTA,34,205.74,116.119552,Louisiana Tech,USA
Adam Keefe,UTA,28,205.74,104.32616,Stanford,USA
Adonal Foyle,GSW,23,208.28,113.398,Colgate,St. Vincent & Grenadines
Adrian Caldwell,DAL,31,203.2,120.20188,Lamar,USA
Alan Henderson,ATL,25,205.74,106.59412,Indiana,USA
Allan Houston,NYK,27,198.12,90.7184,Tennessee,USA
Allen Iverson,PHI,23,182.88,74.84268,Georgetown,USA
Alonzo Mourning,MIA,28,208.28,118.387512,Georgetown,USA
Alton Lister,POR,39,213.36,111.13004,Arizona State,USA
Alvin Williams,TOR,23,195.58,83.91452,Villanova,USA
Andrew DeClercq,BOS,25,208.28,104.32616,Florida,USA
Andrew Lang,MIL,32,210.82,122.46984,Arkansas,USA
Anfernee Hardaway,ORL,26,200.66,97.52228,Memphis,USA
Aaron Williams,SEA,26,205.74,102.0582,Xavier,USA
Anthony Bowie,NYK,34,198.12,90.7184,Oklahoma,USA
Anthony Johnson,SAC,23,190.5,86.18248,College of Charleston,USA
Anthony Mason,CHH,31,203.2,113.398,Tennessee State,USA
Anthony Miller,ATL,26,205.74,115.66596,Michigan State,USA
Anthony Parker,PHI,23,198.12,97.52228,Bradley,USA
Anthony Peeler,MIN,28,193.04,94.347136,Missouri,USA
Antoine Carr,UTA,36,205.74,122.46984,Wichita State,USA
Antoine Walker,BOS,21,205.74,111.13004,Kentucky,USA
Antonio Daniels,VAN,23,193.04,88.45044,Bowling Green,USA
Antonio Davis,IND,29,205.74,104.32616,Texas-El Paso,USA
Antonio Lang,MIA,26,203.2,92.98636,Duke,USA
Antonio McDyess,PHX,23,205.74,99.79024,Alabama,USA
Armen Gilliam,MIL,34,205.74,117.93392,Nevada-Las Vegas,USA
Anthony Goldwire,DEN,26,187.96,82.553744,Houston,USA
Aaron McKie,PHI,25,195.58,94.800728,Temple,USA
A.C. Green,DAL,34,205.74,102.0582,Oregon State,USA
Chucky Brown,ATL,30,203.2,97.52228,North Carolina State,USA
DeJuan Wheat,MIN,24,182.88,74.84268,Louisville,USA
David Wingate,SEA,34,195.58,83.91452,Georgetown,USA
David Wesley,CHH,27,185.42,91.625584,Baylor,USA
David Vaughn,NJN,25,205.74,108.86208,Memphis,USA
David Robinson,SAS,32,215.9,113.398,Navy,USA
David Benoit,ORL,30,203.2,99.79024,Alabama,USA
Darvin Ham,WAS,24,200.66,104.32616,Texas Tech,USA
Darrick Martin,LAC,27,180.34,77.11064,UCLA,USA
Darrell Armstrong,ORL,30,185.42,81.64656,Fayetteville State,USA
Danny Manning,PHX,32,208.28,106.140528,Kansas,USA
Danny Fortson,DEN,22,200.66,117.93392,Cincinnati,USA
Danny Ferry,CLE,31,208.28,106.59412,Duke,USA
Dana Barros,BOS,31,180.34,73.935496,Boston College,USA
Dan Schayes,ORL,39,210.82,117.93392,Syracuse,USA
Chris Whitney,WAS,26,182.88,77.11064,Clemson,USA
Dan Majerle,MIA,32,198.12,99.79024,Central Michigan,USA
Damon Stoudamire,POR,24,177.8,77.564232,Arizona,USA
Dale Ellis,SEA,37,200.66,97.52228,Tennessee,USA
Dale Davis,IND,29,210.82,104.32616,Clemson,USA
Cory Alexander,DEN,25,185.42,86.18248,Virginia,USA
Corliss Williamson,SAC,24,200.66,111.13004,Arkansas,USA
Corie Blount,LAL,29,208.28,109.769264,Cincinnati,USA
Corey Beck,CHH,27,190.5,90.7184,Arkansas,USA
Clyde Drexler,HOU,36,200.66,100.697424,Houston,USA
Clifford Rozier,MIN,25,210.82,111.13004,Louisville,USA
Clifford Robinson,PHX,31,208.28,102.0582,Connecticut,USA
Clar. Weatherspoon,GSW,27,200.66,108.86208,Southern Mississippi,USA
Arvydas Sabonis,POR,33,220.98,132.448864,None,Lithuania
Dean Garrett,DEN,31,210.82,113.398,Indiana,USA
Austin Croshere,IND,23,205.74,106.59412,Providence,USA
B.J. Armstrong,CHH,30,187.96,83.91452,Iowa,USA
Chauncey Billups,TOR,21,190.5,91.625584,Colorado,USA
Charlie Ward,NYK,27,187.96,86.18248,Florida State,USA
Charles Smith,LAC,22,193.04,87.996848,New Mexico,USA
Charles Oakley,NYK,34,205.74,111.13004,Virginia Union,USA
Charles O'Bannon,DET,23,195.58,94.800728,UCLA,USA
Charles Barkley,HOU,35,198.12,114.305184,Auburn,USA
Cedric Henderson,CLE,23,200.66,97.52228,Memphis,USA
Cedric Ceballos,DAL,28,200.66,99.79024,Cal State-Fullerton,USA
Carlos Rogers,POR,27,210.82,99.79024,Tennessee State,USA
Carl Thomas,CLE,28,193.04,88.45044,Eastern Michigan,USA
Carl Herrera,SAS,31,205.74,102.0582,Houston,USA
Calbert Cheaney,WAS,26,200.66,97.52228,Indiana,USA
Cherokee Parks,MIN,25,210.82,108.86208,Duke,USA
Buck Williams,NYK,38,203.2,102.0582,Maryland,USA
Bryon Russell,UTA,27,200.66,102.0582,Long Beach State,USA
Bryant Stith,DEN,27,195.58,94.347136,Virginia,USA
Bryant Reeves,VAN,25,213.36,124.7378,Oklahoma State,USA
Bruce Bowen,BOS,27,200.66,90.7184,Cal State-Fullerton,USA
Brooks Thompson,NYK,27,193.04,87.543256,Oklahoma State,USA
Brian Shaw,PHI,32,198.12,90.7184,California-Santa Barbara,USA
Brian Oliver,ATL,30,193.04,95.25432,Georgia Tech,USA
Brian Grant,POR,26,205.74,115.212368,Xavier,USA
Brian Evans,NJN,24,203.2,99.79024,Indiana,USA
Brevin Knight,CLE,22,177.8,78.471416,Stanford,USA
Brent Price,HOU,29,185.42,83.91452,Oklahoma,USA
Kebu Stewart,PHI,24,203.2,108.408488,Cal State-Bakersfield,USA
Bubba Wells,DAL,23,195.58,104.32616,Austin Peay,USA
Chris Anstey,DAL,23,213.36,112.944408,None,USA
Chris Carr,MIN,24,198.12,99.79024,Southern Illinois,USA
Chris Childs,NYK,30,190.5,88.45044,Boise State,USA
Ben Davis,NYK,25,205.74,108.86208,Arizona,USA
Ben Wallace,WAS,23,205.74,108.86208,Virginia Union,USA
Benoit Benjamin,PHI,33,213.36,120.20188,Creighton,USA
Bill Curley,MIN,26,205.74,111.13004,Boston College,USA
Bill Wennington,CHI,35,213.36,125.644984,St. John's (NY),USA
Billy Owens,SAC,29,205.74,102.0582,Syracuse,USA
Bimbo Coles,GSW,30,187.96,82.553744,Virginia Tech,USA
Bison Dele,DET,29,210.82,117.93392,Arizona,USA
Blue Edwards,VAN,32,193.04,103.872568,East Carolina,USA
Bo Outlaw,ORL,27,203.2,95.25432,Houston,USA
Bob McCann,TOR,34,198.12,110.676448,Morehead State,USA
Bob Sura,CLE,25,195.58,90.7184,Florida State,USA
Bobby Hurley,VAN,27,182.88,74.84268,Duke,USA
Bobby Jackson,DEN,25,185.42,83.91452,Minnesota,USA
Bobby Phills,CHH,28,195.58,102.511792,Southern,USA
Brad Lohaus,SAS,33,210.82,104.32616,Iowa,USA
Brandon Williams,GSW,23,198.12,97.52228,Davidson,USA
Brent Barry,MIA,26,198.12,88.45044,Oregon State,USA
Chris Webber,WAS,25,208.28,111.13004,Michigan,USA
Chris Robinson,SAC,24,195.58,90.7184,Western Kentucky,USA
Chris Mullin,IND,34,200.66,97.52228,St. John's (NY),USA
Chris Morris,UTA,32,203.2,103.418976,Auburn,USA
Chris Mills,NYK,28,200.66,97.975872,Arizona,USA
Chris Gatling,NJN,30,208.28,104.32616,Old Dominion,USA
Chris Garner,TOR,23,177.8,70.760352,Memphis,USA
Chris Dudley,NYK,33,210.82,108.86208,Yale,USA
Chris Crawford,ATL,23,205.74,106.59412,Marquette,USA
Avery Johnson,SAS,33,180.34,81.64656,Southern,USA
Dee Brown,TOR,29,187.96,83.91452,Jacksonville,USA
Charles Jones,HOU,41,205.74,97.52228,Albany State (GA),USA
Dennis Rodman,CHI,37,198.12,99.79024,Southeastern Oklahoma State,USA
Jamie Feick,MIL,23,203.2,115.66596,Michigan State,USA
James Robinson,LAC,27,187.96,81.64656,Alabama,USA
James Cotton,SEA,22,195.58,99.79024,Long Beach State,USA
James Collins,LAC,24,193.04,88.904032,Florida State,USA
Jamal Mashburn,MIA,25,203.2,113.398,Kentucky,USA
Jalen Rose,IND,25,203.2,95.25432,Michigan,USA
Jacque Vaughn,UTA,23,185.42,86.18248,Kansas,USA
Jack Haley,NJN,34,208.28,108.86208,UCLA,USA
J.R. Reid,CHH,30,208.28,112.037224,North Carolina,USA
Ivano Newbill,VAN,27,208.28,111.13004,Georgia Tech,USA
Isaiah Rider,POR,27,195.58,97.52228,Nevada-Las Vegas,USA
Ike Austin,LAC,28,208.28,122.46984,Arizona State,USA
Jaren Jackson,SAS,30,198.12,97.52228,Georgetown,USA
Hubert Davis,DAL,28,195.58,83.007336,North Carolina,USA
Hot Rod Williams,PHX,35,210.82,111.13004,Tulane,USA
Horacio Llamas,PHX,24,210.82,129.27372,Grand Canyon,USA
Horace Grant,ORL,32,208.28,111.13004,Clemson,USA
Hersey Hawkins,SEA,31,190.5,90.7184,Bradley,USA
Herb Williams,NYK,40,208.28,109.769264,Ohio State,USA
Henry James,CLE,32,203.2,99.79024,St. Mary's (TX),USA
Harvey Grant,WAS,32,205.74,102.0582,Oklahoma,USA
Harold Ellis,DEN,27,195.58,99.79024,Morehouse,USA
Hakeem Olajuwon,HOU,35,213.36,115.66596,Houston,Nigeria
Greg Ostertag,UTA,25,218.44,127.00576,Kansas,USA
Greg Minor,BOS,26,198.12,104.32616,Louisville,USA
Greg Graham,CLE,27,193.04,78.925008,Indiana,USA
Howard Eisley,UTA,25,187.96,81.64656,Boston College,USA
Jason Caffey,GSW,25,203.2,116.119552,Alabama,USA
Jason Kidd,PHX,25,193.04,96.161504,California,USA
Jason Lawson,ORL,23,210.82,108.86208,Villanova,USA
Juwan Howard,WAS,25,205.74,108.86208,Michigan,USA
Dell Curry,CHH,34,195.58,92.98636,Virginia Tech,USA
Jud Buechler,CHI,30,198.12,103.418976,Arizona,USA
Jon Barry,LAL,28,195.58,95.25432,Georgia Tech,USA
Johnny Taylor,ORL,24,205.74,99.79024,Tennessee-Chattanooga,USA
Johnny Newman,DEN,34,200.66,92.98636,Richmond,USA
John Wallace,TOR,24,205.74,102.0582,Syracuse,USA
John Thomas,TOR,22,205.74,120.20188,Minnesota,USA
John Stockton,UTA,36,185.42,79.3786,Gonzaga,USA
John Starks,NYK,32,195.58,83.91452,Oklahoma State,USA
John Crotty,POR,28,185.42,83.91452,Virginia,USA
Joe Wolf,DEN,33,210.82,104.32616,North Carolina,USA
Joe Smith,PHI,22,208.28,102.0582,Maryland,USA
Joe Kleine,CHI,36,210.82,115.66596,Arkansas,USA
Joe Dumars,DET,35,190.5,88.45044,McNeese State,USA
Jimmy Oliver,WAS,28,195.58,92.98636,Purdue,USA
Jim McIlvaine,SEA,25,215.9,119.748288,Marquette,USA
Jim Jackson,GSW,27,198.12,99.79024,Ohio State,USA
Jerry Stackhouse,DET,23,198.12,98.883056,North Carolina,USA
Jerome Williams,DET,25,205.74,93.439952,Georgetown,USA
Jerome Kersey,SEA,36,200.66,102.0582,Longwood,USA
Jermaine O'Neal,POR,19,210.82,102.511792,None,USA
Jerald Honeycutt,MIL,23,205.74,115.212368,Tulane,USA
Jeff Nordgaard,MIL,25,200.66,102.0582,Wisconsin-Green Bay,USA
Jeff Hornacek,UTA,35,193.04,86.18248,Iowa State,USA
Jeff Grayer,GSW,32,195.58,95.25432,Iowa State,USA
Jayson Williams,NJN,30,208.28,111.13004,St. John's (NY),USA
Greg Foster,UTA,29,210.82,113.398,Texas-El Paso,USA
Greg Anthony,SEA,30,185.42,81.64656,Nevada-Las Vegas,USA
Joe Stephens,HOU,25,200.66,95.25432,Arkansas-Little Rock,USA
Grant Long,DET,32,205.74,112.490816,Eastern Michigan,USA
Ed Stokes,TOR,26,213.36,119.748288,Arizona,USA
Ed Gray,ATL,22,190.5,95.25432,California,USA
Duane Ferrell,GSW,33,200.66,97.52228,Georgia Tech,USA
Duane Causwell,MIA,30,213.36,108.86208,Temple,USA
Drew Barry,ATL,25,195.58,86.636072,Georgia Tech,USA
Doug West,MIN,31,198.12,90.7184,Villanova,USA
Doug Overton,PHI,28,190.5,86.18248,La Salle,USA
Doug Christie,TOR,28,198.12,92.98636,Pepperdine,USA
Donyell Marshall,GSW,25,205.74,104.32616,Connecticut,USA
Dontonio Wingfield,POR,24,203.2,116.119552,Cincinnati,USA
Dontae' Jones,BOS,23,203.2,99.79024,Mississippi State,USA
Donald Whiteside,ATL,29,177.8,72.57472,Northern Illinois,USA
Eddie Johnson,HOU,39,200.66,97.52228,Illinois,USA
Donald Royal,CHH,32,203.2,98.883056,Notre Dame,USA
Don MacLean,NJN,28,208.28,106.59412,UCLA,USA
Dikembe Mutombo,ATL,32,218.44,118.387512,Georgetown,Congo
Dickey Simpkins,CHI,26,205.74,119.748288,Providence,USA
Detlef Schrempf,SEA,35,208.28,106.59412,Washington,USA
Derrick McKey,IND,31,208.28,102.0582,Alabama,USA
Derek Strong,ORL,30,205.74,108.86208,Xavier,USA
Derek Harper,ORL,36,193.04,93.439952,Illinois,USA
Derek Grimm,SAC,23,205.74,104.32616,Missouri,USA
Greg Anderson,ATL,34,208.28,113.398,Houston,USA
Derek Fisher,LAL,23,185.42,90.7184,Arkansas-Little Rock,USA
Derek Anderson,CLE,23,195.58,88.45044,Kentucky,USA
Dennis Scott,PHX,29,203.2,103.872568,Georgia Tech,USA
Don Reid,DET,24,203.2,113.398,Georgetown,USA
Eddie Jones,LAL,26,198.12,90.7184,Temple,USA
Derrick Coleman,PHI,31,208.28,117.93392,Syracuse,USA
Eldridge Recasner,ATL,30,193.04,86.18248,Washington,USA
Glenn Robinson,MIL,25,200.66,104.32616,Purdue,USA
Elden Campbell,LAL,29,213.36,115.66596,Clemson,USA
God Shammgod,WAS,22,182.88,76.657048,Providence,USA
Gerald Wilkins,ORL,34,198.12,102.0582,Tennessee-Chattanooga,USA
Gerald Madkins,GSW,29,193.04,90.7184,UCLA,USA
Glen Rice,CHH,31,203.2,99.79024,Michigan,USA
Grant Hill,DET,25,203.2,102.0582,Duke,USA
George McCloud,PHX,31,203.2,102.0582,Florida State,USA
George Lynch,VAN,27,203.2,103.418976,North Carolina,USA
Gary Trent,TOR,23,203.2,113.398,Ohio,USA
Gary Payton,SEA,29,193.04,81.64656,Oregon State,USA
Gary Grant,POR,33,190.5,83.91452,Michigan,USA
Fred Hoiberg,IND,25,193.04,92.079176,Iowa State,USA
Felton Spencer,GSW,30,213.36,120.20188,Louisville,USA
George Zidek,SEA,24,213.36,113.398,UCLA,USA
Ervin Johnson,MIL,30,210.82,111.13004,New Orleans,USA
Elliot Perry,MIL,29,182.88,68.945984,Memphis,USA
Etdrick Bohannon,IND,25,205.74,99.79024,Auburn-Montgomery,USA
Eric Montross,DET,26,213.36,122.46984,North Carolina,USA
Eric Piatkowski,LAC,27,200.66,97.52228,Nebraska,USA
Eric Riley,DAL,28,213.36,111.13004,Michigan,USA
Eric Murdock,MIA,30,185.42,90.7184,Providence,USA
Eric Washington,DEN,24,193.04,86.18248,Alabama,USA
Eric Williams,DEN,25,203.2,99.79024,Providence,USA
Erick Dampier,GSW,22,210.82,120.20188,Mississippi State,USA
Erick Strickland,DAL,24,190.5,95.25432,Nebraska,USA
Eric Snow,PHI,25,190.5,92.532768,Michigan State,USA
Emanual Davis,HOU,29,195.58,88.45044,Delaware State,USA
Derek Strong,ORL,31,205.74,108.86208,Xavier,USA
Dirk Nowitzki,DAL,21,213.36,107.501304,None,Germany
Derrick Coleman,CHH,32,208.28,117.93392,Syracuse,USA
Derrick McKey,IND,32,208.28,102.0582,Alabama,USA
Detlef Schrempf,SEA,36,208.28,106.59412,Washington,USA
Dickey Simpkins,CHI,27,205.74,119.748288,Providence,USA
Dikembe Mutombo,ATL,33,218.44,118.387512,Georgetown,Congo
Derek Harper,LAL,37,193.04,93.439952,Illinois,USA
Doug Overton,PHI,29,190.5,86.18248,La Salle,USA
Don MacLean,SEA,29,208.28,106.59412,UCLA,USA
Don Reid,DET,25,203.2,113.398,Georgetown,USA
Donyell Marshall,GSW,26,205.74,104.32616,Connecticut,USA
Doug Christie,TOR,29,198.12,92.98636,Pepperdine,USA
Doug West,VAN,32,198.12,90.7184,Villanova,USA
Drew Barry,SEA,26,195.58,86.636072,Georgia Tech,USA
Duane Causwell,MIA,31,213.36,115.66596,Temple,USA
Duane Ferrell,GSW,34,200.66,97.52228,Georgia Tech,USA
Earl Boykins,CLE,23,165.1,65.77084,Eastern Michigan,USA
Dwayne Schintzius,BOS,30,218.44,129.27372,Florida,USA
Dominique Wilkins,ORL,39,203.2,104.32616,Georgia,USA
Derek Fisher,LAL,24,185.42,90.7184,Arkansas-Little Rock,USA
Darrick Martin,LAC,28,180.34,77.11064,UCLA,USA
Dennis Scott,MIN,30,203.2,103.872568,Georgia Tech,USA
Cory Carr,CHI,23,193.04,95.25432,Texas Tech,USA
Cuttino Mobley,HOU,23,193.04,86.18248,Rhode Island,USA
Ed Gray,ATL,23,190.5,95.25432,California,USA
Dale Davis,IND,30,210.82,104.32616,Clemson,USA
Dale Ellis,SEA,38,200.66,92.98636,Tennessee,USA
Damon Jones,BOS,22,190.5,83.91452,Houston,USA
Damon Stoudamire,POR,25,177.8,77.564232,Arizona,USA
Dan Majerle,MIA,33,198.12,99.79024,Central Michigan,USA
Dan Schayes,ORL,40,210.82,117.93392,Syracuse,USA
Dana Barros,BOS,32,180.34,73.935496,Boston College,USA
Danny Ferry,CLE,32,208.28,106.59412,Duke,USA
Danny Fortson,DEN,23,200.66,117.93392,Cincinnati,USA
Danny Manning,PHX,33,208.28,110.676448,Kansas,USA
Darrell Armstrong,ORL,31,185.42,81.64656,Fayetteville State,USA
David Robinson,SAS,33,215.9,113.398,Navy,USA
David Vaughn,NJN,26,205.74,108.86208,Memphis,USA
David Wesley,CHH,28,185.42,91.625584,Baylor,USA
David Wingate,NYK,35,195.58,84.821704,Georgetown,USA
DeJuan Wheat,VAN,25,182.88,74.84268,Louisville,USA
Dean Garrett,MIN,32,210.82,113.398,Indiana,USA
Dee Brown,TOR,30,187.96,83.91452,Jacksonville,USA
Dell Curry,MIL,35,195.58,92.98636,Virginia Tech,USA
Dennis Rodman,LAL,38,200.66,95.25432,Southeastern Oklahoma State,USA
Derek Anderson,CLE,24,195.58,88.45044,Kentucky,USA
Eddie Johnson,HOU,40,200.66,97.52228,Illinois,USA
Gerard King,SAS,26,205.74,104.32616,Nicholls State,USA
Elden Campbell,CHH,30,213.36,115.66596,Clemson,USA
Glenn Robinson,MIL,26,200.66,104.32616,Purdue,USA
Grant Hill,DET,26,203.2,102.0582,Duke,USA
Grant Long,ATL,33,205.74,112.490816,Eastern Michigan,USA
Greg Anthony,POR,31,185.42,81.64656,Nevada-Las Vegas,USA
Greg Foster,UTA,30,210.82,113.398,Texas-El Paso,USA
Greg Minor,BOS,27,198.12,95.25432,Louisville,USA
Greg Ostertag,UTA,26,218.44,127.00576,Kansas,USA
Hakeem Olajuwon,HOU,36,213.36,115.66596,Houston,Nigeria
Harvey Grant,PHI,33,205.74,102.0582,Oklahoma,USA
Haywoode Workman,MIL,33,190.5,81.64656,Oral Roberts,USA
Herb Williams,NYK,41,210.82,117.93392,Ohio State,USA
Hersey Hawkins,SEA,32,190.5,90.7184,Bradley,USA
Horace Grant,ORL,33,208.28,111.13004,Clemson,USA
Hot Rod Williams,DAL,36,210.82,111.13004,Tulane,USA
Howard Eisley,UTA,26,187.96,81.64656,Boston College,USA
Hubert Davis,DAL,29,195.58,83.007336,North Carolina,USA
Ike Austin,ORL,29,208.28,122.46984,Arizona State,USA
Isaiah Rider,POR,28,195.58,97.52228,Nevada-Las Vegas,USA
J.R. Henderson,VAN,22,203.2,105.686936,UCLA,USA
Cory Alexander,DEN,26,185.42,86.18248,Virginia,USA
J.R. Reid,LAL,31,208.28,112.037224,North Carolina,USA
Glen Rice,LAL,32,203.2,99.79024,Michigan,USA
Eddie Jones,CHH,27,198.12,90.7184,Temple,USA
Gheorghe Muresan,NJN,28,231.14,137.438376,None,USA
Gerald Brown,PHX,23,193.04,95.25432,Pepperdine,USA
Eldridge Recasner,CHH,31,193.04,86.18248,Washington,USA
Elliot Perry,NJN,30,182.88,68.945984,Memphis,USA
Eric Montross,DET,27,213.36,122.46984,North Carolina,USA
Eric Murdock,NJN,31,185.42,86.18248,Providence,USA
Eric Piatkowski,LAC,28,200.66,97.52228,Nebraska,USA
Eric Riley,BOS,29,213.36,111.13004,Michigan,USA
Eric Snow,PHI,26,190.5,92.532768,Michigan State,USA
Eric Washington,DEN,25,193.04,86.18248,Alabama,USA
Eric Williams,DEN,26,203.2,99.79024,Providence,USA
Erick Dampier,GSW,23,210.82,120.20188,Mississippi State,USA
Erick Strickland,DAL,25,190.5,95.25432,Nebraska,USA
Ervin Johnson,MIL,31,210.82,111.13004,New Orleans,USA
Etdrick Bohannon,WAS,26,205.74,99.79024,Auburn-Montgomery,USA
Felipe Lopez,VAN,24,198.12,88.45044,St. John's (NY),Dominican Republic
Felton Spencer,GSW,31,213.36,120.20188,Louisville,USA
Fred Hoiberg,IND,26,193.04,92.079176,Iowa State,USA
Gary Grant,POR,34,190.5,83.91452,Michigan,USA
Gary Payton,SEA,30,193.04,81.64656,Oregon State,USA
Gary Trent,DAL,24,203.2,113.398,Ohio,USA
George Lynch,PHI,28,203.2,103.418976,North Carolina,USA
George McCloud,PHX,32,203.2,102.0582,Florida State,USA
Gerald Wilkins,ORL,35,198.12,83.91452,Tennessee-Chattanooga,USA
Corliss Williamson,SAC,25,200.66,111.13004,Arkansas,USA
Billy Owens,SEA,30,203.2,99.79024,Syracuse,USA
Corey Benjamin,CHI,21,198.12,90.7184,Oregon State,USA
Antoine Carr,HOU,37,205.74,122.46984,Wichita State,USA
Antoine Walker,BOS,22,205.74,111.13004,Kentucky,USA
Antonio Daniels,SAS,24,193.04,90.7184,Bowling Green,USA
Antonio Davis,IND,30,205.74,104.32616,Texas-El Paso,USA
Antonio Lang,CLE,27,203.2,92.98636,Duke,USA
Antonio McDyess,DEN,24,205.74,99.79024,Alabama,USA
Armen Gilliam,MIL,35,205.74,117.93392,Nevada-Las Vegas,USA
Arvydas Sabonis,POR,34,220.98,132.448864,None,Lithuania
Austin Croshere,IND,24,205.74,106.59412,Providence,USA
Avery Johnson,SAS,34,180.34,81.64656,Southern,USA
B.J. Armstrong,ORL,31,187.96,83.91452,Iowa,USA
Ben Davis,NYK,26,205.74,108.86208,Arizona,USA
Ben Wallace,WAS,24,205.74,108.86208,Virginia Union,USA
Benoit Benjamin,PHI,34,213.36,113.398,Creighton,USA
Bill Curley,MIN,27,205.74,99.79024,Boston College,USA
Bill Wennington,CHI,36,213.36,125.644984,St. John's (NY),USA
Bimbo Coles,GSW,31,187.96,82.553744,Virginia Tech,USA
Bison Dele,DET,30,210.82,117.93392,Arizona,USA
Blue Edwards,MIA,33,193.04,90.7184,East Carolina,USA
Bo Outlaw,ORL,28,203.2,95.25432,Houston,USA
Bob Sura,CLE,26,195.58,90.7184,Florida State,USA
Anthony Peeler,MIN,29,193.04,94.347136,Missouri,USA
Bobby Jackson,MIN,26,185.42,83.91452,Minnesota,USA
Anthony Parker,PHI,24,198.12,97.52228,Bradley,USA
Anthony Johnson,ATL,24,190.5,86.18248,College of Charleston,USA
Jacque Vaughn,UTA,24,185.42,86.18248,Kansas,USA
A.C. Green,DAL,35,205.74,102.0582,Oregon State,USA
Aaron McKie,PHI,26,195.58,94.800728,Temple,USA
Aaron Williams,SEA,27,205.74,102.0582,Xavier,USA
Adam Keefe,UTA,29,205.74,104.32616,Stanford,USA
Adonal Foyle,GSW,24,208.28,113.398,Colgate,St. Vincent & Grenadines
Adonis Jordan,MIL,28,180.34,77.11064,Kansas,USA
Al Harrington,IND,19,205.74,104.32616,None,USA
Alan Henderson,ATL,26,205.74,106.59412,Indiana,USA
Allan Houston,NYK,28,198.12,90.7184,Tennessee,USA
Allen Iverson,PHI,24,182.88,74.84268,Georgetown,USA
Alonzo Mourning,MIA,29,208.28,118.387512,Georgetown,USA
Alvin Sims,PHX,24,193.04,106.59412,Louisville,USA
Alvin Williams,TOR,24,195.58,83.91452,Villanova,USA
Andrae Patterson,MIN,23,205.74,107.954896,Indiana,USA
Andrew DeClercq,CLE,26,208.28,104.32616,Florida,USA
Andrew Gaze,SAS,33,200.66,92.98636,Seton Hall,USA
Andrew Lang,CHI,33,210.82,111.13004,Arkansas,USA
Anfernee Hardaway,ORL,27,200.66,97.52228,Memphis,USA
Antawn Jamison,GSW,23,205.74,101.151016,North Carolina,USA
Anthony Avent,UTA,29,205.74,106.59412,Seton Hall,USA
Anthony Miller,HOU,27,205.74,115.66596,Michigan State,USA
Bobby Phills,CHH,29,195.58,102.511792,Southern,USA
Bonzi Wells,POR,22,195.58,95.25432,Ball State,USA
Brad Miller,CHH,23,210.82,113.398,Purdue,USA
Charlie Ward,NYK,28,187.96,86.18248,Florida State,USA
Chauncey Billups,DEN,22,190.5,91.625584,Colorado,USA
Cherokee Parks,VAN,26,210.82,108.86208,Duke,USA
Chris Anstey,DAL,24,213.36,112.944408,None,USA
Chris Carr,NJN,25,198.12,99.79024,Southern Illinois,USA
Chris Childs,NYK,31,190.5,88.45044,Boise State,USA
Chris Crawford,ATL,24,205.74,106.59412,Marquette,USA
Chris Dudley,NYK,34,210.82,117.93392,Yale,USA
Chris Gatling,MIL,31,208.28,104.32616,Old Dominion,USA
Chris King,UTA,29,203.2,97.52228,Wake Forest,USA
Chris Mills,GSW,29,200.66,97.975872,Arizona,USA
Chris Morris,PHX,33,203.2,103.418976,Auburn,USA
Chris Mullin,IND,35,200.66,97.52228,St. John's (NY),USA
Chris Webber,SAC,26,208.28,111.13004,Michigan,USA
Chris Whitney,WAS,27,182.88,79.3786,Clemson,USA
Christian Laettner,DET,29,210.82,111.13004,Duke,USA
Chuck Person,CHH,35,203.2,106.59412,Auburn,USA
Chucky Brown,CHH,31,203.2,97.52228,North Carolina State,USA
Clar. Weatherspoon,MIA,28,200.66,120.20188,Southern Mississippi,USA
Clifford Robinson,PHX,32,208.28,102.0582,Connecticut,USA
Corey Beck,CHH,28,190.5,90.7184,Arkansas,USA
Charles Smith,LAC,23,193.04,87.996848,New Mexico,USA
Charles Shackleford,CHH,33,210.82,111.13004,North Carolina State,USA
Charles R. Jones,CHI,23,190.5,81.64656,Long Island-Brooklyn,USA
Charles Oakley,TOR,35,205.74,111.13004,Virginia Union,USA
Brandon Williams,SAS,24,198.12,97.52228,Davidson,USA
Brent Barry,CHI,27,198.12,88.45044,Oregon State,USA
Brent Price,HOU,30,185.42,83.91452,Oklahoma,USA
Brevin Knight,CLE,23,177.8,78.471416,Stanford,USA
Brian Evans,MIN,25,203.2,99.79024,Indiana,USA
Brian Grant,POR,27,205.74,115.212368,Xavier,USA
Brian Shaw,POR,33,198.12,90.7184,California-Santa Barbara,USA
Brian Skinner,LAC,23,205.74,115.66596,Baylor,USA
Bruce Bowen,BOS,28,200.66,90.7184,Cal State-Fullerton,USA
Bruno Sundov,DAL,19,218.44,99.79024,None,Croatia
Corie Blount,CLE,30,208.28,109.769264,Cincinnati,USA
Bryant Reeves,VAN,26,213.36,124.7378,Oklahoma State,USA
Bryce Drew,HOU,24,190.5,83.91452,Valparaiso,USA
Bryon Russell,UTA,28,200.66,102.0582,Long Beach State,USA
Calbert Cheaney,WAS,27,200.66,97.52228,Indiana,USA
Carl Herrera,DEN,32,205.74,102.0582,Houston,USA
Carlos Rogers,POR,28,210.82,99.79024,Tennessee State,USA
Casey Shaw,PHI,23,210.82,117.93392,Toledo,USA
Cedric Ceballos,DAL,29,198.12,86.18248,Cal State-Fullerton,USA
Cedric Henderson,CLE,24,200.66,102.0582,Memphis,USA
Charles Barkley,HOU,36,198.12,114.305184,Auburn,USA
Charles O'Bannon,DET,24,195.58,94.800728,UCLA,USA
Bryant Stith,DEN,28,195.58,94.347136,Virginia,USA
Jahidi White,WAS,23,205.74,131.54168,Georgetown,USA
Kelvin Cato,POR,24,210.82,115.66596,Iowa State,USA
Jamal Mashburn,MIA,26,203.2,109.315672,Kentucky,USA
Rod Strickland,WAS,32,190.5,83.91452,DePaul,USA
Rodney Rogers,LAC,28,200.66,115.66596,Wake Forest,USA
Rodrick Rhodes,VAN,25,198.12,102.0582,Southern California,USA
Ron Harper,CHI,35,198.12,97.975872,Miami (OH),USA
Ron Mercer,BOS,23,200.66,95.25432,Kentucky,USA
Rony Seikaly,NJN,34,210.82,114.758776,Syracuse,USA
Roshown McLeod,ATL,23,203.2,99.79024,Duke,USA
Ruben Patterson,LAL,23,198.12,102.965384,Cincinnati,USA
Rusty LaRue,CHI,25,190.5,86.18248,Wake Forest,USA
Ryan Stack,CLE,23,210.82,97.52228,South Carolina,USA
Sam Cassell,MIL,29,190.5,83.91452,Florida State,USA
Sam Jacobson,LAL,23,193.04,97.52228,Minnesota,USA
Robert Traylor,MIL,22,203.2,128.820128,Michigan,USA
Sam Mack,HOU,29,200.66,99.79024,Houston,USA
Sam Perkins,IND,38,205.74,117.93392,North Carolina,USA
Samaki Walker,DAL,23,205.74,117.026736,Louisville,USA
Scott Burrell,NJN,28,200.66,98.883056,Connecticut,USA
Scott Williams,MIL,31,208.28,104.32616,North Carolina,USA
Scottie Pippen,HOU,33,200.66,103.418976,Central Arkansas,USA
Sean Elliott,SAS,31,203.2,99.79024,Arizona,USA
Sean Marks,TOR,23,208.28,113.398,California,New Zealand
Sean Rooks,LAL,29,208.28,117.93392,Arizona,USA
Jalen Rose,IND,26,203.2,95.25432,Michigan,USA
Shandon Anderson,UTA,25,198.12,95.25432,Georgia,USA
Shaquille O'Neal,LAL,27,215.9,142.88148,Louisiana State,USA
Shareef Abdur-Rahim,VAN,22,205.74,104.32616,California,USA
Sam Mitchell,MIN,35,200.66,97.52228,Mercer,USA
Shawn Bradley,DAL,27,228.6,119.294696,Brigham Young,USA
Robert Pack,DAL,30,187.96,86.18248,Southern California,USA
Rik Smits,IND,32,223.52,120.20188,Marist,USA
Pat Garrity,PHX,22,205.74,107.954896,Notre Dame,USA
Patrick Ewing,NYK,36,213.36,115.66596,Georgetown,Jamaica
Paul Grant,MIL,25,213.36,111.13004,Wisconsin,USA
Paul Pierce,BOS,21,200.66,99.79024,Kansas,USA
Peja Stojakovic,SAC,22,205.74,103.872568,None,Serbia and Montenegro
Pete Chilcutt,VAN,30,208.28,108.86208,North Carolina,USA
Peter Aluma,SAC,26,208.28,117.93392,Liberty,USA
Pooh Richardson,LAC,33,185.42,81.64656,UCLA,USA
Popeye Jones,BOS,29,203.2,110.222856,Murray State,USA
Raef LaFrentz,DEN,23,210.82,108.86208,Kansas,USA
Randell Jackson,WAS,23,210.82,97.52228,Florida State,USA
Randy Brown,CHI,31,187.96,86.636072,New Mexico State,USA
Robert Horry,LAL,28,208.28,106.59412,Alabama,USA
Randy Livingston,PHX,24,193.04,94.800728,Louisiana State,USA
Rasheed Wallace,POR,24,210.82,102.0582,North Carolina,USA
Rasho Nesterovic,MIN,23,213.36,112.490816,None,Slovenia
Ray Allen,MIL,23,195.58,92.98636,Connecticut,USA
Reggie Jordan,MIN,31,193.04,88.45044,New Mexico State,USA
Reggie Miller,IND,33,200.66,83.91452,UCLA,USA
Reggie Slater,TOR,28,200.66,115.66596,Wyoming,USA
Rex Chapman,PHX,31,193.04,88.45044,Kentucky,USA
Rex Walters,MIA,29,193.04,88.45044,Kansas,USA
Rick Brunson,NYK,27,193.04,86.18248,Temple,USA
Rick Fox,LAL,29,200.66,109.769264,North Carolina,Canada
Rick Mahorn,PHI,40,208.28,117.93392,Hampton,USA
Ricky Davis,CHH,19,200.66,88.45044,Iowa,USA
Rashard Lewis,SEA,19,208.28,97.52228,None,USA
P.J. Brown,MIA,29,210.82,108.86208,Louisiana Tech,USA
Shawn Kemp,CLE,29,208.28,127.00576,Trinity Valley Community College,USA
Sherman Douglas,LAC,32,185.42,88.45044,Syracuse,USA
Tracy Murray,WAS,27,200.66,103.418976,UCLA,USA
Travis Best,IND,26,180.34,82.553744,Georgia Tech,USA
Travis Knight,LAL,24,213.36,106.59412,Connecticut,USA
Travis Williams,CHH,30,198.12,97.52228,South Carolina State,USA
Trevor Winter,MIN,25,213.36,124.7378,Minnesota,USA
Troy Hudson,LAC,23,185.42,77.11064,Southern Illinois,USA
Tyrone Corbin,ATL,36,198.12,102.0582,DePaul,USA
Tyrone Hill,PHI,31,205.74,113.398,Xavier,USA
Tyrone Nesby,LAC,23,198.12,102.0582,Nevada-Las Vegas,USA
Tyronn Lue,LAL,22,182.88,79.3786,Nebraska,USA
Tyson Wheeler,DEN,23,177.8,74.84268,Rhode Island,USA
Vernon Maxwell,SAC,33,193.04,86.18248,Florida,USA
Tracy McGrady,TOR,20,203.2,95.25432,None,USA
Vin Baker,SEA,27,210.82,113.398,Hartford,USA
Vinny Del Negro,MIL,32,193.04,83.91452,North Carolina State,USA
Vitaly Potapenko,BOS,24,208.28,127.00576,Wright State,Ukraine
Vlade Divac,SAC,31,215.9,117.93392,None,Serbia and Montenegro
Vladimir Stepania,SEA,23,213.36,107.047712,None,Georgia
Voshon Lenard,MIA,26,193.04,92.98636,Minnesota,USA
Walt Williams,POR,29,203.2,104.32616,Maryland,USA
Walter McCarty,BOS,25,208.28,104.32616,Kentucky,USA
Wesley Person,CLE,28,198.12,88.45044,Auburn,USA
Will Perdue,SAS,33,213.36,108.86208,Vanderbilt,USA
William Cunningham,NJN,25,210.82,108.86208,Temple,USA
Willie Burton,CHH,31,203.2,95.25432,Minnesota,USA
Zydrunas Ilgauskas,CLE,24,220.98,117.93392,None,Lithuania
Vince Carter,TOR,22,200.66,97.52228,North Carolina,USA
Shawn Respert,PHX,27,185.42,88.45044,Michigan State,USA
Tony Massenburg,VAN,31,205.74,113.398,Maryland,USA
Tony Battie,BOS,23,210.82,108.86208,Texas Tech,USA
Stacey Augmon,POR,30,203.2,92.98636,Nevada-Las Vegas,USA
Stanley Roberts,HOU,29,213.36,131.54168,Louisiana State,USA
Stephon Marbury,NJN,22,187.96,81.64656,Georgia Tech,USA
Steve Henson,DET,31,180.34,80.285784,Kansas State,USA
Steve Kerr,SAS,33,190.5,82.100152,Arizona,USA
Steve Nash,DAL,25,190.5,88.45044,Santa Clara,Canada
Steven Smith,ATL,30,203.2,97.52228,Michigan State,USA
Stojko Vrankovic,LAC,35,218.44,117.93392,None,USA
Tariq Abdul-Wahad,SAC,24,198.12,101.151016,San Jose State,France
Terrell Brandon,MIN,29,180.34,78.471416,Oregon,USA
Terry Cummings,GSW,38,205.74,113.398,DePaul,USA
Terry Davis,WAS,32,205.74,102.0582,Virginia Union,USA
Tony Delk,GSW,25,187.96,87.089664,Kentucky,USA
Terry Dehere,VAN,27,193.04,86.18248,Seton Hall,USA
Terry Porter,MIA,36,190.5,88.45044,Wisconsin-Stevens Point,USA
Theo Ratliff,PHI,26,208.28,102.0582,Wyoming,USA
Thurl Bailey,UTA,38,210.82,112.037224,North Carolina State,USA
Tim Duncan,SAS,23,213.36,112.490816,Wake Forest,US Virgin Islands
Tim Hardaway,MIA,32,182.88,88.45044,Texas-El Paso,USA
Tim Legler,WAS,32,193.04,99.79024,La Salle,USA
Tim Thomas,MIL,22,208.28,104.32616,Villanova,USA
Toby Bailey,PHX,23,198.12,96.615096,UCLA,USA
Todd Fuller,UTA,24,210.82,115.66596,North Carolina State,USA
Tom Gugliotta,PHX,29,208.28,108.86208,North Carolina State,USA
Tom Hammonds,MIN,32,205.74,102.0582,Georgia Tech,USA
Toni Kukoc,CHI,30,210.82,105.233344,None,Croatia
Terry Mills,MIA,31,208.28,104.32616,Michigan,USA
Otis Thorpe,WAS,36,208.28,111.583632,Providence,USA
Shammond Williams,ATL,24,185.42,91.171992,North Carolina,USA
Oliver Miller,SAC,29,205.74,147.4174,Arkansas,USA
John Stockton,UTA,37,185.42,79.3786,Gonzaga,USA
John Thomas,TOR,23,205.74,120.20188,Minnesota,USA
John Wallace,TOR,25,205.74,102.0582,Syracuse,USA
Johnny Newman,CLE,35,200.66,95.25432,Richmond,USA
Johnny Taylor,DEN,25,205.74,99.79024,Tennessee-Chattanooga,USA
Jon Barry,SAC,29,195.58,95.25432,Georgia Tech,USA
Jonathan Kerner,ORL,25,210.82,111.13004,East Carolina,USA
Jud Buechler,DET,31,198.12,103.418976,Arizona,USA
Othella Harrington,HOU,25,205.74,106.59412,Georgetown,USA
Juwan Howard,WAS,26,205.74,113.398,Michigan,USA
Karl Malone,UTA,35,205.74,116.119552,Louisiana Tech,USA
Keith Askins,MIA,31,203.2,97.52228,Alabama,USA
John Starks,GSW,33,195.58,83.91452,Oklahoma State,USA
Keith Booth,CHI,24,198.12,102.511792,Maryland,USA
Keith Van Horn,NJN,23,208.28,113.398,Utah,USA
Kelly McCarty,DEN,23,200.66,90.7184,Southern Mississippi,USA
Kendall Gill,NJN,31,195.58,97.975872,Illinois,USA
Kenny Anderson,BOS,28,185.42,76.203456,Georgia Tech,USA
Keon Clark,DEN,24,210.82,99.79024,Nevada-Las Vegas,USA
Kerry Kittles,NJN,25,195.58,81.192968,Villanova,USA
Kevin Garnett,MIN,23,210.82,99.79024,None,USA
Kevin Ollie,ORL,26,193.04,88.45044,Connecticut,USA
Kevin Willis,TOR,36,213.36,111.13004,Michigan State,USA
Khalid Reeves,DET,26,190.5,90.264808,Arizona,USA
Kobe Bryant,LAL,20,200.66,97.52228,None,USA
Korleone Young,DET,20,200.66,96.615096,None,USA
Keith Closs,LAC,23,220.98,96.161504,Central Connecticut State,USA
Kornel David,CHI,27,205.74,106.59412,None,USA
John Crotty,SEA,29,187.96,87.996848,Virginia,USA
Joe Wolf,CHH,34,210.82,104.32616,North Carolina,USA
James Cotton,SEA,23,195.58,99.79024,Long Beach State,USA
James Robinson,MIN,28,187.96,81.64656,Alabama,USA
Jamie Feick,NJN,24,203.2,115.66596,Michigan State,USA
Jamie Watson,MIA,27,200.66,86.18248,South Carolina,USA
Jaren Jackson,SAS,31,198.12,97.52228,Georgetown,USA
Jason Caffey,GSW,26,203.2,116.119552,Alabama,USA
Jason Kidd,PHX,26,193.04,96.161504,California,USA
Jason Sasser,VAN,25,200.66,102.0582,Texas Tech,USA
Jason Williams,SAC,23,185.42,86.18248,Florida,USA
Jayson Williams,NJN,31,205.74,108.86208,St. John's (NY),USA
Jeff Hornacek,UTA,36,193.04,86.18248,Iowa State,USA
Jeff McInnis,WAS,24,193.04,86.18248,North Carolina,USA
John Coker,WAS,27,213.36,114.758776,Boise State,USA
Jeff Sheppard,ATL,24,190.5,86.18248,Kentucky,USA
Jerald Honeycutt,PHI,24,205.74,115.212368,Tulane,USA
Jermaine O'Neal,POR,20,210.82,102.511792,None,USA
Jerome James,SAC,23,215.9,136.0776,Florida A&M,USA
Jerome Kersey,SAS,37,200.66,102.0582,Longwood,USA
Jerome Williams,DET,26,205.74,93.439952,Georgetown,USA
Jerry Stackhouse,DET,24,198.12,98.883056,North Carolina,USA
Jim Jackson,POR,28,198.12,99.79024,Ohio State,USA
Jim McIlvaine,NJN,26,215.9,108.86208,Marquette,USA
Jimmy Oliver,PHX,29,195.58,92.98636,Purdue,USA
Joe Dumars,DET,36,190.5,88.45044,McNeese State,USA
Joe Kleine,PHX,37,213.36,122.923432,Arkansas,USA
Joe Smith,MIN,23,208.28,102.0582,Maryland,USA
Jelani McCoy,SEA,21,208.28,111.13004,UCLA,USA
Kurt Thomas,NYK,26,205.74,104.32616,Texas Christian,USA
Scot Pollard,SAC,24,210.82,120.20188,Kansas,USA
Lamond Murray,LAC,26,200.66,107.047712,California,USA
Mikki Moore,DET,23,213.36,104.32616,Nebraska,USA
Mike Bibby,VAN,21,187.96,86.18248,Arizona,USA
Micheal Williams,TOR,32,187.96,79.3786,Baylor,USA
Michael Stewart,TOR,24,208.28,104.32616,California,USA
Michael Smith,VAN,27,203.2,104.32616,Providence,USA
Michael Olowokandi,LAC,24,213.36,122.016248,Pacific,Nigeria
Michael Hawkins,SAC,26,182.88,80.739376,Xavier,USA
Michael Finley,DAL,26,200.66,97.52228,Wisconsin,USA
Michael Doleac,ORL,22,210.82,118.841104,Utah,USA
Michael Dickerson,HOU,24,195.58,86.18248,Arizona,USA
Michael Curry,MIL,30,195.58,102.965384,Georgia Southern,USA
Maurice Taylor,LAC,22,205.74,117.93392,Michigan,USA
Matt Maloney,HOU,27,190.5,87.089664,Pennsylvania,USA
Matt Harpring,ORL,23,200.66,104.779752,Georgia Tech,USA
Matt Bullard,HOU,32,208.28,106.59412,Iowa,USA
Marty Conlon,MIA,31,208.28,101.604608,Providence,USA
Marlon Garnett,BOS,23,187.96,84.368112,Santa Clara,USA
Marko Milic,PHX,22,198.12,106.59412,None,Slovenia
Mark West,ATL,38,208.28,111.583632,Old Dominion,USA
Mark Strickland,MIA,28,208.28,99.79024,Temple,USA
Mark Bryant,CHI,34,205.74,111.13004,Seton Hall,USA
Mark Pope,IND,26,208.28,106.59412,Kentucky,USA
Mark Macon,DET,30,193.04,83.91452,Temple,USA
Mark Jackson,IND,34,190.5,83.91452,St. John's (NY),USA
Mark Hendrickson,NJN,25,205.74,99.79024,Washington State,USA
Mark Davis,MIA,26,200.66,95.25432,Texas Tech,USA
LaPhonso Ellis,ATL,29,203.2,108.86208,Notre Dame,USA
Miles Simon,ORL,23,190.5,91.625584,Arizona,USA
Mitch Richmond,WAS,33,195.58,99.79024,Kansas State,USA
Matt Geiger,PHI,29,215.9,112.490816,Georgia Tech,USA
Monty Williams,DEN,27,203.2,102.0582,Notre Dame,USA
Larry Hughes,PHI,20,195.58,83.91452,Saint Louis,USA
Mitchell Butler,CLE,28,195.58,102.965384,UCLA,USA
Larry Johnson,NYK,30,200.66,106.59412,Nevada-Las Vegas,USA
Latrell Sprewell,NYK,28,195.58,86.18248,Alabama,USA
Lawrence Funderburke,SAC,28,205.74,104.32616,Ohio State,USA
Lee Mayberry,VAN,29,185.42,78.017824,Arkansas,USA
Lindsey Hunter,DET,28,187.96,88.45044,Jackson State,USA
Litterial Green,CLE,29,185.42,83.91452,Georgia,USA
Lorenzen Wright,LAC,23,210.82,118.841104,Memphis,USA
Loy Vaught,DET,31,205.74,108.86208,Michigan,USA
Luc Longley,PHX,30,218.44,117.93392,New Mexico,USA
Lucious Harris,NJN,28,195.58,92.98636,Long Beach State,USA
Malik Rose,SAS,24,200.66,113.398,Drexel,USA
Loren Meyer,DEN,26,208.28,117.93392,Iowa State,USA
Nick Anderson,ORL,31,198.12,103.418976,Illinois,USA
Mookie Blaylock,ATL,32,185.42,83.91452,Oklahoma,USA
Malik Sealy,MIN,29,203.2,90.7184,St. John's (NY),USA
Muggsy Bogues,GSW,34,160.02,63.956472,Wake Forest,USA
Nazr Mohammed,PHI,21,208.28,108.86208,Kentucky,USA
Negele Knight,TOR,32,185.42,79.3786,Dayton,USA
Nick Van Exel,DEN,27,185.42,86.18248,Cincinnati,USA
Moochie Norris,SEA,25,187.96,85.275296,West Florida,USA
Mark Baker,TOR,29,185.42,79.3786,Ohio State,USA
Mario Elie,SAS,35,195.58,95.25432,American International,USA
Mario Bennett,CHI,25,198.12,106.59412,Arizona State,USA
Marcus Camby,NYK,25,210.82,102.0582,Massachusetts,USA
Olden Polynice,SEA,34,213.36,113.398,Virginia,USA
Michael Smith,WAS,28,203.2,108.86208,Providence,USA
Michael Finley,DAL,27,200.66,97.52228,Wisconsin,USA
Michael Stewart,TOR,25,208.28,104.32616,California,USA
Michael Ruffin,CHI,23,205.74,111.583632,Tulsa,USA
Michael Olowokandi,LAC,25,213.36,122.016248,Pacific,Nigeria
Michael Hawkins,CHH,27,182.88,80.739376,Xavier,USA
Maurice Taylor,LAC,23,205.74,117.93392,Michigan,USA
Metta World Peace,CHI,20,198.12,110.676448,St. John's (NY),USA
Michael Dickerson,VAN,25,195.58,86.18248,Arizona,USA
Michael Curry,DET,31,195.58,102.965384,Georgia Southern,USA
Michael Cage,NJN,38,205.74,101.604608,San Diego State,USA
Mike Bibby,VAN,22,187.96,86.18248,Arizona,USA
Matt Maloney,CHI,28,190.5,90.7184,Pennsylvania,USA
Michael Doleac,ORL,23,210.82,118.841104,Utah,USA
Mikki Moore,DET,24,213.36,102.0582,Nebraska,USA
Othella Harrington,VAN,26,205.74,106.59412,Georgetown,USA
Mirsad Turkcan,MIL,24,205.74,97.975872,None,USA
Jeff Hornacek,UTA,37,193.04,86.18248,Iowa State,USA
Matt Harpring,ORL,24,200.66,104.779752,Georgia Tech,USA
P.J. Brown,MIA,30,210.82,108.86208,Louisiana Tech,USA
Otis Thorpe,MIA,37,208.28,111.583632,Providence,USA
Oliver Miller,PHX,30,205.74,142.88148,Arkansas,USA
Olden Polynice,UTA,35,213.36,113.398,Virginia,USA
Obinna Ekezie,VAN,24,205.74,122.46984,Maryland,Nigeria
Nick Van Exel,DEN,28,185.42,86.18248,Cincinnati,USA
Nick Anderson,SAC,32,198.12,103.418976,Illinois,USA
Nazr Mohammed,PHI,22,208.28,100.243832,Kentucky,USA
Muggsy Bogues,TOR,35,160.02,63.956472,Wake Forest,USA
Mookie Blaylock,GSW,33,185.42,83.91452,Oklahoma,USA
Moochie Norris,HOU,26,185.42,79.3786,West Florida,USA
Monty Williams,ORL,28,203.2,102.0582,Notre Dame,USA
Mitch Richmond,WAS,35,195.58,99.79024,Kansas State,USA
Milt Palacio,VAN,22,190.5,88.45044,Colorado State,Belize
Matt Geiger,PHI,30,215.9,112.490816,Georgia Tech,USA
Mario Bennett,LAC,26,198.12,106.59412,Arizona State,USA
Marty Conlon,LAC,32,208.28,101.604608,Providence,USA
Johnny Newman,NJN,36,200.66,95.25432,Richmond,USA
Johnny Taylor,ORL,26,205.74,99.79024,Tennessee-Chattanooga,USA
Jon Barry,SAC,30,195.58,95.25432,Georgia Tech,USA
Jonathan Bender,IND,19,210.82,91.625584,None,USA
Jud Buechler,DET,32,198.12,103.418976,Arizona,USA
Jumaine Jones,PHI,21,203.2,98.883056,Georgia,USA
John Wallace,NYK,26,205.74,102.0582,Syracuse,USA
Juwan Howard,WAS,27,205.74,113.398,Michigan,USA
Keith Closs,LAC,24,220.98,96.161504,Central Connecticut State,USA
Keith Van Horn,NJN,24,208.28,113.398,Utah,USA
Kelvin Cato,HOU,25,210.82,115.66596,Iowa State,USA
Kendall Gill,NJN,32,195.58,97.975872,Illinois,USA
Kenny Anderson,BOS,29,185.42,76.203456,Georgia Tech,USA
Kenny Thomas,HOU,22,203.2,117.93392,New Mexico,USA
Karl Malone,UTA,36,205.74,116.119552,Louisiana Tech,USA
John Thomas,TOR,24,205.74,120.20188,Minnesota,USA
John Stockton,UTA,38,185.42,79.3786,Gonzaga,USA
John Starks,CHI,34,190.5,81.64656,Oklahoma State,USA
Jeff McInnis,LAC,25,193.04,86.18248,North Carolina,USA
Jelani McCoy,SEA,22,208.28,111.13004,UCLA,USA
Jermaine O'Neal,POR,21,210.82,102.511792,None,USA
Jerome Kersey,SAS,38,200.66,111.13004,Longwood,USA
Jerome Williams,DET,27,205.74,93.439952,Georgetown,USA
Jerry Stackhouse,DET,25,198.12,98.883056,North Carolina,USA
Jim Jackson,ATL,29,198.12,99.79024,Ohio State,USA
Jim McIlvaine,NJN,27,215.9,119.748288,Marquette,USA
Joe Kleine,POR,38,210.82,115.66596,Arkansas,USA
Joe Smith,MIN,24,208.28,102.0582,Maryland,USA
Joe Stephens,VAN,27,200.66,95.25432,Arkansas-Little Rock,USA
John Amaechi,ORL,29,208.28,122.46984,Penn State,England
John Celestand,LAL,23,193.04,80.739376,Villanova,USA
John Crotty,DET,30,187.96,87.996848,Virginia,USA
John Salley,LAL,36,210.82,115.66596,Georgia Tech,USA
Keon Clark,DEN,25,210.82,99.79024,Nevada-Las Vegas,USA
Matt Bullard,HOU,33,208.28,106.59412,Iowa,USA
Kevin Garnett,MIN,24,210.82,99.79024,None,USA
Kevin Ollie,PHI,27,193.04,88.45044,Connecticut,USA
Loy Vaught,DET,32,205.74,108.86208,Michigan,USA
Luc Longley,PHX,31,218.44,117.93392,New Mexico,USA
Lucious Harris,NJN,29,195.58,92.98636,Long Beach State,USA
Malik Rose,SAS,25,200.66,115.66596,Drexel,USA
Malik Sealy,MIN,30,203.2,90.7184,St. John's (NY),USA
Marcus Brown,DET,26,190.5,83.91452,Murray State,USA
Lorenzo Williams,WAS,30,205.74,90.7184,Stetson,USA
Marcus Camby,NYK,26,210.82,102.0582,Massachusetts,USA
Mark Bryant,CLE,35,205.74,111.13004,Seton Hall,USA
Mark Davis,GSW,27,200.66,92.98636,Texas Tech,USA
Mark Hendrickson,NJN,26,205.74,99.79024,Washington State,USA
Mark Jackson,IND,35,190.5,83.91452,St. John's (NY),USA
Mark Strickland,MIA,29,208.28,99.79024,Temple,USA
Mark West,PHX,39,208.28,104.32616,Old Dominion,USA
Mario Elie,SAS,36,195.58,102.0582,American International,USA
Lorenzen Wright,ATL,24,210.82,108.86208,Memphis,USA
Lindsey Hunter,DET,29,187.96,88.45044,Jackson State,USA
Lazaro Borrell,SEA,27,203.2,99.79024,None,USA
Kevin Willis,TOR,37,213.36,111.13004,Michigan State,USA
Khalid Reeves,CHI,27,190.5,90.264808,Arizona,USA
Kiwane Garris,ORL,25,187.96,83.007336,Illinois,USA
Kobe Bryant,LAL,21,200.66,95.25432,None,USA
Kornel David,CLE,28,205.74,106.59412,None,USA
Kurt Thomas,NYK,27,205.74,104.32616,Texas Christian,USA
LaPhonso Ellis,ATL,30,203.2,108.86208,Notre Dame,USA
Lamar Odom,LAC,20,208.28,99.79024,Rhode Island,USA
Lamond Murray,CLE,27,200.66,107.047712,California,USA
Lari Ketner,CLE,23,208.28,129.27372,Massachusetts,USA
Laron Profit,WAS,22,195.58,92.532768,Maryland,USA
Larry Hughes,GSW,21,195.58,83.91452,Saint Louis,USA
Larry Johnson,NYK,31,200.66,106.59412,Nevada-Las Vegas,USA
Latrell Sprewell,NYK,29,195.58,86.18248,Alabama,USA
Lawrence Funderburke,SAC,29,205.74,104.32616,Ohio State,USA
Kevin Johnson,PHX,34,185.42,86.18248,California,USA
Kerry Kittles,NJN,26,195.58,81.64656,Villanova,USA
Jermaine Jackson,DET,24,195.58,92.532768,Detroit Mercy,USA
Patrick Ewing,NYK,37,213.36,115.66596,Georgetown,Jamaica
Tony Battie,BOS,24,210.82,108.86208,Texas Tech,USA
Toni Kukoc,PHI,31,210.82,106.59412,None,Croatia
Tom Hammonds,MIN,33,205.74,102.0582,Georgia Tech,USA
Todd MacCulloch,PHI,24,213.36,127.00576,Washington,Canada
Todd Fuller,CHH,25,210.82,115.66596,North Carolina State,USA
Todd Day,PHX,30,198.12,85.275296,Arkansas,USA
Toby Bailey,PHX,24,198.12,96.615096,UCLA,USA
Tim Young,GSW,24,218.44,122.46984,Stanford,USA
Tim Thomas,MIL,23,208.28,104.32616,Villanova,USA
Tim Legler,GSW,33,193.04,90.7184,La Salle,USA
Tim James,MIA,23,200.66,96.161504,Miami (FL),USA
Tim Hardaway,MIA,33,182.88,88.45044,Texas-El Paso,USA
Tim Duncan,SAS,24,213.36,117.93392,Wake Forest,US Virgin Islands
Thomas Hamilton,HOU,25,218.44,149.68536,Pittsburgh,USA
Theo Ratliff,PHI,27,208.28,102.0582,Wyoming,USA
Terry Porter,SAS,37,190.5,92.98636,Wisconsin-Stevens Point,USA
Terry Mills,DET,32,208.28,113.398,Michigan,USA
Terry Cummings,GSW,39,205.74,99.79024,DePaul,USA
Terrell Brandon,MIN,30,180.34,78.471416,Oregon,USA
Tariq Abdul-Wahad,DEN,25,198.12,101.151016,San Jose State,France
Steven Smith,POR,31,203.2,97.52228,Michigan State,USA
Steve Nash,DAL,26,190.5,88.45044,Santa Clara,Canada
Steve Kerr,SAS,34,190.5,81.64656,Arizona,USA
Steve Francis,HOU,23,190.5,87.543256,Maryland,USA
Stephon Marbury,NJN,23,187.96,81.64656,Georgia Tech,USA
Stanley Roberts,PHI,30,213.36,131.54168,Louisiana State,USA
Stacey Augmon,POR,31,203.2,92.98636,Nevada-Las Vegas,USA
Tony Delk,SAC,26,187.96,87.089664,Kentucky,USA
Sherman Douglas,NJN,33,185.42,88.45044,Syracuse,USA
Tony Farmer,GSW,30,205.74,110.676448,Nebraska,USA
Tracy McGrady,TOR,21,203.2,95.25432,None,USA
Jeff Foster,IND,23,210.82,107.954896,Texas State,USA
Zan Tabak,IND,30,213.36,111.13004,None,USA
William Avery,MIN,20,187.96,81.64656,Duke,USA
Will Perdue,CHI,34,213.36,108.86208,Vanderbilt,USA
Wesley Person,CLE,29,198.12,88.45044,Auburn,USA
Wayne Turner,BOS,24,187.96,86.18248,Kentucky,USA
Walter McCarty,BOS,26,208.28,104.32616,Kentucky,USA
Walt Williams,HOU,30,203.2,104.32616,Maryland,USA
Wally Szczerbiak,MIN,23,200.66,110.222856,Miami (OH),USA
Voshon Lenard,MIA,27,193.04,97.52228,Minnesota,USA
Vonteego Cummings,GSW,24,190.5,86.18248,Pittsburgh,USA
Vladimir Stepania,SEA,24,213.36,107.047712,None,Georgia
Vlade Divac,SAC,32,215.9,117.93392,None,Serbia and Montenegro
Vitaly Potapenko,BOS,25,208.28,127.00576,Wright State,Ukraine
Vinny Del Negro,MIL,33,193.04,90.7184,North Carolina State,USA
Vince Carter,TOR,23,200.66,97.52228,North Carolina,USA
Vin Baker,SEA,28,210.82,113.398,Hartford,USA
Vernon Maxwell,SEA,34,193.04,81.64656,Florida,USA
Tyronn Lue,LAL,23,182.88,79.3786,Nebraska,USA
Tyrone Nesby,LAC,24,198.12,102.0582,Nevada-Las Vegas,USA
Tyrone Hill,PHI,32,205.74,113.398,Xavier,USA
Tyrone Corbin,SAC,37,198.12,102.0582,DePaul,USA
Troy Hudson,LAC,24,185.42,80.739376,Southern Illinois,USA
Travis Knight,LAL,25,213.36,106.59412,Connecticut,USA
Travis Best,IND,27,180.34,82.553744,Georgia Tech,USA
Trajan Langdon,CLE,24,190.5,88.45044,Duke,USA
Tracy Murray,WAS,28,200.66,103.418976,UCLA,USA
Tony Massenburg,HOU,32,205.74,113.398,Maryland,USA
Shawn Marion,PHX,22,200.66,97.52228,Nevada-Las Vegas,USA
Shawn Kemp,CLE,30,208.28,127.00576,Trinity Valley Community College,USA
Shawn Bradley,DAL,28,228.6,119.294696,Brigham Young,USA
Robert Pack,DAL,31,187.96,86.18248,Southern California,USA
Robert Horry,LAL,29,208.28,106.59412,Alabama,USA
Rik Smits,IND,33,223.52,120.20188,Marist,USA
Ricky Davis,CHH,20,200.66,89.357624,Iowa,USA
Rick Hughes,DAL,26,205.74,106.59412,Thomas More,USA
Rick Fox,LAL,30,200.66,109.769264,North Carolina,Canada
Rick Brunson,NYK,28,193.04,86.18248,Temple,USA
Richard Hamilton,WAS,22,198.12,83.91452,Connecticut,USA
Rex Walters,MIA,30,193.04,86.18248,Kansas,USA
Rex Chapman,PHX,32,193.04,83.91452,Kentucky,USA
Reggie Miller,IND,34,200.66,83.91452,UCLA,USA
Reggie Jordan,WAS,32,193.04,88.45044,New Mexico State,USA
Ray Allen,MIL,24,195.58,92.98636,Connecticut,USA
Rasho Nesterovic,MIN,24,213.36,112.490816,None,Slovenia
Rasheed Wallace,POR,25,210.82,102.0582,North Carolina,USA
Rashard Lewis,SEA,20,208.28,97.52228,None,USA
Randy Livingston,PHX,25,193.04,94.800728,Louisiana State,USA
Randy Brown,CHI,32,187.96,86.636072,New Mexico State,USA
Randell Jackson,DAL,24,210.82,97.52228,Florida State,USA
Rafer Alston,MIL,23,187.96,77.564232,Fresno State,USA
Raef LaFrentz,DEN,24,210.82,108.86208,Kansas,USA
Quincy Lewis,UTA,23,200.66,97.52228,Minnesota,USA
Popeye Jones,DEN,30,203.2,113.398,Murray State,USA
Pete Chilcutt,LAC,31,208.28,111.13004,North Carolina,USA
Pervis Ellison,BOS,33,205.74,95.25432,Louisville,USA
Peja Stojakovic,SAC,23,205.74,103.872568,None,Serbia and Montenegro
Paul Pierce,BOS,22,200.66,99.79024,Kansas,USA
Robert Traylor,MIL,23,203.2,128.820128,Michigan,USA
Rod Strickland,WAS,33,190.5,83.91452,DePaul,USA
Rodney Buford,MIA,22,195.58,85.728888,Creighton,USA
Rodney Rogers,PHX,29,200.66,115.66596,Wake Forest,USA
Shareef Abdur-Rahim,VAN,23,205.74,104.32616,California,USA
Shaquille O'Neal,LAL,28,215.9,142.88148,Louisiana State,USA
Shandon Anderson,HOU,26,198.12,95.25432,Georgia,USA
Shammond Williams,SEA,25,185.42,91.171992,North Carolina,USA
Sean Rooks,DAL,30,208.28,122.46984,Arizona,USA
Sean Marks,TOR,24,208.28,113.398,California,New Zealand
Sean Elliott,SAS,32,203.2,99.79024,Arizona,USA
Scottie Pippen,POR,34,200.66,103.418976,Central Arkansas,USA
Scott Williams,MIL,32,208.28,104.32616,North Carolina,USA
Scott Padgett,UTA,24,205.74,108.86208,Kentucky,USA
Scott Burrell,NJN,29,200.66,98.883056,Connecticut,USA
Scot Pollard,SAC,25,210.82,120.20188,Kansas,USA
Samaki Walker,SAS,24,205.74,117.93392,Louisville,USA
Pat Garrity,ORL,23,205.74,107.954896,Notre Dame,USA
Sam Perkins,IND,39,205.74,117.93392,North Carolina,USA
Sam Mack,GSW,30,200.66,99.79024,Houston,USA
Sam Jacobson,GSW,24,193.04,99.336648,Minnesota,USA
Sam Cassell,MIL,30,190.5,83.91452,Florida State,USA
Ryan Stack,CLE,24,210.82,97.52228,South Carolina,USA
Ryan Robertson,SAC,23,195.58,86.18248,Kansas,USA
Ryan Bowen,DEN,24,200.66,97.52228,Iowa,USA
Rusty LaRue,CHI,26,190.5,86.18248,Wake Forest,USA
Ruben Patterson,SEA,24,198.12,102.965384,Cincinnati,USA
Roy Rogers,DEN,26,208.28,106.59412,Alabama,USA
Roshown McLeod,ATL,24,203.2,100.243832,Duke,USA
Ron Mercer,ORL,24,200.66,95.25432,Kentucky,USA
Ron Harper,LAL,36,198.12,97.52228,Miami (OH),USA
Rodrick Rhodes,DAL,26,198.12,102.0582,Southern California,USA
Sam Mitchell,MIN,36,200.66,97.52228,Mercer,USA
Jason Williams,SAC,24,185.42,86.18248,Florida,USA
Tom Gugliotta,PHX,30,208.28,108.86208,North Carolina State,USA
Jason Miskiri,CHH,24,187.96,83.91452,George Mason,USA
Charles Oakley,TOR,36,205.74,111.13004,Virginia Union,USA
Charles Barkley,HOU,37,198.12,114.305184,Auburn,USA
Cedric Henderson,CLE,25,200.66,102.0582,Memphis,USA
Cedric Ceballos,DAL,30,200.66,99.79024,Cal State-Fullerton,USA
Carlos Rogers,HOU,29,210.82,105.233344,Tennessee State,USA
Calvin Booth,WAS,24,210.82,109.315672,Penn State,USA
Calbert Cheaney,BOS,28,200.66,97.52228,Indiana,USA
Cal Bowdler,ATL,23,208.28,111.13004,Old Dominion,USA
Bryon Russell,UTA,29,200.66,102.0582,Long Beach State,USA
Bryce Drew,HOU,25,190.5,83.91452,Valparaiso,USA
Bryant Stith,DEN,29,195.58,94.347136,Virginia,USA
Bryant Reeves,VAN,27,213.36,124.7378,Oklahoma State,USA
Bruno Sundov,DAL,20,218.44,99.79024,None,Croatia
Bruce Bowen,MIA,29,200.66,90.7184,Cal State-Fullerton,USA
Brian Skinner,LAC,24,205.74,115.66596,Baylor,USA
Brian Shaw,LAL,34,198.12,90.7184,California-Santa Barbara,USA
Brian Grant,POR,28,205.74,115.212368,Xavier,USA
Brevin Knight,CLE,24,177.8,77.11064,Stanford,USA
Brent Price,VAN,31,185.42,83.91452,Oklahoma,USA
Brent Barry,SEA,28,198.12,88.45044,Oregon State,USA
Brad Miller,CHH,24,213.36,118.387512,Purdue,USA
Charles R. Jones,LAC,24,190.5,81.64656,Long Island-Brooklyn,USA
Charlie Ward,NYK,29,187.96,86.18248,Florida State,USA
Chauncey Billups,DEN,23,190.5,91.625584,Colorado,USA
Cherokee Parks,VAN,27,210.82,108.86208,Duke,USA
Cory Alexander,DEN,27,185.42,86.18248,Virginia,USA
Corliss Williamson,SAC,26,200.66,111.13004,Arkansas,USA
Corie Blount,PHX,31,208.28,109.769264,Cincinnati,USA
Corey Maggette,ORL,20,198.12,98.883056,Duke,USA
Corey Benjamin,CHI,22,198.12,92.98636,Oregon State,USA
Clifford Robinson,PHX,33,208.28,102.0582,Connecticut,USA
Clar. Weatherspoon,MIA,29,200.66,120.20188,Southern Mississippi,USA
Chucky Brown,CHH,32,203.2,97.52228,North Carolina State,USA
Chucky Atkins,ORL,25,180.34,72.57472,South Florida,USA
Chuck Person,SEA,36,203.2,109.315672,Auburn,USA
Bonzi Wells,POR,23,195.58,95.25432,Ball State,USA
Christian Laettner,DET,30,210.82,111.13004,Duke,USA
Chris Webber,SAC,27,208.28,111.13004,Michigan,USA
Chris Mullin,IND,36,200.66,97.52228,St. John's (NY),USA
Chris Mills,GSW,30,200.66,97.975872,Arizona,USA
Chris Herren,DEN,24,187.96,86.18248,Fresno State,USA
Chris Gatling,DEN,32,208.28,99.79024,Old Dominion,USA
Chris Dudley,NYK,35,210.82,117.93392,Yale,USA
Chris Crawford,ATL,25,205.74,106.59412,Marquette,USA
Chris Childs,NYK,32,190.5,88.45044,Boise State,USA
Chris Carr,CHI,26,198.12,99.79024,Southern Illinois,USA
Chris Anstey,CHI,25,213.36,112.944408,None,USA
Chris Whitney,WAS,28,182.88,79.3786,Clemson,USA
Bobby Phills,CHH,30,195.58,95.25432,Southern,USA
Bobby Jackson,MIN,27,185.42,83.91452,Minnesota,USA
Bob Sura,CLE,27,195.58,90.7184,Florida State,USA
Anthony Carter,MIA,25,185.42,86.18248,Hawaii,USA
Anthony Avent,LAC,30,205.74,108.86208,Seton Hall,USA
Antawn Jamison,GSW,24,205.74,101.151016,North Carolina,USA
Anfernee Hardaway,PHX,28,200.66,97.52228,Memphis,USA
Andrew Lang,NYK,34,210.82,124.7378,Arkansas,USA
Andrew DeClercq,CLE,27,208.28,104.32616,Florida,USA
Andre Miller,CLE,24,187.96,92.079176,Utah,USA
Andrae Patterson,MIN,24,205.74,107.954896,Indiana,USA
Alvin Williams,TOR,25,195.58,83.91452,Villanova,USA
Alonzo Mourning,MIA,30,208.28,118.387512,Georgetown,USA
Anthony Johnson,ORL,25,190.5,86.18248,College of Charleston,USA
Allen Iverson,PHI,25,182.88,74.84268,Georgetown,USA
Aleksandar Radojevic,TOR,23,220.98,111.13004,Barton Community College,USA
Alan Henderson,ATL,27,205.74,106.59412,Indiana,USA
Al Harrington,IND,20,205.74,115.212368,None,USA
Adrian Griffin,BOS,25,195.58,97.52228,Seton Hall,USA
Adonal Foyle,GSW,25,208.28,113.398,Colgate,St. Vincent & Grenadines
Adam Keefe,UTA,30,205.74,104.32616,Stanford,USA
Aaron Williams,WAS,28,205.74,102.0582,Xavier,USA
Aaron McKie,PHI,27,195.58,94.800728,Temple,USA
A.J. Bramlett,CLE,23,208.28,102.965384,Arizona,USA
A.C. Green,LAL,36,205.74,102.0582,Oregon State,USA
Allan Houston,NYK,29,198.12,90.7184,Tennessee,USA
Cuttino Mobley,HOU,24,193.04,86.18248,Rhode Island,USA
Anthony Mason,CHH,33,203.2,122.46984,Tennessee State,USA
Anthony Parker,ORL,25,198.12,97.52228,Bradley,USA
Bo Outlaw,ORL,29,203.2,95.25432,Houston,USA
Bimbo Coles,ATL,32,187.96,82.553744,Virginia Tech,USA
Billy Owens,GSW,31,205.74,102.0582,Syracuse,USA
Bill Wennington,SAC,37,213.36,111.13004,St. John's (NY),USA
Bill Curley,GSW,28,205.74,111.13004,Boston College,USA
Benoit Benjamin,CLE,35,213.36,113.398,Creighton,USA
Ben Wallace,ORL,25,205.74,108.86208,Virginia Union,USA
Ben Davis,PHX,27,205.74,111.13004,Arizona,USA
Baron Davis,CHH,21,190.5,95.25432,UCLA,USA
B.J. Armstrong,CHI,32,187.96,83.91452,Iowa,USA
Anthony Miller,HOU,28,205.74,115.66596,Michigan State,USA
Avery Johnson,SAS,35,180.34,81.64656,Southern,USA
Arvydas Sabonis,POR,35,220.98,132.448864,None,Lithuania
Armen Gilliam,UTA,36,205.74,117.93392,Nevada-Las Vegas,USA
Antonio McDyess,DEN,25,205.74,99.79024,Alabama,USA
Antonio Lang,PHI,28,203.2,92.98636,Duke,USA
Antonio Harvey,POR,29,210.82,102.0582,Pfeiffer,USA
Antonio Davis,TOR,31,205.74,104.32616,Texas-El Paso,USA
Antonio Daniels,SAS,25,193.04,92.98636,Bowling Green,USA
Antoine Walker,BOS,23,205.74,111.13004,Kentucky,USA
Antoine Carr,VAN,38,205.74,102.0582,Wichita State,USA
Anthony Peeler,MIN,30,193.04,94.347136,Missouri,USA
Austin Croshere,IND,25,205.74,106.59412,Providence,USA
Dale Davis,IND,31,210.82,104.32616,Clemson,USA
Jason Terry,ATL,22,187.96,78.017824,Arizona,USA
Damon Jones,DAL,23,190.5,83.91452,Houston,USA
Glenn Robinson,MIL,27,200.66,104.32616,Purdue,USA
Glen Rice,LAL,33,203.2,99.79024,Michigan,USA
Gheorghe Muresan,NJN,29,231.14,137.438376,None,USA
Gerard King,WAS,27,205.74,113.398,Nicholls State,USA
George McCloud,DEN,33,203.2,102.0582,Florida State,USA
George Lynch,PHI,29,203.2,103.418976,North Carolina,USA
Gary Trent,DAL,25,203.2,113.398,Ohio,USA
Gary Payton,SEA,31,193.04,81.64656,Oregon State,USA
Gary Grant,POR,35,190.5,83.91452,Michigan,USA
Fred Vinson,SEA,29,193.04,86.18248,Georgia Tech,USA
Fred Hoiberg,CHI,27,193.04,92.079176,Iowa State,USA
Felton Spencer,SAS,32,213.36,120.20188,Louisville,USA
Felipe Lopez,VAN,25,198.12,88.45044,St. John's (NY),Dominican Republic
Evan Eschmeyer,NJN,25,210.82,115.66596,Northwestern,USA
Etdrick Bohannon,LAC,27,205.74,106.59412,Auburn-Montgomery,USA
Ervin Johnson,MIL,32,210.82,111.13004,New Orleans,USA
Erick Strickland,DAL,26,190.5,95.25432,Nebraska,USA
Erick Dampier,GSW,24,210.82,120.20188,Mississippi State,USA
Eric Williams,BOS,27,203.2,99.79024,Providence,USA
Eric Snow,PHI,27,190.5,92.532768,Michigan State,USA
Eric Piatkowski,LAC,29,200.66,97.52228,Nebraska,USA
Grant Hill,DET,27,203.2,102.0582,Duke,USA
Grant Long,VAN,34,205.74,112.490816,Eastern Michigan,USA
Greg Anthony,POR,32,185.42,81.64656,Nevada-Las Vegas,USA
Greg Buckner,DAL,23,193.04,95.25432,Clemson,USA
Dale Ellis,CHH,39,200.66,92.98636,Tennessee,USA
Jason Kidd,PHX,27,193.04,96.161504,California,USA
Jason Caffey,GSW,27,203.2,116.119552,Alabama,USA
Jaren Jackson,SAS,32,198.12,102.0582,Georgetown,USA
Jamie Feick,NJN,25,203.2,115.66596,Michigan State,USA
James Posey,DEN,23,203.2,97.52228,Xavier,USA
Jamal Mashburn,MIA,27,203.2,109.315672,Kentucky,USA
Jalen Rose,IND,27,203.2,95.25432,Michigan,USA
Jahidi White,WAS,24,205.74,131.54168,Georgetown,USA
Jacque Vaughn,UTA,25,185.42,86.18248,Kansas,USA
Eric Murdock,LAC,32,185.42,86.18248,Providence,USA
J.R. Reid,MIL,32,205.74,112.037224,North Carolina,USA
Ike Austin,WAS,30,208.28,122.46984,Arizona State,USA
Hubert Davis,DAL,30,195.58,83.007336,North Carolina,USA
Howard Eisley,UTA,27,187.96,81.64656,Boston College,USA
Horace Grant,SEA,34,208.28,111.13004,Clemson,USA
Hersey Hawkins,CHI,33,190.5,90.7184,Bradley,USA
Haywoode Workman,TOR,34,187.96,81.64656,Oral Roberts,USA
Harold Jamison,MIA,23,203.2,117.93392,Clemson,USA
Hakeem Olajuwon,HOU,37,213.36,115.66596,Houston,Nigeria
Greg Ostertag,UTA,27,218.44,127.00576,Kansas,USA
Greg Foster,SEA,31,210.82,113.398,Texas-El Paso,USA
Isaiah Rider,ATL,29,195.58,97.52228,Nevada-Las Vegas,USA
Eric Montross,DET,28,213.36,122.46984,North Carolina,USA
Ira Bowman,PHI,27,195.58,88.45044,Pennsylvania,USA
Elton Brand,CHI,21,203.2,117.93392,Duke,USA
Derek Hood,CHH,23,203.2,104.32616,Arkansas,USA
Derek Fisher,LAL,25,185.42,90.7184,Arkansas-Little Rock,USA
Derek Anderson,LAC,25,195.58,88.45044,Kentucky,USA
Dennis Scott,VAN,31,203.2,103.872568,Georgia Tech,USA
Dennis Rodman,DAL,39,200.66,95.25432,Southeastern Oklahoma State,USA
Dell Curry,TOR,36,195.58,92.98636,Virginia Tech,USA
Dee Brown,TOR,31,187.96,92.98636,Jacksonville,USA
Dedric Willoughby,CHI,26,190.5,81.64656,Iowa State,USA
Dean Garrett,MIN,33,210.82,113.398,Indiana,USA
DeMarco Johnson,NYK,24,205.74,111.13004,North Carolina-Charlotte,USA
Derek Strong,ORL,32,205.74,108.86208,Xavier,USA
David Wingate,NYK,36,195.58,83.91452,Georgetown,USA
David Robinson,SAS,34,215.9,113.398,Navy,USA
Darvin Ham,MIL,26,200.66,104.32616,Texas Tech,USA
Darrick Martin,SAC,29,180.34,77.11064,UCLA,USA
Danny Manning,MIL,34,208.28,110.676448,Kansas,USA
Danny Fortson,BOS,24,200.66,117.93392,Cincinnati,USA
Danny Ferry,CLE,33,208.28,106.59412,Duke,USA
Dana Barros,BOS,33,180.34,73.935496,Boston College,USA
Dan Majerle,MIA,34,198.12,100.697424,Central Michigan,USA
Damon Stoudamire,POR,26,177.8,77.564232,Arizona,USA
Emanual Davis,SEA,31,195.58,88.45044,Delaware State,USA
David Wesley,CHH,29,185.42,91.625584,Baylor,USA
Derrick Coleman,CHH,33,208.28,122.46984,Syracuse,USA
Darrell Armstrong,ORL,32,185.42,81.64656,Fayetteville State,USA
Derrick McKey,IND,33,208.28,109.315672,Alabama,USA
Elden Campbell,CHH,31,213.36,115.66596,Clemson,USA
Eddie Robinson,CHH,24,205.74,95.25432,Central Oklahoma,USA
Eddie Jones,CHH,28,198.12,90.7184,Temple,USA
Earl Boykins,CLE,24,165.1,60.327736,Eastern Michigan,USA
Eldridge Recasner,CHH,32,193.04,86.18248,Washington,USA
Duane Causwell,MIA,32,213.36,115.66596,Temple,USA
Elliot Perry,NJN,31,182.88,68.945984,Memphis,USA
Drew Barry,ATL,27,195.58,86.636072,Georgia Tech,USA
Doug West,VAN,33,198.12,99.79024,Villanova,USA
Doug Christie,TOR,30,198.12,92.98636,Pepperdine,USA
Donyell Marshall,GSW,27,205.74,104.32616,Connecticut,USA
Doug Overton,BOS,30,190.5,86.18248,La Salle,USA
Donny Marshall,CLE,27,200.66,104.32616,Connecticut,USA
Detlef Schrempf,POR,37,208.28,106.59412,Washington,USA
Devean George,LAL,22,203.2,99.79024,Augsburg,USA
Devin Gray,HOU,28,200.66,108.86208,Clemson,USA
Dikembe Mutombo,ATL,34,218.44,118.387512,Georgetown,Congo
Dickey Simpkins,CHI,28,205.74,115.66596,Providence,USA
Dirk Nowitzki,DAL,22,213.36,107.501304,None,Germany
Don MacLean,PHX,30,208.28,106.59412,UCLA,USA
Don Reid,WAS,26,203.2,113.398,Georgetown,USA
Dion Glover,ATL,21,195.58,103.418976,Georgia Tech,USA
Derrick Dial,SAS,24,193.04,83.460928,Eastern Michigan,USA
Jermaine O'Neal,IND,22,210.82,102.511792,None,USA
Jerome Kersey,MIL,39,200.66,97.52228,Longwood,USA
Jason Williams,SAC,25,185.42,86.18248,Florida,USA
Jelani McCoy,SEA,23,208.28,111.13004,UCLA,USA
Jeff McInnis,LAC,26,193.04,80.739376,North Carolina,USA
Jeff Foster,IND,24,210.82,109.769264,Texas State,USA
Jaren Jackson,SAS,33,193.04,86.18248,Georgetown,USA
Jason Kidd,PHX,28,193.04,96.161504,California,USA
Jason Hart,MIL,23,187.96,82.100152,Syracuse,USA
Jason Collier,HOU,23,213.36,117.93392,Georgia Tech,USA
Jason Caffey,MIL,28,203.2,116.119552,Alabama,USA
Jerome Moiso,BOS,23,208.28,105.233344,UCLA,France
Jamie Feick,NJN,26,205.74,115.66596,Michigan State,USA
James Robinson,ORL,30,187.96,81.64656,Alabama,USA
James Posey,DEN,24,203.2,97.52228,Xavier,USA
Jason Terry,ATL,23,187.96,78.017824,Arizona,USA
Jerome Williams,TOR,28,205.74,93.439952,Georgetown,USA
John Stockton,UTA,39,185.42,79.3786,Gonzaga,USA
Jim Jackson,CLE,30,198.12,99.79024,Ohio State,USA
Karl Malone,UTA,37,205.74,116.119552,Louisiana Tech,USA
Jamel Thomas,NJN,24,198.12,99.336648,Providence,USA
Juwan Howard,DAL,28,205.74,113.398,Michigan,USA
Jumaine Jones,PHI,22,203.2,98.883056,Georgia,USA
Jud Buechler,DET,33,198.12,103.418976,Arizona,USA
Jonathan Bender,IND,20,210.82,89.811216,None,USA
Jon Barry,SAC,31,195.58,95.25432,Georgia Tech,USA
Jerry Stackhouse,DET,26,198.12,98.883056,North Carolina,USA
Johnny Newman,NJN,37,200.66,95.25432,Richmond,USA
John Starks,UTA,35,195.58,86.18248,Oklahoma State,USA
John Crotty,UTA,31,187.96,87.996848,Virginia,USA
John Coker,GSW,29,213.36,114.758776,Boise State,USA
John Amaechi,ORL,30,208.28,122.46984,Penn State,England
Joel Przybilla,MIL,21,215.9,115.66596,Minnesota,USA
Joe Smith,DET,25,208.28,102.0582,Maryland,USA
Jim McIlvaine,NJN,28,215.9,108.86208,Marquette,USA
John Wallace,DET,27,205.74,102.0582,Syracuse,USA
Jamal Robinson,MIA,27,200.66,96.161504,Virginia,USA
Greg Anthony,POR,33,185.42,81.64656,Nevada-Las Vegas,USA
Jamal Crawford,CHI,21,195.58,90.7184,Michigan,USA
Greg Foster,LAL,32,210.82,113.398,Texas-El Paso,USA
Greg Buckner,DAL,24,193.04,95.25432,Clemson,USA
Grant Long,VAN,35,205.74,113.398,Eastern Michigan,USA
Grant Hill,ORL,28,203.2,102.0582,Duke,USA
Glenn Robinson,MIL,28,200.66,104.32616,Purdue,USA
Glen Rice,NYK,34,203.2,99.79024,Michigan,USA
Gerard King,WAS,28,205.74,104.32616,Nicholls State,USA
Greg Ostertag,UTA,28,218.44,127.00576,Kansas,USA
George McCloud,DEN,34,203.2,102.0582,Florida State,USA
Gary Trent,DAL,26,203.2,113.398,Ohio,USA
Gary Payton,SEA,32,193.04,81.64656,Oregon State,USA
Gary Grant,POR,36,190.5,83.91452,Michigan,USA
Garth Joseph,DEN,27,218.44,138.799152,Saint Rose,USA
Fred Hoiberg,CHI,28,195.58,95.25432,Iowa State,USA
Felton Spencer,NYK,33,213.36,120.20188,Louisville,USA
Keith Van Horn,NJN,25,208.28,115.66596,Utah,USA
George Lynch,PHI,30,203.2,103.418976,North Carolina,USA
Jamal Mashburn,CHH,28,203.2,109.315672,Kentucky,USA
Hakeem Olajuwon,HOU,38,213.36,115.66596,Houston,Nigeria
Hedo Turkoglu,SAC,22,203.2,99.79024,None,Turkey
Jamaal Magloire,CHH,23,208.28,117.93392,Kentucky,Canada
Jalen Rose,IND,28,203.2,102.0582,Michigan,USA
Jake Voskuhl,CHI,23,210.82,111.13004,Connecticut,USA
Jake Tsakalidis,PHX,22,218.44,129.27372,None,Greece
Jahidi White,WAS,25,205.74,131.54168,Georgetown,USA
Jacque Vaughn,UTA,26,185.42,86.18248,Kansas,USA
Jabari Smith,SAC,24,210.82,113.398,Louisiana State,USA
Hanno Mottola,ATL,24,210.82,112.037224,Utah,Finland
J.R. Reid,CLE,33,205.74,112.037224,North Carolina,USA
Ira Newble,SAS,26,200.66,97.52228,Miami (OH),USA
Ira Bowman,ATL,28,195.58,88.45044,Pennsylvania,USA
Ike Austin,VAN,31,208.28,122.46984,Arizona State,USA
Hubert Davis,WAS,31,195.58,83.007336,North Carolina,USA
Howard Eisley,DAL,28,187.96,81.64656,Boston College,USA
Horace Grant,LAL,35,208.28,111.13004,Clemson,USA
Hersey Hawkins,CHH,34,190.5,90.7184,Bradley,USA
Isaiah Rider,LAL,30,195.58,97.52228,Nevada-Las Vegas,USA
Kelvin Cato,HOU,26,210.82,115.66596,Iowa State,USA
Metta World Peace,CHI,21,200.66,111.583632,St. John's (NY),USA
Kenny Anderson,BOS,30,185.42,76.203456,Georgia Tech,USA
Michael Redd,MIL,21,198.12,97.068688,Ohio State,USA
Michael Olowokandi,LAC,26,213.36,131.995272,Pacific,Nigeria
Michael Hawkins,CLE,28,182.88,80.739376,Xavier,USA
Michael Finley,DAL,28,200.66,97.52228,Wisconsin,USA
Michael Doleac,ORL,24,210.82,118.841104,Utah,USA
Michael Dickerson,VAN,26,193.04,86.18248,Arizona,USA
Michael Curry,DET,32,195.58,95.25432,Georgia Southern,USA
Michael Ruffin,CHI,24,203.2,112.490816,Tulsa,USA
Felipe Lopez,MIN,26,195.58,88.45044,St. John's (NY),Dominican Republic
Matt Maloney,ATL,29,190.5,90.7184,Pennsylvania,USA
Matt Harpring,CLE,25,200.66,104.779752,Georgia Tech,USA
Matt Geiger,PHI,31,215.9,112.490816,Georgia Tech,USA
Matt Bullard,HOU,34,208.28,106.59412,Iowa,USA
Mateen Cleaves,DET,23,187.96,92.98636,Michigan State,USA
Mark Strickland,NJN,30,208.28,99.79024,Temple,USA
Mark Pope,MIL,28,208.28,106.59412,Kentucky,USA
Maurice Taylor,HOU,24,205.74,117.93392,Michigan,USA
Mark Madsen,LAL,25,205.74,108.86208,Stanford,USA
Michael Smith,WAS,29,203.2,108.86208,Providence,USA
Mike Bibby,VAN,23,185.42,86.18248,Arizona,USA
Olumide Oyedeji,SEA,20,208.28,108.86208,None,Nigeria
Olden Polynice,UTA,36,213.36,113.398,Virginia,USA
Obinna Ekezie,DAL,25,205.74,117.93392,Maryland,Nigeria
Nick Van Exel,DEN,29,185.42,86.18248,Cincinnati,USA
Nick Anderson,SAC,33,198.12,103.418976,Illinois,USA
Nazr Mohammed,ATL,23,208.28,108.86208,Kentucky,USA
Muggsy Bogues,TOR,36,160.02,61.688512,Wake Forest,USA
Michael Stewart,TOR,26,208.28,104.32616,California,USA
Morris Peterson,TOR,23,200.66,98.883056,Michigan State,USA
Moochie Norris,HOU,27,185.42,79.3786,West Florida,USA
Monty Williams,ORL,29,203.2,102.0582,Notre Dame,USA
Mitch Richmond,WAS,36,195.58,97.52228,Kansas State,USA
Mikki Moore,DET,25,213.36,104.32616,Nebraska,USA
Mike Smith,WAS,25,203.2,88.45044,Louisiana-Monroe,USA
Mike Penberthy,LAL,26,190.5,81.64656,Master's,USA
Mike Miller,ORL,21,203.2,98.883056,Florida,USA
Mookie Blaylock,GSW,34,185.42,83.91452,Oklahoma,USA
Kendall Gill,NJN,33,195.58,97.975872,Illinois,USA
Mark Jackson,NYK,36,190.5,92.98636,St. John's (NY),USA
Mark Blount,BOS,25,213.36,104.32616,Pittsburgh,USA
Lari Ketner,IND,24,205.74,125.644984,Massachusetts,USA
Lamond Murray,CLE,28,200.66,107.047712,California,USA
Lamar Odom,LAC,21,208.28,96.615096,Rhode Island,USA
LaPhonso Ellis,MIN,31,203.2,108.86208,Notre Dame,USA
Kurt Thomas,NYK,28,205.74,104.32616,Texas Christian,USA
Kornel David,DET,29,205.74,104.32616,None,USA
Kobe Bryant,LAL,22,200.66,95.25432,None,USA
Laron Profit,WAS,23,195.58,92.532768,Maryland,USA
Khalid El-Amin,CHI,22,177.8,90.7184,Connecticut,USA
Kevin Willis,DEN,38,213.36,111.13004,Michigan State,USA
Kevin Ollie,PHI,28,187.96,88.45044,Connecticut,USA
Kevin Garnett,MIN,25,210.82,99.79024,None,USA
Kevin Edwards,VAN,35,190.5,95.25432,DePaul,USA
Keon Clark,TOR,26,210.82,100.243832,Nevada-Las Vegas,USA
Kenyon Martin,NJN,23,205.74,104.32616,Cincinnati,USA
Kenny Thomas,HOU,23,203.2,117.93392,New Mexico,USA
Keyon Dooling,LAC,21,195.58,87.543256,Missouri,USA
Mark Bryant,DAL,36,205.74,113.398,Seton Hall,USA
Larry Hughes,GSW,22,195.58,83.460928,Saint Louis,USA
Larry Robinson,ATL,33,190.5,81.64656,Centenary (LA),USA
Mario Elie,PHX,37,195.58,102.0582,American International,USA
Marcus Fizer,CHI,22,205.74,118.841104,Iowa State,USA
Marcus Camby,NYK,27,210.82,102.0582,Massachusetts,USA
Marc Jackson,GSW,26,208.28,122.46984,Temple,USA
Mamadou N'diaye,TOR,26,213.36,115.66596,Auburn,Senegal
Malik Rose,SAS,26,200.66,115.66596,Drexel,USA
Mahmoud Abdul-Rauf,VAN,32,185.42,73.481904,Louisiana State,USA
Larry Johnson,NYK,32,200.66,106.59412,Nevada-Las Vegas,USA
Lucious Harris,NJN,30,195.58,92.98636,Long Beach State,USA
Loy Vaught,WAS,33,205.74,108.86208,Michigan,USA
Lorenzen Wright,ATL,25,210.82,108.86208,Memphis,USA
Lindsey Hunter,MIL,30,187.96,90.7184,Jackson State,USA
Lee Nailon,CHH,26,203.2,109.315672,Texas Christian,USA
Lawrence Funderburke,SAC,30,205.74,104.32616,Ohio State,USA
Lavor Postell,NYK,23,195.58,92.98636,St. John's (NY),USA
Latrell Sprewell,NYK,30,195.58,86.18248,Alabama,USA
Luc Longley,NYK,32,218.44,120.20188,New Mexico,USA
Evan Eschmeyer,NJN,26,210.82,115.66596,Northwestern,USA
David Robinson,SAS,35,215.9,113.398,Navy,USA
Ervin Johnson,MIL,33,210.82,115.66596,New Orleans,USA
Bryon Russell,UTA,30,200.66,102.0582,Long Beach State,USA
Bryce Drew,CHI,26,190.5,83.91452,Valparaiso,USA
Bryant Stith,BOS,30,195.58,95.25432,Virginia,USA
Bryant Reeves,VAN,28,213.36,131.54168,Oklahoma State,USA
Bruno Sundov,IND,21,218.44,108.408488,None,Croatia
Bruce Bowen,MIA,30,200.66,90.7184,Cal State-Fullerton,USA
Brian Skinner,LAC,25,205.74,120.20188,Baylor,USA
Cal Bowdler,ATL,24,208.28,111.13004,Old Dominion,USA
Brian Shaw,LAL,35,198.12,90.7184,California-Santa Barbara,USA
Brian Cardinal,DET,24,203.2,111.13004,Purdue,USA
Brevin Knight,ATL,25,177.8,77.11064,Stanford,USA
Brent Price,VAN,32,185.42,83.91452,Oklahoma,USA
Brent Barry,SEA,29,198.12,97.52228,Oregon State,USA
Brad Miller,CHI,25,213.36,118.387512,Purdue,USA
Bonzi Wells,POR,24,195.58,95.25432,Ball State,USA
Bobby Jackson,SAC,28,185.42,83.91452,Minnesota,USA
Brian Grant,MIA,29,205.74,113.398,Xavier,USA
Bob Sura,GSW,28,195.58,90.7184,Florida State,USA
Calbert Cheaney,DEN,29,200.66,98.429464,Indiana,USA
Carlos Rogers,HOU,30,210.82,105.233344,Tennessee State,USA
Chris Mullin,GSW,37,198.12,90.7184,St. John's (NY),USA
Chris Mills,GSW,31,200.66,97.975872,Arizona,USA
Chris Mihm,CLE,21,215.9,120.20188,Texas,USA
Chris Herren,BOS,25,187.96,86.18248,Fresno State,USA
Chris Gatling,CLE,33,208.28,104.32616,Old Dominion,USA
Chris Garner,GSW,26,177.8,70.760352,Memphis,USA
Chris Dudley,PHX,36,210.82,117.93392,Yale,USA
Calvin Booth,DAL,25,210.82,109.315672,Penn State,USA
Chris Crawford,ATL,26,205.74,106.59412,Marquette,USA
Chris Carr,BOS,27,198.12,99.79024,Southern Illinois,USA
Cherokee Parks,LAC,28,210.82,108.86208,Duke,USA
Chauncey Billups,MIN,24,190.5,91.625584,Colorado,USA
Charlie Ward,NYK,30,187.96,86.18248,Florida State,USA
Charles Oakley,TOR,37,205.74,111.13004,Virginia Union,USA
Cedric Henderson,CLE,26,200.66,102.0582,Memphis,USA
Cedric Ceballos,MIA,31,200.66,99.79024,Cal State-Fullerton,USA
Chris Childs,TOR,33,190.5,88.45044,Boise State,USA
Chris Porter,GSW,23,200.66,98.883056,Auburn,USA
Bo Outlaw,ORL,30,203.2,95.25432,Houston,USA
Billy Owens,DET,32,203.2,99.79024,Syracuse,USA
Andy Panko,ATL,23,205.74,111.13004,Lebanon Valley,USA
Andrew DeClercq,ORL,28,208.28,115.66596,Florida,USA
Andre Miller,CLE,25,187.96,90.7184,Utah,USA
Alvin Williams,TOR,26,195.58,83.91452,Villanova,USA
Alonzo Mourning,MIA,31,208.28,118.387512,Georgetown,USA
Allen Iverson,PHI,26,182.88,74.84268,Georgetown,USA
Allan Houston,NYK,30,198.12,90.7184,Tennessee,USA
Anfernee Hardaway,PHX,29,200.66,97.52228,Memphis,USA
Alan Henderson,ATL,28,205.74,106.59412,Indiana,USA
Adrian Griffin,BOS,26,195.58,97.52228,Seton Hall,USA
Adonal Foyle,GSW,26,208.28,113.398,Colgate,St. Vincent & Grenadines
Adam Keefe,GSW,31,205.74,104.32616,Stanford,USA
Aaron Williams,NJN,29,205.74,102.0582,Xavier,USA
Aaron McKie,PHI,28,195.58,94.800728,Temple,USA
A.J. Guyton,CHI,23,185.42,81.64656,Indiana,USA
A.C. Green,MIA,37,205.74,102.0582,Oregon State,USA
Al Harrington,IND,21,205.74,115.212368,None,USA
Bimbo Coles,CLE,33,187.96,82.553744,Virginia Tech,USA
Antawn Jamison,GSW,25,205.74,101.151016,North Carolina,USA
Anthony Goldwire,DEN,29,187.96,82.553744,Houston,USA
Bill Curley,GSW,29,205.74,99.79024,Boston College,USA
Ben Wallace,DET,26,205.74,108.86208,Virginia Union,USA
Baron Davis,CHH,22,190.5,96.161504,UCLA,USA
Avery Johnson,SAS,36,180.34,81.64656,Southern,USA
Austin Croshere,IND,26,205.74,109.769264,Providence,USA
Arvydas Sabonis,POR,36,220.98,132.448864,None,Lithuania
Art Long,SAC,28,205.74,108.86208,Cincinnati,USA
Anthony Carter,MIA,26,185.42,86.18248,Hawaii,USA
Antonio McDyess,DEN,26,205.74,111.13004,Alabama,USA
Antonio Davis,TOR,32,205.74,104.32616,Texas-El Paso,USA
Antonio Daniels,SAS,26,193.04,92.98636,Bowling Green,USA
Antoine Walker,BOS,24,205.74,111.13004,Kentucky,USA
Anthony Peeler,MIN,31,193.04,94.347136,Missouri,USA
Anthony Miller,PHI,29,205.74,115.66596,Michigan State,USA
Anthony Mason,MIA,34,203.2,115.66596,Tennessee State,USA
Anthony Johnson,CLE,26,190.5,86.18248,College of Charleston,USA
Antonio Harvey,POR,30,210.82,113.398,Pfeiffer,USA
Etdrick Bohannon,CLE,28,205.74,99.79024,Auburn-Montgomery,USA
Chris Webber,SAC,28,208.28,111.13004,Michigan,USA
Christian Laettner,WAS,31,210.82,111.13004,Duke,USA
Doug West,VAN,34,198.12,90.7184,Villanova,USA
Doug Overton,NJN,31,190.5,86.18248,La Salle,USA
Doug Christie,SAC,31,198.12,92.98636,Pepperdine,USA
Donyell Marshall,UTA,28,205.74,104.32616,Connecticut,USA
Donnell Harvey,DAL,20,203.2,99.79024,Florida,USA
Don Reid,ORL,27,203.2,113.398,Georgetown,USA
Don MacLean,MIA,31,208.28,106.59412,UCLA,USA
Dragan Tarlac,CHI,28,210.82,122.46984,None,USA
Dirk Nowitzki,DAL,23,210.82,107.501304,None,Germany
Dikembe Mutombo,PHI,35,218.44,120.20188,Georgetown,Congo
Devean George,LAL,23,203.2,99.79024,Augsburg,USA
Detlef Schrempf,POR,38,208.28,106.59412,Washington,USA
Desmond Mason,SEA,23,195.58,97.52228,Oklahoma State,USA
Derrick McKey,IND,34,208.28,109.315672,Alabama,USA
Derrick Dial,SAS,25,193.04,83.91452,Eastern Michigan,USA
Derrick Coleman,CHH,34,208.28,122.46984,Syracuse,USA
Dion Glover,ATL,22,195.58,103.418976,Georgia Tech,USA
Derek Strong,LAC,33,205.74,108.86208,Xavier,USA
Duane Causwell,MIA,33,213.36,115.66596,Temple,USA
Eddie Gill,NJN,22,182.88,86.18248,Weber State,USA
Erick Strickland,VAN,27,190.5,95.25432,Nebraska,USA
Erick Dampier,GSW,25,210.82,120.20188,Mississippi State,USA
Erick Barkley,POR,23,185.42,80.285784,St. John's (NY),USA
Eric Williams,BOS,28,203.2,99.79024,Providence,USA
Eric Snow,PHI,28,190.5,92.532768,Michigan State,USA
Eric Piatkowski,LAC,30,198.12,98.429464,Nebraska,USA
Eric Montross,TOR,29,213.36,122.46984,North Carolina,USA
Earl Boykins,LAC,25,165.1,60.327736,Eastern Michigan,USA
Emanual Davis,SEA,32,195.58,88.45044,Delaware State,USA
Elliot Perry,PHX,32,182.88,68.945984,Memphis,USA
Eldridge Recasner,CHH,33,193.04,87.089664,Washington,USA
Elden Campbell,CHH,32,213.36,124.7378,Clemson,USA
Eduardo Najera,DAL,24,203.2,106.140528,Oklahoma,Mexico
Eddie Robinson,CHH,25,205.74,92.98636,Central Oklahoma,USA
Eddie Jones,MIA,29,200.66,87.996848,Temple,USA
Eddie House,MIA,23,185.42,81.64656,Arizona State,USA
Elton Brand,CHI,22,203.2,117.93392,Duke,USA
Chris Whitney,WAS,29,182.88,79.3786,Clemson,USA
Derek Fisher,LAL,26,185.42,90.7184,Arkansas-Little Rock,USA
DerMarr Johnson,ATL,21,205.74,91.171992,Cincinnati,USA
Dan Langhi,HOU,23,210.82,99.79024,Vanderbilt,USA
Damon Stoudamire,POR,27,177.8,77.564232,Arizona,USA
Damon Jones,VAN,24,190.5,83.91452,Houston,USA
Dalibor Bagaric,CHI,20,215.9,125.644984,None,Croatia
Dale Davis,POR,32,210.82,114.305184,Clemson,USA
Cuttino Mobley,HOU,25,193.04,86.18248,Rhode Island,USA
Courtney Alexander,WAS,24,195.58,92.98636,Fresno State,USA
Dan Majerle,MIA,35,198.12,100.697424,Central Michigan,USA
Cory Alexander,ORL,28,185.42,86.18248,Virginia,USA
Corie Blount,GSW,32,208.28,109.769264,Cincinnati,USA
Corey Maggette,LAC,21,198.12,98.883056,Duke,USA
Corey Benjamin,CHI,23,198.12,92.98636,Oregon State,USA
Clifford Robinson,PHX,34,208.28,102.0582,Connecticut,USA
Clar. Weatherspoon,CLE,30,200.66,120.20188,Southern Mississippi,USA
Chucky Brown,CLE,33,203.2,99.79024,North Carolina State,USA
Chucky Atkins,DET,26,180.34,72.57472,South Florida,USA
Corliss Williamson,DET,27,200.66,111.13004,Arkansas,USA
Derek Anderson,SAS,26,195.58,88.45044,Kentucky,USA
Dan McClintock,DEN,24,213.36,122.46984,Northern Arizona,USA
Daniel Santiago,PHX,25,215.9,116.119552,Saint Vincent,Puerto Rico
Dell Curry,TOR,37,195.58,92.98636,Virginia Tech,USA
Dee Brown,ORL,32,187.96,92.98636,Jacksonville,USA
Dean Garrett,MIN,34,210.82,113.398,Indiana,USA
DeShawn Stevenson,UTA,20,195.58,95.25432,None,USA
David Wingate,SEA,37,195.58,84.821704,Georgetown,USA
David Wesley,CHH,30,185.42,95.707912,Baylor,USA
David Vanterpool,WAS,28,195.58,90.7184,St. Bonaventure,USA
Dana Barros,DET,34,180.34,73.935496,Boston College,USA
Othella Harrington,NYK,27,205.74,106.59412,Georgetown,USA
Darvin Ham,MIL,27,200.66,104.32616,Texas Tech,USA
Darrick Martin,SAC,30,180.34,77.11064,UCLA,USA
Darrell Armstrong,ORL,33,185.42,81.64656,Fayetteville State,USA
Darius Miles,LAC,19,205.74,91.625584,None,USA
Danny Manning,UTA,35,208.28,110.676448,Kansas,USA
Danny Fortson,GSW,25,203.2,117.93392,Cincinnati,USA
Danny Ferry,SAS,34,208.28,106.59412,Duke,USA
David Benoit,UTA,33,203.2,99.79024,Alabama,USA
Otis Thorpe,CHH,38,208.28,112.490816,Providence,USA
Milt Palacio,BOS,23,190.5,88.45044,Colorado State,Belize
Pat Garrity,ORL,24,205.74,107.954896,Notre Dame,USA
Tony Massenburg,VAN,33,205.74,113.398,Maryland,USA
Tony Delk,PHX,27,187.96,85.728888,Kentucky,USA
Tony Battie,BOS,25,210.82,108.86208,Texas Tech,USA
Toni Kukoc,ATL,32,210.82,106.59412,None,Croatia
Tom Hammonds,MIN,34,205.74,97.52228,Georgia Tech,USA
Tom Gugliotta,PHX,31,208.28,108.86208,North Carolina State,USA
Todd MacCulloch,PHI,25,213.36,115.66596,Washington,Canada
Todd Fuller,MIA,26,210.82,115.66596,North Carolina State,USA
Todd Day,MIN,31,198.12,85.275296,Arkansas,USA
Tim Thomas,MIL,24,208.28,104.32616,Villanova,USA
Tim James,CHH,24,200.66,96.161504,Miami (FL),USA
Tim Hardaway,MIA,34,182.88,88.45044,Texas-El Paso,USA
Tim Duncan,SAS,25,213.36,117.93392,Wake Forest,US Virgin Islands
Theo Ratliff,PHI,28,208.28,102.0582,Wyoming,USA
Terry Porter,SAS,38,190.5,92.98636,Wisconsin-Stevens Point,USA
Terry Mills,IND,33,208.28,104.32616,Michigan,USA
Terry Davis,DEN,34,208.28,122.46984,Virginia Union,USA
Terrell Brandon,MIN,31,180.34,78.471416,Oregon,USA
Terrance Roberson,CHH,24,200.66,97.52228,Fresno State,USA
Tariq Abdul-Wahad,DEN,26,198.12,101.151016,San Jose State,France
Stromile Swift,VAN,21,205.74,102.0582,Louisiana State,USA
Steven Smith,POR,32,203.2,100.243832,Michigan State,USA
Steve Nash,DAL,27,190.5,88.45044,Santa Clara,Canada
Steve Kerr,SAS,35,190.5,81.64656,Arizona,USA
Steve Goodrich,CHI,25,208.28,99.79024,Princeton,USA
Steve Francis,HOU,24,190.5,87.543256,Maryland,USA
Stephon Marbury,NJN,24,187.96,81.64656,Georgia Tech,USA
Tony Smith,ATL,33,190.5,83.91452,Marquette,USA
Tracy McGrady,ORL,22,203.2,95.25432,None,USA
Tracy Murray,TOR,29,200.66,103.418976,UCLA,USA
Trajan Langdon,CLE,25,190.5,89.357624,Duke,USA
P.J. Brown,CHH,31,210.82,108.86208,Louisiana Tech,USA
Zydrunas Ilgauskas,CLE,26,220.98,117.93392,None,Lithuania
Zendon Hamilton,LAC,26,210.82,115.212368,St. John's (NY),USA
Zan Tabak,IND,31,213.36,116.573144,None,USA
William Avery,MIN,21,187.96,89.357624,Duke,USA
Will Perdue,POR,35,213.36,108.86208,Vanderbilt,USA
Wesley Person,CLE,30,198.12,90.7184,Auburn,USA
Wang Zhi-zhi,DAL,23,215.9,99.79024,None,China
Walter McCarty,BOS,27,208.28,104.32616,Kentucky,USA
Walt Williams,HOU,31,203.2,104.32616,Maryland,USA
Wally Szczerbiak,MIN,24,200.66,110.676448,Miami (OH),USA
Voshon Lenard,DEN,28,193.04,92.98636,Minnesota,USA
Vonteego Cummings,GSW,25,190.5,86.18248,Pittsburgh,USA
Stephen Jackson,NJN,23,203.2,98.883056,Butler Community College,USA
Vladimir Stepania,NJN,25,213.36,107.047712,None,Georgia
Vitaly Potapenko,BOS,26,208.28,129.27372,Wright State,Ukraine
Vinny Del Negro,PHX,34,193.04,90.7184,North Carolina State,USA
Vince Carter,TOR,24,198.12,102.0582,North Carolina,USA
Vin Baker,SEA,29,210.82,113.398,Hartford,USA
Vernon Maxwell,DAL,35,193.04,86.18248,Florida,USA
Tyus Edney,IND,28,177.8,75.296272,UCLA,USA
Tyronn Lue,LAL,24,182.88,80.739376,Nebraska,USA
Tyrone Nesby,WAS,25,198.12,111.13004,Nevada-Las Vegas,USA
Tyrone Hill,PHI,33,205.74,113.398,Xavier,USA
Tyrone Corbin,TOR,38,198.12,95.25432,DePaul,USA
Troy Hudson,ORL,25,185.42,77.11064,Southern Illinois,USA
Travis Knight,NYK,26,213.36,106.59412,Connecticut,USA
Travis Best,IND,28,180.34,83.460928,Georgia Tech,USA
Vlade Divac,SAC,33,215.9,117.93392,None,Serbia and Montenegro
Stacey Augmon,POR,32,203.2,92.98636,Nevada-Las Vegas,USA
Ruben Wolkowyski,SEA,27,208.28,122.46984,None,Argentina
Slava Medvedenko,LAL,22,208.28,113.398,None,Ukraine
Robert Traylor,CLE,24,203.2,131.088088,Michigan,USA
Robert Pack,DEN,32,187.96,86.18248,Southern California,USA
Robert Horry,LAL,30,208.28,106.59412,Alabama,USA
Ricky Davis,MIA,21,200.66,89.357624,Iowa,USA
Rick Fox,LAL,31,200.66,109.769264,North Carolina,Canada
Rick Brunson,NYK,29,193.04,86.18248,Temple,USA
Richard Hamilton,WAS,23,198.12,83.91452,Connecticut,USA
Reggie Slater,MIN,30,200.66,115.66596,Wyoming,USA
Reggie Miller,IND,35,200.66,91.625584,UCLA,USA
Ray Allen,MIL,25,195.58,92.98636,Connecticut,USA
Rasho Nesterovic,MIN,25,213.36,113.398,None,Slovenia
Rasheed Wallace,POR,26,210.82,104.32616,North Carolina,USA
Rashard Lewis,SEA,21,208.28,97.52228,None,USA
Randy Livingston,GSW,26,193.04,95.25432,Louisiana State,USA
Randy Brown,BOS,33,187.96,86.18248,New Mexico State,USA
Rafer Alston,MIL,24,187.96,78.471416,Fresno State,USA
Raef LaFrentz,DEN,25,210.82,108.86208,Kansas,USA
Quincy Lewis,UTA,24,200.66,97.52228,Minnesota,USA
Quentin Richardson,LAC,21,198.12,101.151016,DePaul,USA
Popeye Jones,WAS,31,203.2,113.398,Murray State,USA
Pervis Ellison,SEA,34,205.74,95.25432,Louisville,USA
Pepe Sanchez,PHI,24,193.04,88.45044,Temple,Argentina
Peja Stojakovic,SAC,24,205.74,103.872568,None,Serbia and Montenegro
Paul Pierce,BOS,23,198.12,104.32616,Kansas,USA
Paul McPherson,GSW,22,193.04,95.25432,DePaul,USA
Patrick Ewing,SEA,38,213.36,115.66596,Georgetown,Jamaica
Soumaila Samake,NJN,23,213.36,101.604608,None,Mali
Rod Strickland,POR,34,190.5,83.91452,DePaul,USA
Rodney Buford,PHI,23,195.58,85.728888,Creighton,USA
Raja Bell,PHI,24,195.58,92.532768,Florida International,U.S. Virgin Islands
Ron Harper,LAL,37,198.12,97.52228,Miami (OH),USA
Sherman Douglas,NJN,34,182.88,81.64656,Syracuse,USA
Rodney Rogers,PHX,30,200.66,115.66596,Wake Forest,USA
Shawn Marion,PHX,23,200.66,97.52228,Nevada-Las Vegas,USA
Shawn Kemp,POR,31,208.28,127.00576,Trinity Valley Community College,USA
Shawn Bradley,DAL,29,228.6,120.20188,Brigham Young,USA
Shareef Abdur-Rahim,VAN,24,205.74,104.32616,California,USA
Shaquille O'Neal,LAL,29,215.9,142.88148,Louisiana State,USA
Shammond Williams,SEA,26,185.42,91.171992,North Carolina,USA
Sean Rooks,LAC,31,208.28,117.93392,Arizona,USA
Sean Elliott,SAS,33,203.2,99.79024,Arizona,USA
Sean Colson,HOU,25,182.88,79.3786,North Carolina-Charlotte,USA
Scottie Pippen,POR,35,200.66,103.418976,Central Arkansas,USA
Scott Williams,MIL,33,208.28,104.32616,North Carolina,USA
Shandon Anderson,HOU,27,198.12,95.25432,Georgia,USA
Scott Burrell,CHH,30,200.66,98.883056,Connecticut,USA
Ron Mercer,CHI,25,200.66,95.25432,Kentucky,USA
Roshown McLeod,PHI,25,203.2,100.243832,Duke,USA
Scott Padgett,UTA,25,205.74,108.86208,Kentucky,USA
Ruben Garces,GSW,27,205.74,111.13004,Providence,USA
Ruben Patterson,SEA,25,195.58,101.604608,Cincinnati,USA
Ryan Bowen,DEN,25,200.66,99.79024,Iowa,USA
Sam Cassell,MIL,31,190.5,83.91452,Florida State,USA
Shawnelle Scott,SAS,29,210.82,113.398,St. John's (NY),USA
Sam Jacobson,MIN,25,193.04,97.52228,Minnesota,USA
Sam Mitchell,MIN,37,200.66,97.52228,Mercer,USA
Sam Perkins,IND,40,205.74,117.93392,North Carolina,USA
Samaki Walker,SAS,25,205.74,117.93392,Louisville,USA
Scot Pollard,SAC,26,210.82,120.20188,Kansas,USA
Ratko Varda,DET,23,215.9,117.93392,None,Yugoslavia
Rasho Nesterovic,MIN,26,213.36,112.490816,None,Slovenia
Rasheed Wallace,POR,27,210.82,102.0582,North Carolina,USA
Rashard Lewis,SEA,22,208.28,97.52228,None,USA
Randy Livingston,SEA,27,193.04,94.800728,Louisiana State,USA
Randy Brown,BOS,34,187.96,86.18248,New Mexico State,USA
Rafer Alston,MIL,25,187.96,77.564232,Fresno State,USA
Ray Allen,MIL,26,195.58,92.98636,Connecticut,USA
Raef LaFrentz,DAL,26,210.82,111.13004,Kansas,USA
Popeye Jones,WAS,32,203.2,113.398,Murray State,USA
Quincy Lewis,UTA,25,200.66,97.52228,Minnesota,USA
Quentin Richardson,LAC,22,198.12,101.151016,DePaul,USA
Predrag Drobnjak,SEA,26,210.82,123.377024,None,Yugoslavia
Peja Stojakovic,SAC,25,205.74,103.872568,None,Serbia and Montenegro
Raja Bell,PHI,25,195.58,92.532768,Florida International,U.S. Virgin Islands
Primoz Brezec,IND,22,215.9,110.222856,None,Slovenia
Rodney White,DET,22,205.74,107.954896,North Carolina-Charlotte,USA
Reggie Slater,ATL,31,200.66,115.66596,Wyoming,USA
Ryan Bowen,DEN,26,205.74,102.965384,Iowa,USA
Paul Pierce,BOS,24,198.12,104.32616,Kansas,USA
Rusty LaRue,UTA,28,190.5,83.91452,Wake Forest,USA
Ruben Patterson,POR,26,195.58,101.604608,Cincinnati,USA
Ruben Boumtje-Boumtje,POR,24,213.36,111.13004,Georgetown,USA
Ron Mercer,IND,26,200.66,95.25432,Kentucky,USA
Rodney Rogers,BOS,31,200.66,115.66596,Wake Forest,USA
Rodney Buford,MEM,24,195.58,85.728888,Creighton,USA
Rod Strickland,MIA,35,190.5,83.91452,DePaul,USA
Robert Traylor,CHH,25,203.2,128.820128,Michigan,USA
Robert Pack,MIN,33,187.96,86.18248,Southern California,USA
Robert Horry,LAL,31,208.28,106.59412,Alabama,USA
Ricky Davis,CLE,22,200.66,89.357624,Iowa,USA
Rick Fox,LAL,32,200.66,109.769264,North Carolina,Canada
Rick Brunson,POR,30,193.04,86.18248,Temple,USA
Richard Jefferson,NJN,22,200.66,100.697424,Arizona,USA
Richard Hamilton,WAS,24,200.66,87.543256,Connecticut,USA
Reggie Miller,IND,36,200.66,88.45044,UCLA,USA
Pau Gasol,MEM,21,213.36,102.965384,None,Spain
Michael Dickerson,MEM,27,195.58,86.18248,Arizona,USA
Pat Garrity,ORL,25,205.74,107.954896,Notre Dame,USA
Michael Redd,MIL,22,198.12,99.79024,Ohio State,USA
Michael Olowokandi,LAC,27,213.36,122.46984,Pacific,Nigeria
Michael Jordan,WAS,39,198.12,97.975872,North Carolina,USA
Michael Finley,DAL,29,200.66,97.52228,Wisconsin,USA
Michael Doleac,CLE,25,210.82,118.841104,Utah,USA
Sam Cassell,MIL,32,190.5,83.91452,Florida State,USA
Michael Curry,DET,33,195.58,95.25432,Georgia Southern,USA
Michael Ruffin,PHI,25,203.2,112.490816,Tulsa,USA
Michael Bradley,TOR,23,205.74,102.965384,Villanova,USA
Mengke Bateer,DEN,26,210.82,131.54168,None,China
Maurice Evans,MIN,23,195.58,99.79024,Texas,USA
Matt Harpring,PHI,26,200.66,104.779752,Georgia Tech,USA
Matt Geiger,PHI,32,205.74,110.222856,Georgia Tech,USA
Matt Bullard,CHH,35,208.28,97.52228,Iowa,USA
Mateen Cleaves,SAC,24,187.96,92.98636,Michigan State,USA
Mark Strickland,ATL,31,208.28,99.79024,Temple,USA
Metta World Peace,IND,22,200.66,111.583632,St. John's (NY),USA
Michael Stewart,TOR,27,208.28,104.32616,California,USA
Mike Bibby,SAC,24,185.42,86.18248,Arizona,USA
Mike James,MIA,27,187.96,86.18248,Duquesne,USA
P.J. Brown,CHH,32,210.82,108.408488,Louisiana Tech,USA
Othella Harrington,NYK,28,205.74,106.59412,Georgetown,USA
Oscar Torres,HOU,25,198.12,95.25432,Venezuela,Venezuela
Olumide Oyedeji,SEA,21,208.28,115.66596,None,Nigeria
Obinna Ekezie,LAC,26,205.74,122.46984,Maryland,Nigeria
Norman Richardson,CHI,24,195.58,90.7184,Hofstra,USA
Nazr Mohammed,ATL,24,208.28,113.398,Kentucky,USA
Morris Peterson,TOR,24,200.66,98.883056,Michigan State,USA
Mookie Blaylock,GSW,35,182.88,81.64656,Oklahoma,USA
Moochie Norris,HOU,28,185.42,79.3786,West Florida,USA
Monty Williams,ORL,30,203.2,102.0582,Notre Dame,USA
Mitchell Butler,POR,31,195.58,97.975872,UCLA,USA
Mitch Richmond,LAL,37,195.58,99.79024,Kansas State,USA
Milt Palacio,PHX,24,190.5,88.45044,Colorado State,Belize
Mikki Moore,DET,26,213.36,104.32616,Nebraska,USA
Mike Penberthy,LAL,27,190.5,81.64656,Master's,USA
Mike Miller,ORL,22,203.2,98.883056,Florida,USA
Patrick Ewing,ORL,39,213.36,115.66596,Georgetown,Jamaica
Sam Mack,MIA,32,200.66,99.79024,Houston,USA
Steven Smith,SAS,33,203.2,100.243832,Michigan State,USA
Samaki Walker,LAL,26,205.74,117.93392,Louisville,USA
Tyronn Lue,WAS,25,182.88,80.739376,Nebraska,USA
Tyrone Nesby,WAS,26,198.12,111.13004,Nevada-Las Vegas,USA
Tyrone Hill,CLE,34,205.74,113.398,Xavier,USA
Troy Murphy,GSW,22,210.82,111.13004,Notre Dame,USA
Troy Hudson,ORL,26,185.42,77.11064,Southern Illinois,USA
Trenton Hassell,CHI,23,195.58,90.7184,Austin Peay,USA
Tremaine Fowlkes,LAC,26,203.2,99.79024,Fresno State,USA
Tyson Chandler,CHI,19,215.9,106.59412,None,USA
Travis Knight,NYK,27,213.36,106.59412,Connecticut,USA
Trajan Langdon,CLE,26,190.5,89.357624,Duke,USA
Tracy Murray,TOR,30,200.66,103.418976,UCLA,USA
Tracy McGrady,ORL,23,203.2,95.25432,None,USA
Tony Parker,SAS,20,187.96,80.285784,None,France
Tony Massenburg,MEM,34,205.74,113.398,Maryland,USA
Tony Delk,BOS,28,187.96,85.728888,Kentucky,USA
Tony Battie,BOS,26,210.82,108.86208,Texas Tech,USA
Travis Best,CHI,29,180.34,82.100152,Georgia Tech,USA
Victor Alexander,DET,32,208.28,120.20188,Iowa State,USA
Vin Baker,SEA,30,210.82,113.398,Hartford,USA
Vince Carter,TOR,25,198.12,102.0582,North Carolina,USA
Zendon Hamilton,DEN,27,210.82,115.212368,St. John's (NY),USA
Zeljko Rebraca,DET,30,213.36,116.573144,None,Yugoslavia
Zach Randolph,POR,20,205.74,122.46984,Michigan State,USA
William Avery,MIN,22,187.96,89.357624,Duke,USA
Will Solomon,MEM,23,185.42,83.91452,Clemson,USA
Wesley Person,CLE,31,198.12,90.7184,Auburn,USA
Wang Zhi-zhi,DAL,24,215.9,99.79024,None,China
Walter McCarty,BOS,28,208.28,104.32616,Kentucky,USA
Walt Williams,HOU,32,203.2,104.32616,Maryland,USA
Wally Szczerbiak,MIN,25,200.66,110.676448,Miami (OH),USA
Voshon Lenard,DEN,29,193.04,92.98636,Minnesota,USA
Vonteego Cummings,PHI,26,190.5,86.18248,Pittsburgh,USA
Vladimir Stepania,MIA,26,213.36,107.047712,None,Georgia
Vladimir Radmanovic,SEA,21,208.28,106.140528,None,Serbia
Vlade Divac,SAC,34,215.9,117.93392,None,Serbia and Montenegro
Vitaly Potapenko,BOS,27,208.28,129.27372,Wright State,Ukraine
Vinny Del Negro,PHX,35,193.04,83.91452,North Carolina State,USA
Toni Kukoc,ATL,33,210.82,106.59412,None,Croatia
Tom Gugliotta,PHX,32,208.28,108.86208,North Carolina State,USA
Todd MacCulloch,NJN,26,213.36,127.00576,Washington,Canada
Tim Thomas,MIL,25,208.28,108.86208,Villanova,USA
Slava Medvedenko,LAL,23,208.28,113.398,None,Ukraine
Shawnelle Scott,DEN,30,208.28,113.398,St. John's (NY),USA
Shawn Marion,PHX,24,200.66,97.52228,Nevada-Las Vegas,USA
Shawn Kemp,POR,32,208.28,127.00576,Trinity Valley Community College,USA
Shawn Bradley,DAL,30,228.6,120.20188,Brigham Young,USA
Shareef Abdur-Rahim,ATL,25,205.74,104.32616,California,USA
Shaquille O'Neal,LAL,30,215.9,142.88148,Louisiana State,USA
Shane Battier,MEM,23,203.2,99.79024,Duke,USA
Shandon Anderson,NYK,28,198.12,95.25432,Georgia,USA
Shammond Williams,SEA,27,185.42,91.171992,North Carolina,USA
Sean Rooks,LAC,32,208.28,117.93392,Arizona,USA
Sean Marks,MIA,26,208.28,113.398,California,New Zealand
Scottie Pippen,POR,36,200.66,103.418976,Central Arkansas,USA
Scott Williams,DEN,34,208.28,111.13004,North Carolina,USA
Scott Padgett,UTA,26,205.74,108.86208,Kentucky,USA
Scot Pollard,SAC,27,210.82,120.20188,Kansas,USA
Samuel Dalembert,PHI,22,210.82,113.398,Seton Hall,Haiti
Speedy Claxton,PHI,24,180.34,75.296272,Hofstra,USA
Sam Mitchell,MIN,38,200.66,97.52228,Mercer,USA
Stacey Augmon,CHH,33,203.2,96.615096,Nevada-Las Vegas,USA
Stephon Marbury,PHX,25,187.96,81.64656,Georgia Tech,USA
Tim James,PHI,25,200.66,96.161504,Miami (FL),USA
Tim Hardaway,DEN,35,182.88,88.45044,Texas-El Paso,USA
Tim Duncan,SAS,26,213.36,117.93392,Wake Forest,US Virgin Islands
Tierre Brown,HOU,23,187.96,85.728888,McNeese State,USA
Theo Ratliff,ATL,29,208.28,104.32616,Wyoming,USA
Terry Porter,SAS,39,190.5,92.98636,Wisconsin-Stevens Point,USA
Terrell Brandon,MIN,32,180.34,78.471416,Oregon,USA
Terence Morris,HOU,23,205.74,100.243832,Maryland,USA
Tariq Abdul-Wahad,DAL,27,198.12,101.151016,San Jose State,France
Tang Hamilton,MIA,24,203.2,99.79024,Mississippi State,USA
Stromile Swift,MEM,22,205.74,102.0582,Louisiana State,USA
Mark Pope,MIL,29,208.28,106.59412,Kentucky,USA
Steven Hunter,ORL,20,208.28,101.604608,DePaul,USA
Steve Nash,DAL,28,190.5,88.45044,Santa Clara,Canada
Steve Kerr,POR,36,190.5,81.64656,Arizona,USA
Steve Goodrich,NJN,26,208.28,99.79024,Princeton,USA
Steve Francis,HOU,25,190.5,88.45044,Maryland,USA
Stephen Jackson,SAS,24,203.2,98.883056,Butler Community College,USA
Mark Madsen,LAL,26,205.74,107.047712,Stanford,USA
Kevin Ollie,IND,29,187.96,88.45044,Connecticut,USA
Mark Bryant,SAS,37,205.74,113.398,Seton Hall,USA
Greg Anthony,MIL,34,185.42,81.64656,Nevada-Las Vegas,USA
Grant Long,MEM,36,205.74,113.398,Eastern Michigan,USA
Grant Hill,ORL,29,203.2,102.0582,Duke,USA
Glenn Robinson,MIL,29,200.66,104.32616,Purdue,USA
Glen Rice,HOU,35,203.2,99.79024,Michigan,USA
Gilbert Arenas,GSW,20,190.5,86.636072,Arizona,USA
Gerald Wallace,SAC,19,200.66,97.52228,Alabama,USA
Greg Buckner,DAL,25,193.04,95.25432,Clemson,USA
George McCloud,DEN,35,203.2,102.0582,Florida State,USA
Gary Trent,MIN,27,203.2,113.398,Ohio,USA
Gary Payton,SEA,33,193.04,81.64656,Oregon State,USA
Fred Hoiberg,CHI,29,195.58,95.25432,Iowa State,USA
Felton Spencer,NYK,34,213.36,131.54168,Louisville,USA
Felipe Lopez,MIN,27,195.58,88.45044,St. John's (NY),Dominican Republic
Evan Eschmeyer,DAL,27,210.82,115.66596,Northwestern,USA
Etan Thomas,WAS,24,208.28,117.93392,Syracuse,USA
George Lynch,CHH,31,203.2,103.418976,North Carolina,USA
Greg Foster,MIL,33,210.82,108.86208,Texas-El Paso,USA
Greg Ostertag,UTA,29,218.44,127.00576,Kansas,USA
Hakeem Olajuwon,TOR,39,213.36,115.66596,Houston,Nigeria
Jalen Rose,CHI,29,203.2,98.429464,Michigan,USA
Jake Voskuhl,PHX,24,210.82,111.13004,Connecticut,USA
Jake Tsakalidis,PHX,23,218.44,129.27372,None,Greece
Jahidi White,WAS,26,205.74,131.54168,Georgetown,USA
Jacque Vaughn,ATL,27,185.42,86.18248,Kansas,USA
Jabari Smith,PHI,25,210.82,113.398,Louisiana State,USA
Isaiah Rider,DEN,31,195.58,97.52228,Nevada-Las Vegas,USA
Ira Newble,ATL,27,200.66,97.52228,Miami (OH),USA
Ira Bowman,PHI,29,195.58,88.45044,Pennsylvania,USA
Ike Fontaine,MEM,27,193.04,95.25432,Washington State,USA
Ike Austin,MEM,32,208.28,130.634496,Arizona State,USA
Hubert Davis,WAS,32,195.58,83.007336,North Carolina,USA
Howard Eisley,NYK,29,187.96,81.64656,Boston College,USA
Horace Grant,ORL,36,208.28,111.13004,Clemson,USA
Hedo Turkoglu,SAC,23,203.2,99.79024,None,Turkey
Harold Jamison,LAC,25,205.74,122.016248,Clemson,USA
Hanno Mottola,ATL,25,210.82,112.037224,Utah,Finland
Ervin Johnson,MIL,34,210.82,115.66596,New Orleans,USA
Jamaal Magloire,CHH,24,210.82,117.480328,Kentucky,Canada
Ernest Brown,MIA,23,213.36,110.676448,Indian Hills Community College,USA
Erick Dampier,GSW,26,210.82,120.20188,Mississippi State,USA
Donyell Marshall,UTA,29,205.74,104.32616,Connecticut,USA
Donny Marshall,NJN,29,200.66,104.32616,Connecticut,USA
Donnell Harvey,DEN,21,203.2,99.79024,Florida,USA
Don Reid,ORL,28,203.2,113.398,Georgetown,USA
Dirk Nowitzki,DAL,24,213.36,111.13004,None,Germany
Dion Glover,ATL,23,195.58,103.418976,Georgia Tech,USA
Dikembe Mutombo,PHI,36,218.44,120.20188,Georgetown,Congo
Doug Christie,SAC,32,198.12,92.98636,Pepperdine,USA
Dickey Simpkins,ATL,30,205.74,112.490816,Providence,USA
Desmond Mason,SEA,24,195.58,100.697424,Oklahoma State,USA
Derrick McKey,PHI,35,208.28,109.315672,Alabama,USA
Derrick Dial,TOR,26,193.04,83.460928,Eastern Michigan,USA
Derrick Coleman,PHI,35,208.28,122.46984,Syracuse,USA
Derek Fisher,LAL,27,185.42,90.7184,Arkansas-Little Rock,USA
Derek Anderson,POR,27,195.58,88.45044,Kentucky,USA
Zydrunas Ilgauskas,CLE,27,220.98,117.93392,None,Lithuania
Devean George,LAL,24,203.2,99.79024,Augsburg,USA
Doug Overton,LAC,32,190.5,86.18248,La Salle,USA
Earl Boykins,LAC,26,165.1,60.327736,Eastern Michigan,USA
Earl Watson,SEA,23,185.42,86.18248,UCLA,USA
Erick Barkley,POR,24,185.42,80.285784,St. John's (NY),USA
Eric Williams,BOS,29,203.2,99.79024,Providence,USA
Eric Snow,PHI,29,190.5,92.532768,Michigan State,USA
Eric Piatkowski,LAC,31,198.12,97.52228,Nebraska,USA
Eric Montross,TOR,30,213.36,122.46984,North Carolina,USA
Emanual Davis,ATL,33,195.58,88.45044,Delaware State,USA
Elton Brand,LAC,23,203.2,120.20188,Duke,USA
Elliot Perry,MEM,33,182.88,68.0388,Memphis,USA
Eldridge Recasner,LAC,34,190.5,86.18248,Washington,USA
Elden Campbell,CHH,33,213.36,126.552168,Clemson,USA
Eduardo Najera,DAL,25,203.2,106.140528,Oklahoma,Mexico
Eddy Curry,CHI,19,210.82,129.27372,None,USA
Eddie Robinson,CHI,26,205.74,92.98636,Central Oklahoma,USA
Eddie Jones,MIA,30,198.12,90.7184,Temple,USA
Eddie House,MIA,24,185.42,81.64656,Arizona State,USA
Eddie Griffin,HOU,20,208.28,99.79024,Seton Hall,USA
Eddie Gill,MEM,23,182.88,86.18248,Weber State,USA
Erick Strickland,BOS,28,190.5,98.883056,Nebraska,USA
Mark Jackson,NYK,37,190.5,88.45044,St. John's (NY),USA
Jamaal Tinsley,IND,24,190.5,88.45044,Iowa State,USA
Jamal Mashburn,CHH,29,203.2,112.037224,Kentucky,USA
Kwame Brown,WAS,20,210.82,110.222856,None,USA
Kurt Thomas,NYK,29,205.74,106.59412,Texas Christian,USA
Kobe Bryant,LAL,23,200.66,95.25432,None,USA
Kirk Haston,CHH,23,205.74,109.769264,Indiana,USA
Keyon Dooling,LAC,22,190.5,88.904032,Missouri,USA
Kevin Willis,HOU,39,213.36,111.13004,Michigan State,USA
Kevin Garnett,MIN,26,210.82,99.79024,None,USA
LaPhonso Ellis,MIA,32,203.2,108.86208,Notre Dame,USA
Kerry Kittles,NJN,28,195.58,81.64656,Villanova,USA
Kenyon Martin,NJN,24,205.74,106.140528,Cincinnati,USA
Kenny Thomas,HOU,24,200.66,111.13004,New Mexico,USA
Kenny Satterfield,DEN,21,185.42,79.832192,Cincinnati,USA
Kenny Anderson,BOS,31,185.42,76.203456,Georgia Tech,USA
Kendall Gill,MIA,34,195.58,97.52228,Illinois,USA
Kelvin Cato,HOU,27,210.82,115.66596,Iowa State,USA
Keith Van Horn,NJN,26,208.28,115.66596,Utah,USA
Keon Clark,TOR,27,210.82,100.243832,Nevada-Las Vegas,USA
Lamar Odom,LAC,22,208.28,100.243832,Rhode Island,USA
Lamond Murray,CLE,29,200.66,107.047712,California,USA
Larry Hughes,GSW,23,195.58,83.460928,Saint Louis,USA
Mark Blount,BOS,26,213.36,113.398,Pittsburgh,USA
Marcus Fizer,CHI,23,205.74,118.841104,Iowa State,USA
Marcus Camby,NYK,28,210.82,106.59412,Massachusetts,USA
Marc Jackson,MIN,27,208.28,122.46984,Temple,USA
Mamadou N'diaye,TOR,27,213.36,115.66596,Auburn,Senegal
Malik Rose,SAS,27,200.66,115.66596,Drexel,USA
Malik Allen,MIA,24,208.28,115.66596,Villanova,USA
Lucious Harris,NJN,31,195.58,92.98636,Long Beach State,USA
Lorenzen Wright,MEM,26,210.82,108.86208,Memphis,USA
Loren Woods,MIN,24,215.9,111.583632,Arizona,USA
Lindsey Hunter,LAL,31,187.96,88.45044,Jackson State,USA
Leon Smith,ATL,21,208.28,106.59412,None,USA
Lee Nailon,CHH,27,205.74,107.954896,Texas Christian,USA
Lawrence Funderburke,SAC,31,205.74,104.32616,Ohio State,USA
Lavor Postell,NYK,24,195.58,97.52228,St. John's (NY),USA
Latrell Sprewell,NYK,31,195.58,88.45044,Alabama,USA
Larry Robinson,NYK,34,190.5,81.64656,Centenary (LA),USA
Kedrick Brown,BOS,21,200.66,100.697424,Northwest Florida State,USA
Jamal Crawford,CHI,22,195.58,79.3786,Michigan,USA
Karl Malone,UTA,38,205.74,116.119552,Louisiana Tech,USA
Jumaine Jones,CLE,23,203.2,98.883056,Georgia,USA
Jelani McCoy,LAL,24,208.28,111.13004,UCLA,USA
Jeff Trepagnier,CLE,22,193.04,90.7184,Southern California,USA
Jeff McInnis,LAC,27,193.04,81.192968,North Carolina,USA
Jeff Foster,IND,25,210.82,109.769264,Texas State,USA
Jason Williams,MEM,26,185.42,86.18248,Florida,USA
Jason Terry,ATL,24,187.96,79.832192,Arizona,USA
Jason Richardson,GSW,21,198.12,99.79024,Michigan State,USA
Jermaine Jackson,TOR,26,195.58,92.532768,Detroit Mercy,USA
Jason Kidd,NJN,29,193.04,96.161504,California,USA
Jason Collins,NJN,23,213.36,117.93392,Stanford,USA
Jason Collier,HOU,24,213.36,117.93392,Georgia Tech,USA
Jason Caffey,MIL,29,203.2,116.119552,Alabama,USA
Jarron Collins,UTA,23,210.82,114.305184,Stanford,USA
Jaren Jackson,ORL,34,198.12,102.0582,Georgetown,USA
Jamison Brewer,IND,21,187.96,80.739376,Auburn,USA
James Posey,DEN,25,203.2,97.52228,Xavier,USA
Jason Hart,SAS,24,187.96,82.100152,Syracuse,USA
Jermaine O'Neal,IND,23,210.82,109.769264,None,USA
Jerome James,SEA,26,215.9,123.377024,Florida A&M,USA
Jerome Moiso,CHH,24,208.28,105.233344,UCLA,France
Jud Buechler,ORL,34,198.12,103.418976,Arizona,USA
Joseph Forte,BOS,21,193.04,87.996848,North Carolina,USA
Jonathan Bender,IND,21,213.36,99.336648,None,USA
Jon Barry,DET,32,195.58,95.25432,Georgia Tech,USA
Johnny Newman,DAL,38,200.66,95.25432,Richmond,USA
John Wallace,PHX,28,205.74,102.0582,Syracuse,USA
John Stockton,UTA,40,185.42,79.3786,Gonzaga,USA
John Starks,UTA,36,195.58,86.18248,Oklahoma State,USA
John Crotty,UTA,32,185.42,83.91452,Virginia,USA
John Amaechi,UTA,31,208.28,122.46984,Penn State,England
Joel Przybilla,MIL,22,215.9,115.66596,Minnesota,USA
Joe Smith,MIN,26,208.28,102.0582,Maryland,USA
Joe Johnson,PHX,21,200.66,102.0582,Arkansas,USA
Joe Crispin,PHX,22,182.88,83.91452,Penn State,USA
Jim Jackson,MIA,31,198.12,99.79024,Ohio State,USA
Jeryl Sasser,ORL,23,198.12,90.7184,Southern Methodist,USA
Jerry Stackhouse,DET,27,198.12,98.883056,North Carolina,USA
Juwan Howard,DEN,29,205.74,113.398,Michigan,USA
Jerome Williams,TOR,29,205.74,93.439952,Georgetown,USA
Nick Van Exel,DAL,30,185.42,88.45044,Cincinnati,USA
Chris Whitney,WAS,30,182.88,79.3786,Clemson,USA
Carlos Rogers,IND,31,210.82,105.233344,Tennessee State,USA
Cedric Henderson,GSW,27,200.66,102.0582,Memphis,USA
Charles Oakley,CHI,38,205.74,111.13004,Virginia Union,USA
Charles Smith,SAS,26,193.04,87.996848,New Mexico,USA
Charlie Bell,DAL,23,190.5,90.7184,Michigan State,USA
Charlie Ward,NYK,31,187.96,83.91452,Florida State,USA
Carlos Arroyo,DEN,22,187.96,91.625584,Florida International,Puerto Rico
Chauncey Billups,MIN,25,190.5,91.625584,Colorado,USA
Chris Andersen,DEN,23,208.28,104.32616,Blinn,USA
Chris Childs,TOR,34,190.5,88.45044,Boise State,USA
Chris Crawford,ATL,27,205.74,106.59412,Marquette,USA
Chris Dudley,POR,37,210.82,117.93392,Yale,USA
Chris Gatling,MIA,34,208.28,99.79024,Old Dominion,USA
Chris Mihm,CLE,22,213.36,120.20188,Texas,USA
Cherokee Parks,SAS,29,210.82,108.86208,Duke,USA
Chris Mills,GSW,32,200.66,99.79024,Arizona,USA
Calvin Booth,SEA,26,210.82,104.779752,Penn State,USA
Cal Bowdler,ATL,25,208.28,114.758776,Old Dominion,USA
Brandon Armstrong,NJN,22,195.58,85.275296,Pepperdine,USA
Brendan Haywood,WAS,22,213.36,120.655472,North Carolina,USA
Brent Barry,SEA,30,198.12,92.079176,Oregon State,USA
Brent Price,SAC,33,185.42,83.91452,Oklahoma,USA
Brevin Knight,MEM,26,177.8,77.11064,Stanford,USA
Brian Cardinal,DET,25,203.2,111.13004,Purdue,USA
Calbert Cheaney,DEN,30,200.66,98.429464,Indiana,USA
Brian Grant,MIA,30,205.74,115.212368,Xavier,USA
Brian Skinner,CLE,26,205.74,120.20188,Baylor,USA
Bruce Bowen,SAS,31,200.66,90.7184,Cal State-Fullerton,USA
Bruno Sundov,IND,22,218.44,111.583632,None,Croatia
Bryant Stith,CLE,31,195.58,95.25432,Virginia,USA
Bryce Drew,CHH,27,190.5,83.460928,Valparaiso,USA
Bryon Russell,UTA,31,200.66,102.0582,Long Beach State,USA
Brian Scalabrine,NJN,24,205.74,108.86208,Southern California,USA
Chris Webber,SAC,29,208.28,111.13004,Michigan,USA
Christian Laettner,WAS,32,210.82,111.13004,Duke,USA
Chucky Atkins,DET,27,180.34,72.57472,South Florida,USA
Danny Manning,DAL,36,208.28,106.140528,Kansas,USA
Darius Miles,LAC,20,205.74,95.25432,None,USA
Darrell Armstrong,ORL,34,185.42,81.64656,Fayetteville State,USA
Darrick Martin,DAL,31,180.34,77.11064,UCLA,USA
Darvin Ham,MIL,28,200.66,104.32616,Texas Tech,USA
David Robinson,SAS,36,215.9,113.398,Navy,USA
Danny Fortson,GSW,26,203.2,117.93392,Cincinnati,USA
David Wesley,CHH,31,185.42,92.079176,Baylor,USA
DeShawn Stevenson,UTA,21,195.58,95.25432,None,USA
Dean Garrett,GSW,35,210.82,113.398,Indiana,USA
Dean Oliver,GSW,23,180.34,79.3786,Iowa,USA
Dee Brown,ORL,33,185.42,72.57472,Jacksonville,USA
Dell Curry,TOR,38,195.58,92.98636,Virginia Tech,USA
DerMarr Johnson,ATL,22,205.74,91.171992,Cincinnati,USA
DeSagana Diop,CLE,20,213.36,136.0776,None,Senegal
Danny Ferry,SAS,35,208.28,106.59412,Duke,USA
Daniel Santiago,PHX,26,215.9,116.119552,Saint Vincent,Puerto Rico
Dana Barros,DET,35,180.34,74.84268,Boston College,USA
Chucky Brown,SAC,34,203.2,99.79024,North Carolina State,USA
Clar. Weatherspoon,NYK,31,200.66,122.46984,Southern Mississippi,USA
Clifford Robinson,DET,35,208.28,102.0582,Connecticut,USA
Corey Maggette,LAC,22,198.12,103.418976,Duke,USA
Corie Blount,PHI,33,208.28,109.769264,Cincinnati,USA
Corliss Williamson,DET,28,200.66,111.13004,Arkansas,USA
Courtney Alexander,WAS,25,198.12,92.98636,Fresno State,USA
Cuttino Mobley,HOU,26,193.04,95.25432,Rhode Island,USA
Dale Davis,POR,33,210.82,114.305184,Clemson,USA
Dalibor Bagaric,CHI,21,215.9,122.46984,None,Croatia
Damon Jones,DET,25,190.5,83.91452,Houston,USA
Damon Stoudamire,POR,28,177.8,77.564232,Arizona,USA
Damone Brown,PHI,23,203.2,91.625584,Syracuse,USA
Dan Langhi,HOU,24,210.82,99.79024,Vanderbilt,USA
Dan Majerle,PHX,36,198.12,100.697424,Central Michigan,USA
Brad Miller,IND,26,213.36,118.387512,Purdue,USA
Bonzi Wells,POR,25,195.58,96.615096,Ball State,USA
Brian Shaw,LAL,36,198.12,90.7184,California-Santa Barbara,USA
Bobby Jackson,SAC,29,185.42,83.91452,Minnesota,USA
Andrew DeClercq,ORL,29,208.28,115.66596,Florida,USA
Andrei Kirilenko,UTA,21,205.74,95.25432,None,Russia
Andre Miller,CLE,26,187.96,90.7184,Utah,USA
Amal McCaskill,SAS,28,210.82,111.13004,Marquette,USA
Alvin Williams,TOR,27,195.58,83.91452,Villanova,USA
Alvin Jones,PHI,23,210.82,120.20188,Georgia Tech,USA
Alton Ford,PHX,21,205.74,124.7378,Houston,USA
Alonzo Mourning,MIA,32,208.28,118.387512,Georgetown,USA
Anfernee Hardaway,PHX,30,200.66,97.52228,Memphis,USA
Allen Iverson,PHI,27,182.88,74.84268,Georgetown,USA
Al Harrington,IND,22,205.74,113.398,None,USA
Adrian Griffin,DAL,27,195.58,97.52228,Seton Hall,USA
Adonal Foyle,GSW,27,208.28,120.20188,Colgate,St. Vincent & Grenadines
Aaron Williams,NJN,30,205.74,108.86208,Xavier,USA
Aaron McKie,PHI,29,195.58,94.800728,Temple,USA
A.J. Guyton,CHI,24,185.42,81.64656,Indiana,USA
Bobby Simmons,WAS,22,198.12,106.59412,DePaul,USA
Nick Anderson,MEM,34,198.12,92.98636,Illinois,USA
Alan Henderson,ATL,29,205.74,108.86208,Indiana,USA
Ansu Sesay,SEA,25,205.74,102.0582,Mississippi,USA
Allan Houston,NYK,31,198.12,90.7184,Tennessee,USA
Anthony Carter,MIA,27,187.96,88.45044,Hawaii,USA
Bo Outlaw,PHX,31,203.2,95.25432,Houston,USA
Antawn Jamison,GSW,26,205.74,101.151016,North Carolina,USA
Bimbo Coles,CLE,34,187.96,82.553744,Virginia Tech,USA
Ben Wallace,DET,27,205.74,108.86208,Virginia Union,USA
Baron Davis,CHH,23,190.5,101.151016,UCLA,USA
Avery Johnson,DAL,37,180.34,81.64656,Southern,USA
Austin Croshere,IND,27,208.28,109.769264,Providence,USA
Art Long,SEA,29,205.74,114.758776,Cincinnati,USA
Bob Sura,GSW,29,195.58,90.7184,Florida State,USA
Antonio McDyess,DEN,27,205.74,111.13004,Alabama,USA
Antonio Harvey,SEA,31,210.82,102.0582,Pfeiffer,USA
Antonio Davis,TOR,33,205.74,104.32616,Texas-El Paso,USA
Antonio Daniels,SAS,27,193.04,92.98636,Bowling Green,USA
Antoine Walker,BOS,25,205.74,111.13004,Kentucky,USA
Anthony Peeler,MIN,32,193.04,94.347136,Missouri,USA
Antonis Fotsis,MEM,21,208.28,99.336648,None,Greece
Anthony Johnson,NJN,27,190.5,86.18248,College of Charleston,USA
Anthony Mason,MIL,35,203.2,115.66596,Tennessee State,USA
Popeye Jones,DAL,33,203.2,113.398,Murray State,USA
Michael Doleac,NYK,26,210.82,118.841104,Utah,USA
Michael Finley,DAL,30,200.66,102.0582,Wisconsin,USA
Michael Jordan,WAS,40,198.12,97.975872,North Carolina,USA
Predrag Savovic,DEN,27,198.12,102.0582,Hawaii,Yugoslavia
Michael Redd,MIL,23,198.12,97.52228,Ohio State,USA
Michael Dickerson,MEM,28,195.58,86.18248,Arizona,USA
Predrag Drobnjak,SEA,27,210.82,123.377024,None,Yugoslavia
Michael Olowokandi,LAC,28,213.36,122.46984,Pacific,Nigeria
Michael Curry,DET,34,195.58,95.25432,Georgia Southern,USA
Matt Harpring,UTA,27,200.66,104.779752,Georgia Tech,USA
Metta World Peace,IND,23,200.66,111.583632,St. John's (NY),USA
Mengke Bateer,SAS,27,210.82,131.54168,None,China
Melvin Ely,LAC,25,208.28,117.93392,Fresno State,USA
Mehmet Okur,DET,24,210.82,112.944408,None,Turkey
Maurice Taylor,HOU,26,205.74,117.93392,Michigan,USA
Matt Maloney,ATL,31,190.5,87.089664,Pennsylvania,USA
Mateen Cleaves,SAC,25,187.96,92.98636,Michigan State,USA
Marko Jaric,LAC,24,200.66,89.811216,None,Serbia
Mark Strickland,DAL,32,208.28,99.79024,Temple,USA
Mark Madsen,LAL,27,205.74,111.13004,Stanford,USA
Pepe Sanchez,DET,26,193.04,88.45044,Temple,Argentina
Michael Bradley,TOR,24,208.28,102.0582,Villanova,USA
Peja Stojakovic,SAC,26,208.28,103.872568,None,Serbia and Montenegro
Mike Wilks,MIN,24,177.8,83.91452,Rice,USA
Paul Pierce,BOS,25,198.12,104.32616,Kansas,USA
Mark Jackson,UTA,38,190.5,88.45044,St. John's (NY),USA
Michael Stewart,CLE,28,208.28,104.32616,California,USA
Mike Batiste,MEM,25,203.2,102.0582,Arizona State,USA
Mike Bibby,SAC,25,185.42,86.18248,Arizona,USA
Mike Dunleavy,GSW,22,205.74,100.243832,Duke,USA
Mike James,MIA,28,187.96,86.18248,Duquesne,USA
Mike Miller,MEM,23,203.2,98.883056,Florida,USA
Mikki Moore,ATL,27,213.36,102.0582,Nebraska,USA
Milt Palacio,CLE,25,190.5,88.45044,Colorado State,Belize
Monty Williams,PHI,31,203.2,102.0582,Notre Dame,USA
Moochie Norris,HOU,29,187.96,83.91452,West Florida,USA
Paul Shirley,ATL,25,208.28,104.32616,Iowa State,USA
Morris Peterson,TOR,25,200.66,97.52228,Michigan State,USA
Nazr Mohammed,ATL,25,208.28,113.398,Kentucky,USA
Nene,DEN,20,210.82,117.93392,None,Brazil
Nick Van Exel,DAL,31,185.42,88.45044,Cincinnati,USA
Nikoloz Tskitishvili,DEN,20,213.36,102.0582,None,Georgia
Olumide Oyedeji,ORL,22,208.28,108.86208,None,Nigeria
Oscar Torres,GSW,26,198.12,95.25432,Venezuela,Venezuela
Othella Harrington,NYK,29,205.74,106.59412,Georgetown,USA
P.J. Brown,NOH,33,210.82,108.408488,Louisiana Tech,USA
Pat Burke,ORL,29,210.82,113.398,Auburn,Ireland
Pat Garrity,ORL,26,205.74,107.954896,Notre Dame,USA
Pau Gasol,MEM,22,213.36,102.965384,None,Spain
Nate Huffman,TOR,28,215.9,111.13004,Central Michigan,USA
Mark Bryant,BOS,38,205.74,113.398,Seton Hall,USA
Stephen Jackson,SAS,25,203.2,99.79024,Butler Community College,USA
Marcus Haislip,MIL,22,208.28,104.32616,Tennessee,USA
Kevin Ollie,SEA,30,187.96,88.45044,Connecticut,USA
Kevin Garnett,MIN,27,210.82,99.79024,None,USA
Kerry Kittles,NJN,29,195.58,81.64656,Villanova,USA
Keon Clark,SAC,28,210.82,100.243832,Nevada-Las Vegas,USA
Kenyon Martin,NJN,25,205.74,106.140528,Cincinnati,USA
Kenny Thomas,PHI,25,200.66,111.13004,New Mexico,USA
Kenny Satterfield,PHI,22,187.96,77.11064,Cincinnati,USA
Kenny Anderson,NOH,32,185.42,76.203456,Georgia Tech,USA
Kendall Gill,MIN,35,195.58,97.52228,Illinois,USA
Ken Johnson,MIA,25,208.28,108.86208,Ohio State,USA
Kelvin Cato,HOU,28,210.82,124.7378,Iowa State,USA
Keith Van Horn,PHI,27,208.28,115.66596,Utah,USA
Kedrick Brown,BOS,22,200.66,100.697424,Northwest Florida State,USA
Karl Malone,UTA,39,205.74,116.119552,Louisiana Tech,USA
Kareem Rush,LAL,22,198.12,97.52228,Missouri,USA
Juwan Howard,DEN,30,205.74,117.93392,Michigan,USA
Junior Harrington,DEN,22,193.04,86.18248,Wingate,USA
Jumaine Jones,CLE,24,203.2,98.883056,Georgia,USA
Juaquin Hawkins,HOU,29,200.66,92.98636,Long Beach State,USA
Juan Dixon,WAS,24,190.5,74.389088,Maryland,USA
Joseph Forte,SEA,22,193.04,87.996848,North Carolina,USA
Jonathan Bender,IND,22,213.36,99.336648,None,USA
Jon Barry,DET,33,195.58,95.25432,Georgia Tech,USA
Kevin Willis,SAS,40,213.36,111.13004,Michigan State,USA
Mark Blount,BOS,27,213.36,113.398,Pittsburgh,USA
Keyon Dooling,LAC,23,190.5,88.904032,Missouri,USA
Kobe Bryant,LAL,24,200.66,97.52228,None,USA
Marcus Fizer,CHI,24,203.2,117.93392,Iowa State,USA
Marcus Camby,DEN,29,210.82,102.0582,Massachusetts,USA
Marc Jackson,MIN,28,208.28,122.46984,Temple,USA
Manu Ginobili,SAS,25,198.12,95.25432,None,Argentina
Mamadou N'diaye,TOR,28,213.36,115.66596,Auburn,Senegal
Malik Rose,SAS,28,200.66,115.66596,Drexel,USA
Malik Allen,MIA,25,208.28,115.66596,Villanova,USA
Maceo Baston,TOR,27,205.74,97.52228,Michigan,USA
Lucious Harris,NJN,32,195.58,92.98636,Long Beach State,USA
Lorenzen Wright,MEM,27,210.82,108.86208,Memphis,USA
Loren Woods,MIN,25,215.9,111.583632,Arizona,USA
Lonny Baxter,CHI,24,203.2,117.93392,Maryland,USA
Lindsey Hunter,TOR,32,187.96,88.45044,Jackson State,USA
Lee Nailon,NYK,28,205.74,107.954896,Texas Christian,USA
Lawrence Funderburke,SAC,32,205.74,104.32616,Ohio State,USA
Lavor Postell,NYK,25,195.58,97.52228,St. John's (NY),USA
Latrell Sprewell,NYK,32,195.58,88.45044,Alabama,USA
Larry Hughes,WAS,24,195.58,83.460928,Saint Louis,USA
Lamar Odom,LAC,23,208.28,100.243832,Rhode Island,USA
Primoz Brezec,IND,23,215.9,114.305184,None,Slovenia
LaPhonso Ellis,MIA,33,203.2,108.86208,Notre Dame,USA
Kwame Brown,WAS,21,210.82,112.490816,None,USA
Kurt Thomas,NYK,30,205.74,106.59412,Texas Christian,USA
Kirk Haston,NOH,24,205.74,109.769264,Indiana,USA
Quentin Richardson,LAC,23,198.12,107.047712,DePaul,USA
Stacey Augmon,NOH,34,203.2,96.615096,Nevada-Las Vegas,USA
Raef LaFrentz,DAL,27,210.82,111.13004,Kansas,USA
Sam Cassell,MIL,33,190.5,83.91452,Florida State,USA
Samaki Walker,LAL,27,205.74,115.66596,Louisville,USA
Scot Pollard,SAC,28,210.82,120.20188,Kansas,USA
Scott Padgett,UTA,27,205.74,108.86208,Kentucky,USA
Scott Williams,PHX,35,208.28,117.93392,North Carolina,USA
Scottie Pippen,POR,37,203.2,103.418976,Central Arkansas,USA
Sean Lampley,MIA,23,200.66,102.965384,California,USA
Sean Marks,MIA,27,208.28,113.398,California,New Zealand
Sean Rooks,LAC,33,208.28,117.93392,Arizona,USA
Shammond Williams,DEN,28,185.42,91.171992,North Carolina,USA
Shandon Anderson,NYK,29,198.12,95.25432,Georgia,USA
Shane Battier,MEM,24,203.2,99.79024,Duke,USA
Shaquille O'Neal,LAL,31,215.9,151.95332,Louisiana State,USA
Shareef Abdur-Rahim,ATL,26,205.74,108.86208,California,USA
Shawn Bradley,DAL,31,228.6,124.7378,Brigham Young,USA
Shawn Kemp,ORL,33,208.28,127.00576,Trinity Valley Community College,USA
Shawn Marion,PHX,25,200.66,97.52228,Nevada-Las Vegas,USA
Slava Medvedenko,LAL,24,208.28,115.66596,None,Ukraine
Smush Parker,CLE,22,193.04,81.64656,Fordham,USA
Soumaila Samake,LAL,25,208.28,108.86208,None,Mali
Speedy Claxton,SAS,25,180.34,75.296272,Hofstra,USA
John Stockton,UTA,41,185.42,79.3786,Gonzaga,USA
Raja Bell,DAL,26,195.58,92.98636,Florida International,U.S. Virgin Islands
Ryan Humphrey,MEM,23,203.2,106.59412,Notre Dame,USA
Stephon Marbury,PHX,26,187.96,92.98636,Georgia Tech,USA
Ryan Bowen,DEN,27,205.74,99.79024,Iowa,USA
Ruben Patterson,POR,27,195.58,101.604608,Cincinnati,USA
Rashard Lewis,SEA,23,208.28,97.52228,None,USA
Rasheed Wallace,POR,28,210.82,104.32616,North Carolina,USA
Rasho Nesterovic,MIN,27,213.36,112.490816,None,Slovenia
Rasual Butler,MIA,24,200.66,92.98636,La Salle,USA
Ray Allen,SEA,27,195.58,92.98636,Connecticut,USA
Reggie Evans,SEA,23,203.2,111.13004,Iowa,USA
Reggie Miller,IND,37,200.66,88.45044,UCLA,USA
Reggie Slater,MIN,32,200.66,115.66596,Wyoming,USA
Richard Hamilton,DET,25,200.66,87.543256,Connecticut,USA
Richard Jefferson,NJN,23,200.66,100.697424,Arizona,USA
Rick Brunson,CHI,31,193.04,86.18248,Temple,USA
Rick Fox,LAL,33,200.66,106.59412,North Carolina,Canada
Ricky Davis,CLE,23,200.66,89.357624,Iowa,USA
Robert Archibald,MEM,23,210.82,113.398,Illinois,Scotland
Robert Horry,LAL,32,208.28,107.954896,Alabama,USA
Robert Pack,NOH,34,187.96,86.18248,Southern California,USA
Robert Traylor,NOH,26,203.2,128.820128,Michigan,USA
Rod Strickland,MIN,36,190.5,83.91452,DePaul,USA
Rodney Rogers,NJN,32,200.66,115.66596,Wake Forest,USA
Rodney White,DEN,23,205.74,104.32616,North Carolina-Charlotte,USA
Roger Mason Jr.,CHI,22,195.58,90.7184,Virginia,USA
Ron Mercer,IND,27,200.66,95.25432,Kentucky,USA
Ruben Boumtje-Boumtje,POR,25,213.36,116.573144,Georgetown,USA
Ruben Wolkowyski,BOS,29,208.28,124.7378,None,Argentina
Qyntel Woods,POR,22,203.2,100.243832,Northeast Mississippi Community College,USA
Steve Francis,HOU,26,190.5,88.45044,Maryland,USA
Steve Nash,DAL,29,190.5,88.45044,Santa Clara,Canada
Troy Murphy,GSW,23,210.82,111.13004,Notre Dame,USA
Tyrone Hill,PHI,35,205.74,113.398,Xavier,USA
Tyronn Lue,WAS,26,182.88,80.739376,Nebraska,USA
Tyson Chandler,CHI,20,215.9,106.59412,None,USA
Vin Baker,BOS,31,210.82,113.398,Hartford,USA
Vince Carter,TOR,26,198.12,102.0582,North Carolina,USA
Vincent Yarbrough,DEN,22,200.66,95.25432,Tennessee,USA
Vitaly Potapenko,SEA,28,208.28,129.27372,Wright State,Ukraine
Vlade Divac,SAC,35,215.9,117.93392,None,Serbia and Montenegro
Vladimir Radmanovic,SEA,22,208.28,106.140528,None,Serbia
Vladimir Stepania,MIA,27,215.9,115.66596,None,Georgia
Voshon Lenard,TOR,30,193.04,92.98636,Minnesota,USA
Wally Szczerbiak,MIN,26,200.66,110.676448,Miami (OH),USA
Walt Williams,DAL,33,203.2,104.32616,Maryland,USA
Walter McCarty,BOS,29,208.28,104.32616,Kentucky,USA
Wang Zhi-zhi,LAC,25,215.9,124.7378,None,China
Wesley Person,MEM,32,198.12,90.7184,Auburn,USA
Yao Ming,HOU,22,226.06,134.263232,None,China
Zach Randolph,POR,21,205.74,114.758776,Michigan State,USA
Zeljko Rebraca,DET,31,213.36,116.573144,None,Yugoslavia
Zendon Hamilton,TOR,28,210.82,115.212368,St. John's (NY),USA
Zydrunas Ilgauskas,CLE,28,220.98,117.93392,None,Lithuania
Rafer Alston,TOR,26,187.96,79.3786,Fresno State,USA
Troy Hudson,MIN,27,185.42,77.11064,Southern Illinois,USA
Steve Kerr,SAS,37,185.42,81.64656,Arizona,USA
Trenton Hassell,CHI,24,195.58,90.7184,Austin Peay,USA
Travis Knight,NYK,28,213.36,106.59412,Connecticut,USA
Steven Hunter,ORL,21,213.36,99.79024,DePaul,USA
Steven Smith,SAS,34,203.2,100.243832,Michigan State,USA
Stromile Swift,MEM,23,205.74,102.0582,Louisiana State,USA
Tamar Slay,NJN,23,203.2,97.52228,Marshall,USA
Tariq Abdul-Wahad,DAL,28,198.12,102.0582,San Jose State,France
Tayshaun Prince,DET,23,205.74,97.52228,Kentucky,USA
Terence Morris,HOU,24,205.74,100.243832,Maryland,USA
Theo Ratliff,ATL,30,208.28,104.32616,Wyoming,USA
Tierre Brown,CLE,24,187.96,85.728888,McNeese State,USA
Tim Duncan,SAS,27,213.36,117.93392,Wake Forest,US Virgin Islands
Tim Hardaway,IND,36,182.88,88.45044,Texas-El Paso,USA
Tim Thomas,MIL,26,208.28,108.86208,Villanova,USA
Tito Maddox,HOU,22,193.04,86.18248,Fresno State,USA
Todd MacCulloch,PHI,27,213.36,115.66596,Washington,Canada
Tom Gugliotta,PHX,33,208.28,113.398,North Carolina State,USA
Toni Kukoc,MIL,34,210.82,106.59412,None,Croatia
Tony Battie,BOS,27,210.82,108.86208,Texas Tech,USA
Tony Delk,BOS,29,187.96,85.728888,Kentucky,USA
Tony Massenburg,UTA,35,205.74,113.398,Maryland,USA
Tony Parker,SAS,21,187.96,81.64656,None,France
Tracy McGrady,ORL,24,203.2,95.25432,None,USA
Tracy Murray,LAL,31,200.66,103.418976,UCLA,USA
Travis Best,MIA,30,180.34,83.460928,Georgia Tech,USA
Tremaine Fowlkes,LAC,27,203.2,99.79024,Fresno State,USA
John Salmons,PHI,23,200.66,95.25432,Miami (FL),USA
Glen Rice,HOU,36,203.2,99.79024,Michigan,USA
John Amaechi,UTA,32,208.28,122.46984,Penn State,England
Chris Mihm,CLE,23,213.36,120.20188,Texas,USA
Chris Jefferies,TOR,23,203.2,97.52228,Fresno State,USA
Chris Dudley,POR,38,210.82,117.93392,Yale,USA
Chris Crawford,ATL,28,205.74,106.59412,Marquette,USA
Chris Childs,NJN,35,190.5,88.45044,Boise State,USA
Chris Andersen,DEN,24,208.28,99.79024,Blinn,USA
Cherokee Parks,LAC,30,210.82,108.86208,Duke,USA
Chauncey Billups,DET,26,190.5,91.625584,Colorado,USA
Charlie Ward,NYK,32,187.96,83.91452,Florida State,USA
Charles Smith,POR,27,193.04,90.7184,New Mexico,USA
Chris Mills,GSW,33,200.66,99.79024,Arizona,USA
Charles Oakley,WAS,39,205.74,112.490816,Virginia Union,USA
Casey Jacobsen,PHX,22,198.12,97.52228,Stanford,USA
Caron Butler,MIA,23,200.66,98.429464,Connecticut,USA
Carlos Boozer,CLE,21,205.74,127.00576,Duke,USA
Carlos Arroyo,UTA,23,187.96,91.625584,Florida International,Puerto Rico
Calvin Booth,SEA,27,210.82,104.779752,Penn State,USA
Calbert Cheaney,UTA,31,200.66,98.429464,Indiana,USA
Bryon Russell,WAS,32,200.66,102.0582,Long Beach State,USA
Bryce Drew,NOH,28,190.5,83.460928,Valparaiso,USA
Bruno Sundov,BOS,23,218.44,111.583632,None,Croatia
Bruce Bowen,SAS,32,200.66,90.7184,Cal State-Fullerton,USA
Cezary Trybanski,MEM,23,218.44,108.86208,None,Poland
Chris Owens,MEM,24,200.66,111.13004,Texas,USA
Chris Webber,SAC,30,208.28,111.13004,Michigan,USA
Chris Whitney,ORL,31,182.88,79.3786,Clemson,USA
Danny Manning,DET,37,208.28,106.140528,Kansas,USA
Danny Fortson,GSW,27,203.2,117.93392,Cincinnati,USA
Danny Ferry,SAS,36,208.28,106.59412,Duke,USA
Dan Langhi,PHX,25,210.82,99.79024,Vanderbilt,USA
Dan Gadzuric,MIL,25,210.82,108.86208,UCLA,Netherlands
Dan Dickau,ATL,24,182.88,86.18248,Gonzaga,USA
Damone Brown,TOR,24,203.2,91.625584,Syracuse,USA
Damon Stoudamire,POR,29,177.8,77.564232,Arizona,USA
Damon Jones,SAC,26,190.5,83.91452,Houston,USA
Dalibor Bagaric,CHI,22,215.9,131.54168,None,Croatia
Dale Davis,POR,34,210.82,114.305184,Clemson,USA
Dajuan Wagner,CLE,20,190.5,90.7184,Memphis,USA
Cuttino Mobley,HOU,27,193.04,95.25432,Rhode Island,USA
Courtney Alexander,NOH,26,195.58,92.98636,Fresno State,USA
Corliss Williamson,DET,29,200.66,111.13004,Arkansas,USA
Corie Blount,CHI,34,208.28,109.769264,Cincinnati,USA
Corey Maggette,LAC,23,198.12,103.418976,Duke,USA
Corey Benjamin,ATL,25,198.12,90.7184,Oregon State,USA
Clifford Robinson,DET,36,208.28,102.0582,Connecticut,USA
Clar. Weatherspoon,NYK,32,200.66,122.46984,Southern Mississippi,USA
Chucky Atkins,DET,28,180.34,72.57472,South Florida,USA
Christian Laettner,WAS,33,210.82,111.13004,Duke,USA
Chris Wilcox,LAC,20,208.28,100.243832,Maryland,USA
Brian Skinner,PHI,27,205.74,120.20188,Baylor,USA
Brian Shaw,LAL,37,198.12,90.7184,California-Santa Barbara,USA
Brian Scalabrine,NJN,25,205.74,108.86208,Southern California,USA
Brian Grant,MIA,31,205.74,115.212368,Xavier,USA
Anthony Johnson,NJN,28,190.5,86.18248,College of Charleston,USA
Anthony Goldwire,WAS,31,187.96,82.553744,Houston,USA
Anthony Carter,MIA,28,187.96,88.45044,Hawaii,USA
Antawn Jamison,GSW,27,205.74,101.151016,North Carolina,USA
Ansu Sesay,SEA,26,205.74,102.0582,Mississippi,USA
Anfernee Hardaway,PHX,31,200.66,97.52228,Memphis,USA
Andrew DeClercq,ORL,30,208.28,115.66596,Florida,USA
Andrei Kirilenko,UTA,22,205.74,102.0582,None,Russia
Andre Miller,LAC,27,187.96,90.7184,Utah,USA
Amar'e Stoudemire,PHX,20,208.28,111.13004,None,USA
Amal McCaskill,ATL,29,210.82,111.13004,Marquette,USA
Alvin Williams,TOR,28,195.58,83.91452,Villanova,USA
Alton Ford,PHX,22,205.74,127.00576,Houston,USA
Allen Iverson,PHI,28,182.88,74.84268,Georgetown,USA
Allan Houston,NYK,32,198.12,90.7184,Tennessee,USA
Alan Henderson,ATL,30,205.74,108.86208,Indiana,USA
Al Harrington,IND,23,205.74,113.398,None,USA
Adrian Griffin,DAL,28,195.58,104.32616,Seton Hall,USA
Adonal Foyle,GSW,28,208.28,120.20188,Colgate,St. Vincent & Grenadines
Adam Harrington,DEN,22,195.58,90.7184,Auburn,USA
Aaron Williams,NJN,31,205.74,108.86208,Xavier,USA
Aaron McKie,PHI,30,195.58,94.800728,Temple,USA
A.J. Guyton,GSW,25,185.42,81.64656,Indiana,USA
Anthony Mason,MIL,36,203.2,115.66596,Tennessee State,USA
Darius Miles,CLE,21,205.74,95.25432,None,USA
Anthony Peeler,MIN,33,193.04,94.347136,Missouri,USA
Antoine Walker,BOS,26,205.74,111.13004,Kentucky,USA
Brian Cardinal,WAS,26,203.2,111.13004,Purdue,USA
Brevin Knight,MEM,27,177.8,77.11064,Stanford,USA
Brent Barry,SEA,31,198.12,92.079176,Oregon State,USA
Brendan Haywood,WAS,23,213.36,121.562656,North Carolina,USA
Brandon Williams,ATL,28,198.12,97.52228,Davidson,USA
Brandon Armstrong,NJN,23,195.58,83.91452,Pepperdine,USA
Brad Miller,IND,27,213.36,118.387512,Purdue,USA
Bostjan Nachbar,HOU,22,205.74,100.243832,None,Slovenia
Bonzi Wells,POR,26,195.58,95.25432,Ball State,USA
Bobby Simmons,WAS,23,198.12,106.59412,DePaul,USA
Bobby Jackson,SAC,30,185.42,83.91452,Minnesota,USA
Bob Sura,GSW,30,195.58,90.7184,Florida State,USA
Bo Outlaw,PHX,32,203.2,99.79024,Houston,USA
Bimbo Coles,BOS,35,187.96,82.553744,Virginia Tech,USA
Ben Wallace,DET,28,205.74,108.86208,Virginia Union,USA
Baron Davis,NOH,24,190.5,101.151016,UCLA,USA
Avery Johnson,DAL,38,180.34,81.64656,Southern,USA
Austin Croshere,IND,28,208.28,109.769264,Providence,USA
Arvydas Sabonis,POR,38,220.98,132.448864,None,Lithuania
Art Long,TOR,30,205.74,113.398,Cincinnati,USA
Antonio Harvey,ATL,32,210.82,113.398,Pfeiffer,USA
Antonio Davis,TOR,34,205.74,104.32616,Texas-El Paso,USA
Antonio Daniels,POR,28,193.04,92.98636,Bowling Green,USA
Antoine Rigaudeau,DAL,31,200.66,95.25432,None,USA
John Crotty,DEN,33,185.42,83.91452,Virginia,USA
Darrell Armstrong,ORL,35,185.42,81.64656,Fayetteville State,USA
David Robinson,SAS,37,215.9,113.398,Navy,USA
Jamison Brewer,IND,22,193.04,83.460928,Auburn,USA
James Posey,HOU,26,203.2,97.52228,Xavier,USA
Jamal Sampson,MIL,20,210.82,106.59412,California,USA
Jamal Mashburn,NOH,30,203.2,112.037224,Kentucky,USA
Jamal Crawford,CHI,23,195.58,86.18248,Michigan,USA
Jamaal Tinsley,IND,25,190.5,88.45044,Iowa State,USA
Jamaal Magloire,NOH,25,210.82,117.480328,Kentucky,Canada
Jalen Rose,CHI,30,203.2,98.429464,Michigan,USA
Jake Voskuhl,PHX,25,210.82,111.13004,Connecticut,USA
Jake Tsakalidis,PHX,24,218.44,131.54168,None,Greece
Jannero Pargo,LAL,23,187.96,77.11064,Arkansas,USA
Jahidi White,WAS,27,205.74,131.54168,Georgetown,USA
J.R. Bremer,BOS,22,187.96,83.91452,St. Bonaventure,USA
Ira Newble,ATL,28,200.66,99.79024,Miami (OH),USA
Igor Rakocevic,MIN,25,187.96,83.460928,None,Serbia and Montenegro
Hubert Davis,DET,33,195.58,83.007336,North Carolina,USA
Howard Eisley,NYK,30,187.96,81.64656,Boston College,USA
Horace Grant,ORL,37,208.28,111.13004,Clemson,USA
Hedo Turkoglu,SAC,24,208.28,99.79024,None,Turkey
Guy Rucker,GSW,25,205.74,122.46984,Iowa,USA
Greg Ostertag,UTA,30,218.44,127.00576,Kansas,USA
Greg Foster,TOR,34,210.82,108.86208,Texas-El Paso,USA
Jacque Vaughn,ORL,28,185.42,86.18248,Kansas,USA
Jared Jeffries,WAS,21,210.82,104.32616,Indiana,USA
Jarron Collins,UTA,24,210.82,114.305184,Stanford,USA
Jason Caffey,MIL,30,203.2,116.119552,Alabama,USA
Joel Przybilla,MIL,23,215.9,115.66596,Minnesota,USA
Joe Smith,MIN,27,208.28,102.0582,Maryland,USA
Joe Johnson,PHX,22,200.66,106.59412,Arkansas,USA
Jiri Welsch,GSW,23,200.66,94.347136,None,Czech Republic
Jim Jackson,SAC,32,198.12,99.79024,Ohio State,USA
Jeryl Sasser,ORL,24,198.12,90.7184,Southern Methodist,USA
Jerry Stackhouse,WAS,28,198.12,98.883056,North Carolina,USA
Jerome Williams,TOR,30,205.74,93.439952,Georgetown,USA
Jerome Moiso,NOH,25,208.28,105.233344,UCLA,France
Jerome James,SEA,27,215.9,123.377024,Florida A&M,USA
Jermaine O'Neal,IND,24,210.82,109.769264,None,USA
Jermaine Jackson,ATL,27,195.58,92.532768,Detroit Mercy,USA
Jelani McCoy,TOR,25,208.28,115.66596,UCLA,USA
Jeff Trepagnier,DEN,23,193.04,90.7184,Southern California,USA
Jeff McInnis,POR,28,193.04,81.192968,North Carolina,USA
Jeff Foster,IND,26,210.82,109.769264,Texas State,USA
Jay Williams,CHI,21,187.96,88.45044,Duke,USA
Jason Williams,MEM,27,185.42,86.18248,Florida,USA
Jason Terry,ATL,25,187.96,81.64656,Arizona,USA
Jason Richardson,GSW,22,198.12,99.79024,Michigan State,USA
Jason Kidd,NJN,30,193.04,96.161504,California,USA
Jason Collins,NJN,24,213.36,117.93392,Stanford,USA
Jason Collier,HOU,25,213.36,117.93392,Georgia Tech,USA
Greg Buckner,PHI,26,193.04,95.25432,Clemson,USA
Darvin Ham,ATL,29,200.66,104.32616,Texas Tech,USA
Grant Long,BOS,37,205.74,108.86208,Eastern Michigan,USA
Gordan Giricek,ORL,26,198.12,97.975872,None,Croatia
Eddie House,MIA,25,185.42,81.64656,Arizona State,USA
Eddie Griffin,HOU,21,208.28,105.233344,Seton Hall,USA
Earl Watson,MEM,24,185.42,86.18248,UCLA,USA
Earl Boykins,GSW,27,165.1,60.327736,Eastern Michigan,USA
Drew Gooden,ORL,21,208.28,104.32616,Kansas,USA
Doug Christie,SAC,33,198.12,92.98636,Pepperdine,USA
Donyell Marshall,CHI,30,205.74,104.32616,Connecticut,USA
Donny Marshall,NJN,30,200.66,104.32616,Connecticut,USA
Donnell Harvey,DEN,22,203.2,99.79024,Florida,USA
Don Reid,DET,29,203.2,113.398,Georgetown,USA
Dirk Nowitzki,DAL,25,213.36,111.13004,None,Germany
Dion Glover,ATL,24,195.58,103.418976,Georgia Tech,USA
Dikembe Mutombo,NJN,37,218.44,120.20188,Georgetown,Congo
Devin Brown,DEN,24,195.58,106.59412,Texas-San Antonio,USA
Devean George,LAL,25,203.2,102.0582,Augsburg,USA
Desmond Mason,MIL,25,195.58,100.697424,Oklahoma State,USA
Derrick Coleman,PHI,36,208.28,122.46984,Syracuse,USA
Derek Fisher,LAL,28,185.42,92.98636,Arkansas-Little Rock,USA
Derek Anderson,POR,28,195.58,88.45044,Kentucky,USA
Dean Oliver,GSW,24,180.34,79.3786,Iowa,USA
DeShawn Stevenson,UTA,22,195.58,95.25432,None,USA
DeSagana Diop,CLE,21,213.36,136.0776,None,Senegal
David Wesley,NOH,32,185.42,92.079176,Baylor,USA
Eddie Jones,MIA,31,198.12,95.25432,Temple,USA
Grant Hill,ORL,30,203.2,102.0582,Duke,USA
Eddie Robinson,CHI,27,205.74,95.25432,Central Oklahoma,USA
Eduardo Najera,DAL,26,203.2,106.59412,Oklahoma,Mexico
Glenn Robinson,ATL,30,200.66,104.32616,Purdue,USA
Randy Livingston,NOH,28,193.04,94.800728,Louisiana State,USA
Gilbert Arenas,GSW,21,190.5,86.636072,Arizona,USA
Gerald Wallace,SAC,20,200.66,97.52228,Alabama,USA
George Lynch,NOH,32,203.2,106.59412,North Carolina,USA
Gary Trent,MIN,28,203.2,113.398,Ohio,USA
Gary Payton,MIL,34,193.04,81.64656,Oregon State,USA
Fred Jones,IND,24,187.96,98.883056,Oregon,USA
Fred Hoiberg,CHI,30,195.58,95.25432,Iowa State,USA
Frank Williams,NYK,23,190.5,92.98636,Illinois,USA
Eddy Curry,CHI,20,210.82,129.27372,None,USA
Flip Murray,SEA,23,193.04,86.18248,Shaw,USA
Etan Thomas,WAS,25,208.28,117.93392,Syracuse,USA
Ervin Johnson,MIL,35,210.82,115.66596,New Orleans,USA
Erick Strickland,IND,29,190.5,95.25432,Nebraska,USA
Erick Dampier,GSW,27,210.82,120.20188,Mississippi State,USA
Eric Williams,BOS,30,203.2,99.79024,Providence,USA
Eric Snow,PHI,30,190.5,92.532768,Michigan State,USA
Eric Piatkowski,LAC,32,198.12,97.52228,Nebraska,USA
Emanual Davis,ATL,34,195.58,88.45044,Delaware State,USA
Elton Brand,LAC,24,203.2,120.20188,Duke,USA
Elden Campbell,SEA,34,213.36,126.552168,Clemson,USA
Efthimios Rentzias,PHI,27,210.82,113.398,None,Greece
Evan Eschmeyer,DAL,28,210.82,115.66596,Northwestern,USA
Randy Brown,PHX,35,187.96,86.18248,New Mexico State,USA
Brevin Knight,MIL,28,177.8,77.11064,Stanford,USA
Jumaine Jones,BOS,25,203.2,98.883056,Georgia,USA
Zydrunas Ilgauskas,CLE,29,220.98,117.93392,None,Lithuania
Chris Wilcox,LAC,21,208.28,103.872568,Maryland,USA
Chris Whitney,WAS,32,182.88,79.3786,Clemson,USA
Chris Webber,SAC,31,208.28,111.13004,Michigan,USA
Chris Mihm,BOS,24,213.36,120.20188,Texas,USA
Chris Kaman,LAC,22,213.36,121.562656,Central Michigan,USA
Chris Jefferies,CHI,24,203.2,104.32616,Fresno State,USA
Chris Crawford,ATL,29,205.74,106.59412,Marquette,USA
Chris Bosh,TOR,20,208.28,95.25432,Georgia Tech,USA
Chris Andersen,DEN,25,208.28,99.79024,Blinn,USA
Cherokee Parks,GSW,31,210.82,108.86208,Duke,USA
Chauncey Billups,DET,27,190.5,91.625584,Colorado,USA
Charlie Ward,SAS,33,187.96,83.91452,Florida State,USA
Charles Oakley,HOU,40,205.74,111.13004,Virginia Union,USA
Cezary Trybanski,NYK,24,218.44,108.86208,None,Poland
Casey Jacobsen,PHX,23,198.12,97.52228,Stanford,USA
Caron Butler,MIA,24,200.66,98.429464,Connecticut,USA
Carmelo Anthony,DEN,20,203.2,99.79024,Syracuse,USA
Carlos Boozer,CLE,22,205.74,117.026736,Duke,USA
Carlos Arroyo,UTA,24,187.96,91.625584,Florida International,Puerto Rico
Calvin Booth,SEA,28,210.82,104.779752,Penn State,USA
Calbert Cheaney,GSW,32,200.66,98.429464,Indiana,USA
Bryon Russell,LAL,33,200.66,102.0582,Long Beach State,USA
Bryce Drew,NOH,29,190.5,83.460928,Valparaiso,USA
Christian Laettner,WAS,34,210.82,111.13004,Duke,USA
Chucky Atkins,BOS,29,180.34,72.57472,South Florida,USA
Clar. Weatherspoon,HOU,33,200.66,122.46984,Southern Mississippi,USA
Clifford Robinson,GSW,37,208.28,108.86208,Connecticut,USA
David Wesley,NOH,33,185.42,92.079176,Baylor,USA
Darvin Ham,DET,30,200.66,108.86208,Texas Tech,USA
Darrick Martin,MIN,33,180.34,77.11064,UCLA,USA
Darrell Armstrong,NOH,36,185.42,81.64656,Fayetteville State,USA
Darko Milicic,DET,19,213.36,111.13004,None,Serbia
Darius Songaila,SAC,26,205.74,112.490816,Wake Forest,Lithuania
Darius Miles,POR,22,205.74,95.25432,None,USA
Danny Fortson,DAL,28,203.2,117.93392,Cincinnati,USA
Daniel Santiago,MIL,28,215.9,117.93392,Saint Vincent,Puerto Rico
Dana Barros,BOS,37,180.34,74.84268,Boston College,USA
Dan Langhi,MIL,26,210.82,99.79024,Vanderbilt,USA
Bruno Sundov,NYK,24,218.44,111.583632,None,Croatia
Dan Gadzuric,MIL,26,210.82,108.86208,UCLA,Netherlands
Damone Brown,NJN,25,203.2,91.625584,Syracuse,USA
Damon Stoudamire,POR,30,177.8,77.564232,Arizona,USA
Damon Jones,MIL,27,190.5,83.91452,Houston,USA
Dale Davis,POR,35,210.82,114.305184,Clemson,USA
Dajuan Wagner,CLE,21,187.96,90.7184,Memphis,USA
Dahntay Jones,MEM,23,198.12,95.25432,Duke,USA
Cuttino Mobley,HOU,28,193.04,97.52228,Rhode Island,USA
Curtis Borchardt,UTA,23,213.36,108.86208,Stanford,USA
Corliss Williamson,DET,30,200.66,111.13004,Arkansas,USA
Corie Blount,TOR,35,208.28,109.769264,Cincinnati,USA
Corey Maggette,LAC,24,198.12,103.418976,Duke,USA
Dan Dickau,POR,25,182.88,86.18248,Gonzaga,USA
David West,NOH,23,205.74,108.86208,Xavier,USA
Bruce Bowen,SAS,33,200.66,90.7184,Cal State-Fullerton,USA
Brian Skinner,MIL,28,205.74,120.20188,Baylor,USA
Antonio Daniels,SEA,29,193.04,92.98636,Bowling Green,USA
Antonio Davis,CHI,35,205.74,104.32616,Texas-El Paso,USA
Antonio McDyess,PHX,29,205.74,111.13004,Alabama,USA
Austin Croshere,IND,29,208.28,109.769264,Providence,USA
Avery Johnson,GSW,39,180.34,83.91452,Southern,USA
Baron Davis,NOH,25,190.5,101.151016,UCLA,USA
Ben Handlogten,UTA,30,208.28,108.86208,Western Michigan,USA
Ben Wallace,DET,29,205.74,108.86208,Virginia Union,USA
Bimbo Coles,MIA,36,187.96,82.553744,Virginia Tech,USA
Bo Outlaw,MEM,33,203.2,99.79024,Houston,USA
Bob Sura,ATL,31,195.58,90.7184,Florida State,USA
Bobby Jackson,SAC,31,185.42,83.91452,Minnesota,USA
Bobby Simmons,LAC,24,198.12,106.59412,DePaul,USA
Bonzi Wells,MEM,27,195.58,95.25432,Ball State,USA
Boris Diaw,ATL,22,203.2,97.52228,None,France
Bostjan Nachbar,HOU,23,205.74,100.243832,None,Slovenia
Brad Miller,SAC,28,213.36,118.387512,Purdue,USA
Brandon Armstrong,NJN,24,195.58,83.91452,Pepperdine,USA
Brandon Hunter,BOS,23,200.66,117.93392,Ohio,USA
Brendan Haywood,WAS,24,213.36,121.562656,North Carolina,USA
Brent Barry,SEA,32,198.12,92.079176,Oregon State,USA
Kareem Rush,LAL,23,198.12,97.52228,Missouri,USA
Karl Malone,LAL,40,205.74,117.480328,Louisiana Tech,USA
Antoine Walker,DAL,27,205.74,111.13004,Kentucky,USA
Anthony Peeler,SAC,34,193.04,94.347136,Missouri,USA
Anthony Johnson,IND,29,190.5,86.18248,College of Charleston,USA
Anthony Goldwire,NJN,32,187.96,82.553744,Houston,USA
Brian Scalabrine,NJN,26,205.74,108.86208,Southern California,USA
Brian Grant,MIA,32,205.74,115.212368,Xavier,USA
Brian Cook,LAL,23,205.74,106.140528,Illinois,USA
Aaron McKie,PHI,31,195.58,94.800728,Temple,USA
Aaron Williams,NJN,32,205.74,108.86208,Xavier,USA
Adonal Foyle,GSW,29,208.28,120.20188,Colgate,St. Vincent & Grenadines
Adrian Griffin,HOU,29,195.58,104.32616,Seton Hall,USA
Al Harrington,IND,24,205.74,113.398,None,USA
Alan Henderson,ATL,31,205.74,108.86208,Indiana,USA
Alex Garcia,SAS,24,190.5,88.45044,None,USA
Allan Houston,NYK,33,198.12,90.7184,Tennessee,USA
Britton Johnsen,ORL,24,208.28,95.25432,Utah,USA
Allen Iverson,PHI,29,182.88,74.84268,Georgetown,USA
Alton Ford,HOU,23,205.74,127.00576,Houston,USA
Alvin Williams,TOR,29,195.58,83.91452,Villanova,USA
Amal McCaskill,PHI,30,210.82,106.59412,Marquette,USA
Amar'e Stoudemire,PHX,21,208.28,111.13004,None,USA
Andre Miller,DEN,28,187.96,90.7184,Utah,USA
Andrei Kirilenko,UTA,23,205.74,102.0582,None,Russia
Andrew DeClercq,ORL,31,208.28,115.66596,Florida,USA
Anfernee Hardaway,NYK,32,200.66,97.52228,Memphis,USA
Ansu Sesay,SEA,27,205.74,102.0582,Mississippi,USA
Antawn Jamison,DAL,28,205.74,102.0582,North Carolina,USA
Anthony Carter,SAS,29,187.96,88.45044,Hawaii,USA
Alonzo Mourning,NJN,34,208.28,118.387512,Georgetown,USA
Kedrick Brown,CLE,23,200.66,100.697424,Northwest Florida State,USA
DeSagana Diop,CLE,22,213.36,136.0776,None,Senegal
DerMarr Johnson,NYK,24,205.74,91.171992,Cincinnati,USA
Jason Collins,NJN,25,213.36,117.93392,Stanford,USA
Jason Collier,ATL,26,213.36,117.93392,Georgia Tech,USA
Jarvis Hayes,WAS,22,200.66,99.79024,Georgia,USA
Jarron Collins,UTA,25,210.82,115.66596,Stanford,USA
Jared Jeffries,WAS,22,210.82,104.32616,Indiana,USA
Jannero Pargo,CHI,24,185.42,79.3786,Arkansas,USA
Jamison Brewer,IND,23,193.04,83.460928,Auburn,USA
James Posey,MEM,27,203.2,97.52228,Xavier,USA
James Jones,IND,23,203.2,97.52228,Miami (FL),USA
Jamal Sampson,LAL,21,210.82,106.59412,California,USA
Jamal Mashburn,NOH,31,203.2,112.037224,Kentucky,USA
Jamal Crawford,CHI,24,195.58,86.18248,Michigan,USA
Jamaal Tinsley,IND,26,190.5,88.45044,Iowa State,USA
Jamaal Magloire,NOH,26,210.82,117.480328,Kentucky,Canada
Jalen Rose,TOR,31,203.2,98.429464,Michigan,USA
Jake Voskuhl,PHX,26,210.82,111.13004,Connecticut,USA
Jake Tsakalidis,MEM,25,218.44,131.54168,None,Greece
Jahidi White,PHX,28,205.74,131.54168,Georgetown,USA
Jacque Vaughn,ATL,29,185.42,86.18248,Kansas,USA
Jabari Smith,SAC,27,210.82,108.86208,Louisiana State,USA
J.R. Bremer,GSW,23,187.96,83.91452,St. Bonaventure,USA
Ira Newble,CLE,29,200.66,99.79024,Miami (OH),USA
Ime Udoka,LAL,26,195.58,97.52228,Portland State,USA
Jason Hart,SAS,26,190.5,83.91452,Syracuse,USA
Jason Kapono,CLE,23,203.2,96.615096,UCLA,USA
Jason Kidd,NJN,31,193.04,96.161504,California,USA
Jason Richardson,GSW,23,198.12,102.0582,Michigan State,USA
Juan Dixon,WAS,25,190.5,74.389088,Maryland,USA
Josh Howard,DAL,24,200.66,95.25432,Wake Forest,USA
Josh Davis,ATL,23,203.2,108.86208,Wyoming,USA
Jonathan Bender,IND,23,213.36,99.336648,None,USA
Kaniel Dickens,POR,25,203.2,97.52228,Idaho,USA
John Wallace,MIA,30,205.74,102.0582,Syracuse,USA
John Salmons,PHI,24,200.66,95.25432,Miami (FL),USA
Joel Przybilla,ATL,24,215.9,115.66596,Minnesota,USA
Joe Smith,MIL,28,208.28,102.0582,Maryland,USA
Joe Johnson,PHX,23,200.66,106.59412,Arkansas,USA
Jiri Welsch,BOS,24,200.66,94.347136,None,Czech Republic
Hubert Davis,NJN,34,195.58,83.007336,North Carolina,USA
Jim Jackson,HOU,33,198.12,99.79024,Ohio State,USA
Jerome Williams,CHI,31,205.74,93.439952,Georgetown,USA
Jerome Moiso,TOR,26,208.28,106.59412,UCLA,France
Jerome James,SEA,28,215.9,123.377024,Florida A&M,USA
Jerome Beasley,MIA,24,205.74,107.501304,North Dakota,USA
Jermaine O'Neal,IND,25,210.82,109.769264,None,USA
Jelani McCoy,CLE,26,208.28,111.13004,UCLA,USA
Jeff Trepagnier,DEN,24,193.04,90.7184,Southern California,USA
Jeff McInnis,CLE,29,193.04,81.192968,North Carolina,USA
Jeff Foster,IND,27,210.82,109.769264,Texas State,USA
Jason Williams,MEM,28,185.42,86.18248,Florida,USA
Jason Terry,ATL,26,187.96,81.64656,Arizona,USA
Jerry Stackhouse,WAS,29,198.12,98.883056,North Carolina,USA
DeShawn Stevenson,ORL,23,195.58,95.25432,None,USA
Howard Eisley,PHX,31,187.96,81.64656,Boston College,USA
Hiram Fuller,ATL,23,205.74,108.86208,Fresno State,USA
Eddie Jones,MIA,32,198.12,90.7184,Temple,USA
Eddie House,LAC,26,185.42,79.3786,Arizona State,USA
Eddie Gill,POR,25,182.88,86.18248,Weber State,USA
Earl Watson,MEM,25,185.42,86.18248,UCLA,USA
Earl Boykins,DEN,28,165.1,60.327736,Eastern Michigan,USA
Dwyane Wade,MIA,22,193.04,96.161504,Marquette,USA
Drew Gooden,ORL,22,208.28,109.769264,Kansas,USA
Doug Overton,LAC,34,190.5,86.18248,La Salle,USA
Doug Christie,SAC,34,198.12,92.98636,Pepperdine,USA
Donyell Marshall,TOR,31,205.74,104.32616,Connecticut,USA
Donnell Harvey,PHX,23,203.2,99.79024,Florida,USA
Dirk Nowitzki,DAL,26,213.36,111.13004,None,Germany
Dion Glover,TOR,25,195.58,102.0582,Georgia Tech,USA
Dikembe Mutombo,NYK,38,218.44,120.20188,Georgetown,Congo
Devin Brown,SAS,25,195.58,106.59412,Texas-San Antonio,USA
Devean George,LAL,26,203.2,108.86208,Augsburg,USA
Desmond Penigar,ORL,22,200.66,111.13004,Utah State,USA
Desmond Mason,MIL,26,195.58,100.697424,Oklahoma State,USA
Desmond Ferguson,POR,26,200.66,95.25432,Detroit Mercy,USA
Derrick Dial,ORL,28,193.04,83.460928,Eastern Michigan,USA
Derrick Coleman,PHI,37,208.28,122.46984,Syracuse,USA
Derek Fisher,LAL,29,185.42,92.98636,Arkansas-Little Rock,USA
Derek Anderson,POR,29,195.58,88.45044,Kentucky,USA
Eddie Robinson,CHI,28,205.74,95.25432,Central Oklahoma,USA
Eddy Curry,CHI,21,210.82,129.27372,None,USA
Eduardo Najera,DAL,27,203.2,106.59412,Oklahoma,Mexico
Elden Campbell,DET,35,213.36,126.552168,Clemson,USA
Hedo Turkoglu,SAS,25,208.28,99.79024,None,Turkey
Greg Ostertag,UTA,31,218.44,127.00576,Kansas,USA
Greg Buckner,PHI,27,193.04,95.25432,Clemson,USA
Gordan Giricek,UTA,27,195.58,95.25432,None,Croatia
Glenn Robinson,PHI,31,200.66,108.86208,Purdue,USA
Glen Rice,LAC,37,203.2,103.418976,Michigan,USA
Gilbert Arenas,WAS,22,190.5,86.636072,Arizona,USA
Gerald Wallace,SAC,21,200.66,97.52228,Alabama,USA
George Lynch,NOH,33,203.2,106.59412,North Carolina,USA
Gary Trent,MIN,29,203.2,113.398,Ohio,USA
Gary Payton,LAL,35,193.04,81.64656,Oregon State,USA
Horace Grant,LAL,38,208.28,111.13004,Clemson,USA
Fred Jones,IND,25,187.96,98.883056,Oregon,USA
Frank Williams,NYK,24,190.5,96.161504,Illinois,USA
Francisco Elson,DEN,28,213.36,106.59412,California,Netherlands
Flip Murray,SEA,24,193.04,86.18248,Shaw,USA
Etan Thomas,WAS,26,208.28,117.93392,Syracuse,USA
Ervin Johnson,MIN,36,210.82,115.66596,New Orleans,USA
Erick Strickland,MIL,30,190.5,95.25432,Nebraska,USA
Erick Dampier,GSW,28,210.82,120.20188,Mississippi State,USA
Eric Williams,CLE,31,203.2,99.79024,Providence,USA
Eric Snow,PHI,31,190.5,92.532768,Michigan State,USA
Eric Piatkowski,HOU,33,200.66,97.52228,Nebraska,USA
Elton Brand,LAC,25,203.2,120.20188,Duke,USA
Fred Hoiberg,MIN,31,195.58,95.25432,Iowa State,USA
Juwan Howard,ORL,31,205.74,104.32616,Michigan,USA
Keith Bogans,ORL,24,195.58,97.52228,Kentucky,USA
Keith Van Horn,MIL,28,208.28,108.86208,Utah,USA
Sam Cassell,MIN,34,190.5,83.91452,Florida State,USA
Samaki Walker,MIA,28,205.74,117.93392,Louisville,USA
Samuel Dalembert,PHI,24,210.82,113.398,Seton Hall,Haiti
Sasha Pavlovic,UTA,20,200.66,95.25432,None,Montenegro
Scot Pollard,IND,29,210.82,120.20188,Kansas,USA
Scott Padgett,HOU,28,205.74,108.86208,Kentucky,USA
Scott Williams,DAL,36,208.28,117.93392,North Carolina,USA
Scottie Pippen,CHI,38,203.2,103.418976,Central Arkansas,USA
Sean Lampley,GSW,24,198.12,96.615096,California,USA
Sean Rooks,ORL,34,208.28,117.93392,Arizona,USA
Shammond Williams,NOH,29,185.42,91.171992,North Carolina,USA
Shandon Anderson,NYK,30,198.12,95.25432,Georgia,USA
Shane Battier,MEM,25,203.2,99.79024,Duke,USA
Shane Heal,SAS,33,182.88,81.64656,None,USA
Shaquille O'Neal,LAL,32,215.9,154.22128,Louisiana State,USA
Shareef Abdur-Rahim,POR,27,205.74,111.13004,California,USA
Shawn Bradley,DAL,32,228.6,124.7378,Brigham Young,USA
Shawn Marion,PHX,26,200.66,97.52228,Nevada-Las Vegas,USA
Slava Medvedenko,LAL,25,208.28,113.398,None,Ukraine
Slavko Vranes,POR,21,226.06,124.7378,None,USA
Speedy Claxton,GSW,26,180.34,77.11064,Hofstra,USA
Stacey Augmon,NOH,35,203.2,96.615096,Nevada-Las Vegas,USA
Stephen Jackson,ATL,26,203.2,98.883056,Butler Community College,USA
Ryan Humphrey,MEM,24,203.2,106.59412,Notre Dame,USA
Ryan Bowen,DEN,28,205.74,99.79024,Iowa,USA
Rusty LaRue,GSW,30,190.5,83.91452,Wake Forest,USA
Ruben Patterson,POR,28,195.58,101.604608,Cincinnati,USA
Rasual Butler,MIA,25,200.66,92.98636,La Salle,USA
Raul Lopez,UTA,24,182.88,72.57472,None,Spain
Ray Allen,SEA,28,195.58,92.98636,Connecticut,USA
Reece Gaines,ORL,23,198.12,92.98636,Louisville,USA
Reggie Evans,SEA,24,203.2,111.13004,Iowa,USA
Reggie Miller,IND,38,200.66,88.45044,UCLA,USA
Richard Hamilton,DET,26,200.66,87.543256,Connecticut,USA
Richard Jefferson,NJN,24,200.66,100.697424,Arizona,USA
Richie Frahm,SEA,26,195.58,95.25432,Gonzaga,USA
Rick Brunson,CHI,32,193.04,86.18248,Temple,USA
Rick Fox,LAL,34,200.66,106.59412,North Carolina,Canada
Stephon Marbury,NYK,27,187.96,92.98636,Georgia Tech,USA
Ricky Davis,BOS,24,200.66,88.45044,Iowa,USA
Robert Horry,SAS,33,208.28,94.347136,Alabama,USA
Robert Pack,NJN,35,187.96,86.18248,Southern California,USA
Robert Traylor,NOH,27,203.2,128.820128,Michigan,USA
Rod Strickland,TOR,37,190.5,83.91452,DePaul,USA
Rodney Buford,SAC,26,195.58,88.45044,Creighton,USA
Rodney Rogers,NJN,33,200.66,115.66596,Wake Forest,USA
Rodney White,DEN,24,205.74,104.32616,North Carolina-Charlotte,USA
Roger Mason Jr.,TOR,23,195.58,90.7184,Virginia,USA
Ron Mercer,SAS,28,200.66,95.25432,Kentucky,USA
Ronald Dupree,CHI,23,200.66,94.800728,Louisiana State,USA
Ruben Boumtje-Boumtje,POR,26,213.36,116.573144,Georgetown,USA
Robert Archibald,TOR,24,210.82,113.398,Illinois,Scotland
Rasho Nesterovic,SAS,28,213.36,112.490816,None,Slovenia
Steve Blake,WAS,24,190.5,78.017824,Maryland,USA
Steve Nash,DAL,30,190.5,88.45044,Santa Clara,Canada
Tyrone Hill,MIA,36,205.74,113.398,Xavier,USA
Tyronn Lue,ORL,27,182.88,80.739376,Nebraska,USA
Tyson Chandler,CHI,21,215.9,106.59412,None,USA
Udonis Haslem,MIA,24,203.2,103.418976,Florida,USA
Vin Baker,NYK,32,210.82,113.398,Hartford,USA
Vince Carter,TOR,27,198.12,102.0582,North Carolina,USA
Vitaly Potapenko,SEA,29,208.28,129.27372,Wright State,Ukraine
Vlade Divac,SAC,36,215.9,117.93392,None,Serbia and Montenegro
Vladimir Radmanovic,SEA,23,208.28,106.140528,None,Serbia
Vladimir Stepania,POR,28,215.9,115.66596,None,Georgia
Voshon Lenard,DEN,31,193.04,92.98636,Minnesota,USA
Wally Szczerbiak,MIN,27,200.66,106.59412,Miami (OH),USA
Walter McCarty,BOS,30,208.28,104.32616,Kentucky,USA
Wang Zhi-zhi,MIA,26,215.9,128.820128,None,China
Wesley Person,ATL,33,198.12,90.7184,Auburn,USA
Willie Green,PHI,22,193.04,90.7184,Detroit Mercy,USA
Yao Ming,HOU,23,228.6,140.61352,None,China
Zach Randolph,POR,22,205.74,122.46984,Michigan State,USA
Zarko Cabarkapa,PHX,23,210.82,106.59412,None,Serbia and Montenegro
Zaza Pachulia,ORL,20,210.82,108.86208,None,Georgia
Zeljko Rebraca,ATL,32,213.36,116.573144,None,Yugoslavia
Zendon Hamilton,PHI,29,210.82,108.86208,St. John's (NY),USA
Zoran Planinic,NJN,21,200.66,88.45044,None,Croatia
Troy Murphy,GSW,24,210.82,111.13004,Notre Dame,USA
Troy Hudson,MIN,28,185.42,77.11064,Southern Illinois,USA
Troy Bell,MEM,23,185.42,81.64656,Boston College,USA
Trenton Hassell,MIN,25,195.58,90.7184,Austin Peay,USA
Steven Hunter,ORL,22,213.36,108.86208,DePaul,USA
Steven Smith,NOH,35,203.2,100.243832,Michigan State,USA
Stromile Swift,MEM,24,205.74,104.32616,Louisiana State,USA
T.J. Ford,MIL,21,182.88,74.84268,Texas,USA
Tamar Slay,NJN,24,203.2,97.52228,Marshall,USA
Tayshaun Prince,DET,24,205.74,97.52228,Kentucky,USA
Theo Ratliff,POR,31,208.28,106.59412,Wyoming,USA
Theron Smith,MEM,23,203.2,102.0582,Ball State,USA
Tierre Brown,NOH,25,187.96,85.728888,McNeese State,USA
Tim Duncan,SAS,28,213.36,117.93392,Wake Forest,US Virgin Islands
Tim Thomas,NYK,27,208.28,108.86208,Villanova,USA
Steve Francis,HOU,27,190.5,90.7184,Maryland,USA
Tom Gugliotta,UTA,34,208.28,113.398,North Carolina State,USA
Tony Battie,CLE,28,210.82,108.86208,Texas Tech,USA
Tony Delk,DAL,30,187.96,85.728888,Kentucky,USA
Tony Massenburg,SAC,36,205.74,113.398,Maryland,USA
Tony Parker,SAS,22,187.96,81.64656,None,France
Torraye Braggs,WAS,28,203.2,111.13004,Xavier,USA
Tracy McGrady,ORL,25,203.2,95.25432,None,USA
Tracy Murray,POR,32,200.66,104.32616,UCLA,USA
Travis Best,DAL,31,180.34,83.91452,Georgia Tech,USA
Travis Hansen,ATL,26,198.12,92.98636,Brigham Young,USA
Travis Outlaw,POR,19,205.74,95.25432,None,USA
Tremaine Fowlkes,DET,28,198.12,96.161504,Fresno State,USA
Toni Kukoc,MIL,35,210.82,106.59412,None,Croatia
Keith McLeod,MIN,24,187.96,86.18248,Bowling Green,USA
Rasheed Wallace,DET,29,210.82,104.32616,North Carolina,USA
Randy Livingston,LAC,29,193.04,94.800728,Louisiana State,USA
Lonny Baxter,WAS,25,203.2,117.93392,Maryland,USA
Loren Woods,MIA,26,218.44,118.387512,Arizona,USA
Lorenzen Wright,MEM,28,210.82,108.86208,Memphis,USA
Lucious Harris,NJN,33,195.58,92.98636,Long Beach State,USA
Luke Ridnour,SEA,23,187.96,79.3786,Oregon,USA
Luke Walton,LAL,24,203.2,106.59412,Arizona,USA
Maciej Lampe,PHX,19,210.82,108.86208,None,Poland
Malik Allen,MIA,26,208.28,115.66596,Villanova,USA
Malik Rose,SAS,29,200.66,115.66596,Drexel,USA
Mamadou N'diaye,ATL,29,213.36,115.66596,Auburn,Senegal
Manu Ginobili,SAS,26,198.12,95.25432,None,Argentina
Marc Jackson,PHI,29,208.28,114.758776,Temple,USA
Marcus Banks,BOS,22,187.96,90.7184,Nevada-Las Vegas,USA
Marcus Camby,DEN,30,210.82,102.0582,Massachusetts,USA
Marcus Fizer,CHI,25,203.2,117.93392,Iowa State,USA
Marcus Haislip,MIL,23,208.28,104.32616,Tennessee,USA
Mark Blount,BOS,28,213.36,113.398,Pittsburgh,USA
Mark Jackson,HOU,39,190.5,88.45044,St. John's (NY),USA
Mark Madsen,MIN,28,205.74,111.13004,Stanford,USA
Mark Pope,DEN,31,208.28,106.59412,Kentucky,USA
Marko Jaric,LAC,25,195.58,98.429464,None,Serbia
Marquis Daniels,DAL,23,198.12,90.7184,Auburn,USA
Mateen Cleaves,CLE,26,187.96,95.25432,Michigan State,USA
Linton Johnson,CHI,24,203.2,92.98636,Tulane,USA
Lindsey Hunter,DET,33,187.96,88.45044,Jackson State,USA
Leon Smith,SEA,23,208.28,106.59412,None,USA
Lee Nailon,CLE,29,205.74,107.954896,Texas Christian,USA
Kelvin Cato,HOU,29,210.82,124.7378,Iowa State,USA
Kendall Gill,CHI,36,195.58,97.975872,Illinois,USA
Kendrick Perkins,BOS,19,208.28,127.00576,None,USA
Kenny Anderson,IND,33,185.42,76.203456,Georgia Tech,USA
Kenny Thomas,PHI,26,200.66,111.13004,New Mexico,USA
Kenyon Martin,NJN,26,205.74,106.140528,Cincinnati,USA
Keon Clark,UTA,29,210.82,100.243832,Nevada-Las Vegas,USA
Kerry Kittles,NJN,30,195.58,81.64656,Villanova,USA
Kevin Garnett,MIN,28,210.82,108.86208,None,USA
Kevin Ollie,CLE,31,187.96,88.45044,Connecticut,USA
Kevin Willis,SAS,41,213.36,111.13004,Michigan State,USA
Matt Barnes,LAC,24,200.66,106.59412,UCLA,USA
Keyon Dooling,LAC,24,190.5,86.18248,Missouri,USA
Kirk Penney,MIA,23,195.58,99.79024,Wisconsin,USA
Kobe Bryant,LAL,25,198.12,99.79024,None,USA
Kurt Thomas,NYK,31,205.74,106.59412,Texas Christian,USA
Kwame Brown,WAS,22,210.82,112.490816,None,USA
Kyle Korver,PHI,23,200.66,95.25432,Creighton,USA
Lamar Odom,MIA,24,208.28,102.0582,Rhode Island,USA
Lamond Murray,TOR,31,200.66,107.047712,California,USA
Larry Hughes,WAS,25,195.58,83.460928,Saint Louis,USA
Latrell Sprewell,MIN,33,195.58,88.45044,Alabama,USA
LeBron James,CLE,19,203.2,108.86208,None,USA
Leandro Barbosa,PHX,21,190.5,79.832192,None,Brazil
Kirk Hinrich,CHI,23,190.5,86.18248,Kansas,USA
Rashard Lewis,SEA,24,208.28,97.52228,None,USA
Matt Carroll,SAS,23,198.12,96.161504,Notre Dame,USA
Maurice Carter,NOH,27,195.58,95.25432,Louisiana State,USA
Nene,DEN,21,210.82,117.93392,None,Brazil
Nick Van Exel,GSW,32,185.42,88.45044,Cincinnati,USA
Nikoloz Tskitishvili,DEN,21,213.36,102.0582,None,Georgia
Olden Polynice,LAC,39,208.28,113.398,Virginia,USA
Oliver Miller,MIN,34,205.74,142.88148,Arkansas,USA
Omar Cook,POR,22,185.42,86.18248,St. John's (NY),USA
Othella Harrington,NYK,30,205.74,106.59412,Georgetown,USA
P.J. Brown,NOH,34,210.82,108.408488,Louisiana Tech,USA
Pat Garrity,ORL,27,205.74,107.954896,Notre Dame,USA
Pau Gasol,MEM,23,213.36,108.86208,None,Spain
Paul Grant,UTA,30,213.36,111.13004,Wisconsin,USA
Paul Pierce,BOS,26,198.12,104.32616,Kansas,USA
Paul Shirley,CHI,26,208.28,104.32616,Iowa State,USA
Peja Stojakovic,SAC,27,208.28,103.872568,None,Serbia and Montenegro
Popeye Jones,GSW,34,203.2,120.20188,Murray State,USA
Predrag Drobnjak,LAC,28,210.82,123.377024,None,Yugoslavia
Primoz Brezec,IND,24,215.9,114.305184,None,Slovenia
Quentin Richardson,LAC,24,195.58,107.954896,DePaul,USA
Quincy Lewis,MIN,27,200.66,97.52228,Minnesota,USA
Qyntel Woods,POR,23,203.2,100.243832,Northeast Mississippi Community College,USA
Raef LaFrentz,BOS,28,210.82,111.13004,Kansas,USA
Rafer Alston,MIA,27,187.96,79.3786,Fresno State,USA
Raja Bell,UTA,27,195.58,95.25432,Florida International,U.S. Virgin Islands
Ndudi Ebi,MIN,20,205.74,90.7184,None,USA
Nazr Mohammed,NYK,26,208.28,113.398,Kentucky,USA
Morris Peterson,TOR,26,200.66,97.52228,Michigan State,USA
Moochie Norris,NYK,30,187.96,85.275296,West Florida,USA
Maurice Taylor,HOU,27,205.74,115.66596,Michigan,USA
Mehmet Okur,DET,25,210.82,112.944408,None,Turkey
Melvin Ely,LAC,26,208.28,118.387512,Fresno State,USA
Mengke Bateer,TOR,28,210.82,131.54168,None,China
Metta World Peace,IND,24,200.66,111.583632,St. John's (NY),USA
Michael Bradley,ATL,25,208.28,102.0582,Villanova,USA
Michael Curry,TOR,35,195.58,95.25432,Georgia Southern,USA
Michael Doleac,DEN,27,210.82,118.841104,Utah,USA
Michael Finley,DAL,31,200.66,102.0582,Wisconsin,USA
Michael Olowokandi,MIN,29,213.36,122.46984,Pacific,Nigeria
Michael Redd,MIL,24,198.12,97.52228,Ohio State,USA
Matt Harpring,UTA,28,200.66,104.779752,Georgia Tech,USA
Michael Ruffin,UTA,27,203.2,111.583632,Tulsa,USA
Michael Sweetney,NYK,21,203.2,117.93392,Georgetown,USA
Mickael Pietrus,GSW,22,198.12,95.25432,None,France
Mike Bibby,SAC,26,185.42,86.18248,Arizona,USA
Mike Dunleavy,GSW,23,205.74,104.32616,Duke,USA
Mike James,DET,29,187.96,85.275296,Duquesne,USA
Mike Miller,MEM,24,203.2,98.883056,Florida,USA
Mike Wilks,HOU,25,180.34,81.64656,Rice,USA
Mikki Moore,UTA,28,213.36,102.0582,Nebraska,USA
Milt Palacio,TOR,26,190.5,88.45044,Colorado State,Belize
Mitchell Butler,WAS,33,195.58,95.25432,UCLA,USA
Mo Williams,UTA,21,185.42,83.91452,Alabama,USA
Michael Stewart,BOS,29,208.28,104.32616,California,USA
Jon Barry,DEN,34,195.58,95.25432,Georgia Tech,USA
Brian Cardinal,GSW,27,203.2,111.13004,Purdue,USA
Aaron McKie,PHI,32,195.58,94.800728,Temple,USA
Michael Redd,MIL,25,198.12,97.068688,Ohio State,USA
Michael Olowokandi,MIN,30,213.36,122.46984,Pacific,Nigeria
Michael Finley,DAL,32,200.66,102.0582,Wisconsin,USA
Michael Doleac,MIA,28,210.82,118.841104,Utah,USA
Michael Curry,IND,36,195.58,95.25432,Georgia Southern,USA
Michael Bradley,PHI,26,205.74,102.965384,Villanova,USA
Metta World Peace,IND,25,200.66,111.583632,St. John's (NY),USA
Melvin Ely,CHA,27,208.28,118.387512,Fresno State,USA
Mehmet Okur,UTA,26,210.82,112.944408,None,Turkey
Maurice Taylor,NYK,28,205.74,115.66596,Michigan,USA
Maurice Evans,SAC,26,195.58,99.79024,Texas,USA
Maurice Baker,POR,25,187.96,90.7184,Oklahoma State,USA
Matt Harpring,UTA,29,200.66,104.779752,Georgia Tech,USA
Matt Freije,NOH,23,208.28,112.944408,Vanderbilt,USA
Matt Carroll,CHA,24,198.12,96.161504,Notre Dame,USA
Matt Bonner,TOR,25,208.28,108.86208,Florida,USA
Matt Barnes,SAC,25,200.66,102.511792,UCLA,USA
Mateen Cleaves,SEA,27,187.96,95.25432,Michigan State,USA
Marquis Daniels,DAL,24,198.12,90.7184,Auburn,USA
Marko Jaric,LAC,26,200.66,98.429464,None,Serbia
Mark Pope,DEN,32,208.28,106.59412,Kentucky,USA
Mark Madsen,MIN,29,205.74,107.047712,Stanford,USA
Mark Jones,ORL,30,198.12,97.52228,Central Florida,USA
Mark Blount,BOS,29,213.36,113.398,Pittsburgh,USA
Mario Kasun,ORL,25,213.36,117.93392,None,Croatia
Michael Ruffin,WAS,28,203.2,112.490816,Tulsa,USA
Marcus Haislip,IND,24,208.28,104.32616,Tennessee,USA
Michael Stewart,ATL,30,208.28,104.32616,California,USA
Mickael Pietrus,GSW,23,198.12,97.52228,None,France
Paul Pierce,BOS,27,198.12,104.32616,Kansas,USA
Pau Gasol,MEM,24,213.36,108.86208,None,Spain
Pat Garrity,ORL,28,205.74,107.954896,Notre Dame,USA
Pape Sow,TOR,23,208.28,113.398,Cal State-Fullerton,Senegal
P.J. Brown,NOH,35,210.82,108.408488,Louisiana Tech,USA
Othella Harrington,CHI,31,205.74,106.59412,Georgetown,USA
Omar Cook,TOR,23,185.42,86.18248,St. John's (NY),USA
Obinna Ekezie,ATL,29,205.74,122.46984,Maryland,Nigeria
Nikoloz Tskitishvili,GSW,22,213.36,102.0582,None,Georgia
Nick Van Exel,POR,33,185.42,86.18248,Cincinnati,USA
Nick Collison,SEA,24,205.74,115.66596,Kansas,USA
Nene,DEN,22,210.82,117.93392,None,Brazil
Nenad Krstic,NJN,21,213.36,108.86208,None,Serbia and Montenegro
Ndudi Ebi,MIN,21,205.74,88.45044,None,USA
Nazr Mohammed,SAS,27,208.28,113.398,Kentucky,USA
Morris Peterson,TOR,27,200.66,97.52228,Michigan State,USA
Moochie Norris,HOU,31,185.42,83.91452,West Florida,USA
Mo Williams,MIL,22,185.42,85.728888,Alabama,USA
Milt Palacio,TOR,27,190.5,95.25432,Colorado State,Belize
Mikki Moore,LAC,29,213.36,101.151016,Nebraska,USA
Mike Wilks,SAS,26,177.8,81.64656,Rice,USA
Mike Miller,MEM,25,203.2,98.883056,Florida,USA
Mike James,HOU,30,187.96,85.275296,Duquesne,USA
Mike Dunleavy,GSW,24,205.74,104.32616,Duke,USA
Mike Bibby,SAC,27,185.42,86.18248,Arizona,USA
Michael Sweetney,NYK,22,203.2,122.46984,Georgetown,USA
Paul Shirley,PHX,27,208.28,104.32616,Iowa State,USA
Marcus Fizer,MIL,26,203.2,117.93392,Iowa State,USA
Marcus Banks,BOS,23,187.96,90.7184,Nevada-Las Vegas,USA
Kurt Thomas,NYK,32,205.74,106.59412,Texas Christian,USA
Kris Humphries,UTA,20,205.74,106.59412,Minnesota,USA
Kobe Bryant,LAL,26,198.12,99.79024,None,USA
Kirk Snyder,UTA,22,198.12,102.0582,Nevada,USA
Kirk Penney,LAC,24,195.58,99.79024,Wisconsin,USA
Kirk Hinrich,CHI,24,190.5,86.18248,Kansas,USA
Keyon Dooling,MIA,25,190.5,86.18248,Missouri,USA
Kevin Willis,ATL,42,213.36,111.13004,Michigan State,USA
Kevin Ollie,PHI,32,187.96,88.45044,Connecticut,USA
Kevin Martin,SAC,22,200.66,83.91452,Western Carolina,USA
Kevin Garnett,MIN,29,210.82,99.79024,None,USA
Kerry Kittles,LAC,31,195.58,83.91452,Villanova,USA
Kenyon Martin,DEN,27,205.74,106.140528,Cincinnati,USA
Kenny Thomas,SAC,27,200.66,111.13004,New Mexico,USA
Kenny Anderson,LAC,34,185.42,76.203456,Georgia Tech,USA
Kendrick Perkins,BOS,20,208.28,127.00576,None,USA
Kendall Gill,MIL,37,195.58,97.975872,Illinois,USA
Kelvin Cato,ORL,30,210.82,124.7378,Iowa State,USA
Keith Van Horn,DAL,29,208.28,111.13004,Utah,USA
Keith McLeod,UTA,25,187.96,86.18248,Bowling Green,USA
Keith Bogans,CHA,25,195.58,97.52228,Kentucky,USA
Kedrick Brown,PHI,24,200.66,100.697424,Northwest Florida State,USA
Kareem Rush,CHA,24,198.12,97.52228,Missouri,USA
Kaniel Dickens,NJN,26,203.2,97.52228,Idaho,USA
Juwan Howard,HOU,32,205.74,104.32616,Michigan,USA
Kwame Brown,WAS,23,210.82,110.222856,None,USA
Marcus Camby,DEN,31,210.82,102.0582,Massachusetts,USA
Kyle Korver,PHI,24,198.12,95.707912,Creighton,USA
Lamond Murray,TOR,32,200.66,106.59412,California,USA
Marc Jackson,PHI,30,208.28,114.758776,Temple,USA
Manu Ginobili,SAS,27,198.12,92.98636,None,Argentina
Mamadou N'diaye,LAC,30,213.36,115.66596,Auburn,Senegal
Malik Rose,NYK,30,200.66,111.13004,Drexel,USA
Malik Allen,CHA,27,208.28,115.66596,Villanova,USA
Maciej Lampe,NOH,20,210.82,124.7378,None,Poland
Luol Deng,CHI,20,203.2,99.79024,Duke,United Kingdom
Luke Walton,LAL,25,203.2,106.59412,Arizona,USA
Luke Ridnour,SEA,24,185.42,75.749864,Oregon,USA
Luke Jackson,CLE,23,200.66,97.52228,Oregon,USA
Luis Flores,DEN,24,187.96,88.45044,Manhattan,USA
Lucious Harris,CLE,34,195.58,92.98636,Long Beach State,USA
Lorenzen Wright,MEM,29,210.82,108.86208,Memphis,USA
Loren Woods,TOR,27,215.9,117.93392,Arizona,USA
Lonny Baxter,NOH,26,203.2,117.93392,Maryland,USA
Lionel Chalmers,LAC,24,182.88,81.64656,Xavier,USA
Linton Johnson,SAS,25,203.2,102.0582,Tulane,USA
Lindsey Hunter,DET,34,187.96,88.45044,Jackson State,USA
Lee Nailon,NOH,30,205.74,107.954896,Texas Christian,USA
Leandro Barbosa,PHX,22,190.5,85.275296,None,Brazil
LeBron James,CLE,20,203.2,108.86208,None,USA
Lawrence Funderburke,CHI,34,205.74,104.32616,Ohio State,USA
Latrell Sprewell,MIN,34,195.58,88.45044,Alabama,USA
Larry Hughes,WAS,26,195.58,83.460928,Saint Louis,USA
Laron Profit,WAS,27,195.58,92.532768,Maryland,USA
Lamar Odom,LAL,25,208.28,102.0582,Rhode Island,USA
Pavel Podkolzin,DAL,20,226.06,117.93392,None,Russia
Peja Stojakovic,SAC,28,208.28,103.872568,None,Serbia and Montenegro
Peter John Ramos,WAS,20,220.98,124.7378,None,Puerto Rico
Travis Outlaw,POR,20,205.74,95.25432,None,USA
Travis Best,NJN,32,180.34,82.553744,Georgia Tech,USA
Tracy McGrady,HOU,26,203.2,95.25432,None,USA
Torraye Braggs,HOU,29,203.2,111.13004,Xavier,USA
Tony Parker,SAS,23,187.96,80.285784,None,France
Tony Massenburg,SAS,37,205.74,113.398,Maryland,USA
Tony Delk,ATL,31,187.96,85.728888,Kentucky,USA
Tony Bobbitt,LAL,25,193.04,86.18248,Cincinnati,USA
Tony Battie,ORL,29,210.82,108.86208,Texas Tech,USA
Tony Allen,BOS,23,193.04,96.615096,Oklahoma State,USA
Toni Kukoc,MIL,36,210.82,106.59412,None,Croatia
Tom Gugliotta,ATL,35,208.28,113.398,North Carolina State,USA
Tim Thomas,NYK,28,208.28,108.86208,Villanova,USA
Tim Duncan,SAS,29,210.82,117.93392,Wake Forest,US Virgin Islands
Tierre Brown,LAL,26,187.96,85.728888,McNeese State,USA
Theron Smith,CHA,24,203.2,102.0582,Ball State,USA
Theo Ratliff,POR,32,208.28,106.59412,Wyoming,USA
Tayshaun Prince,DET,25,205.74,97.52228,Kentucky,USA
Tamar Slay,CHA,25,203.2,99.79024,Marshall,USA
Stromile Swift,MEM,25,205.74,104.32616,Louisiana State,USA
Steven Smith,MIA,36,203.2,100.243832,Michigan State,USA
Steven Hunter,PHX,23,213.36,108.86208,DePaul,USA
Steve Nash,PHX,31,190.5,88.45044,Santa Clara,Canada
Steve Francis,ORL,28,190.5,90.7184,Maryland,USA
Steve Blake,WAS,25,190.5,78.017824,Maryland,USA
Tremaine Fowlkes,IND,29,203.2,99.79024,Fresno State,USA
Stephon Marbury,NYK,28,187.96,90.7184,Georgia Tech,USA
Trenton Hassell,MIN,26,195.58,90.7184,Austin Peay,USA
Troy Hudson,MIN,29,185.42,77.11064,Southern Illinois,USA
Wally Szczerbiak,MIN,28,200.66,110.676448,Miami (OH),USA
Walter McCarty,PHX,31,208.28,104.32616,Kentucky,USA
Wang Zhi-zhi,MIA,27,215.9,128.820128,None,China
Wesley Person,DEN,34,198.12,90.7184,Auburn,USA
Willie Green,PHI,23,187.96,91.171992,Detroit Mercy,USA
Yao Ming,HOU,24,228.6,140.61352,None,China
Yuta Tabuse,PHX,24,175.26,74.84268,Brigham Young-Hawaii,USA
Zach Randolph,POR,23,205.74,114.758776,Michigan State,USA
Zarko Cabarkapa,GSW,24,210.82,102.0582,None,Serbia and Montenegro
Zaza Pachulia,MIL,21,210.82,120.20188,None,Georgia
Zeljko Rebraca,LAC,33,213.36,120.20188,None,Yugoslavia
Zendon Hamilton,MIL,30,210.82,115.212368,St. John's (NY),USA
Zoran Planinic,NJN,22,200.66,90.7184,None,Croatia
Zydrunas Ilgauskas,CLE,30,220.98,117.93392,None,Lithuania
Voshon Lenard,DEN,32,193.04,92.98636,Minnesota,USA
Vladimir Radmanovic,SEA,24,208.28,106.140528,None,Serbia
Vlade Divac,LAL,37,215.9,117.93392,None,Serbia and Montenegro
Vitaly Potapenko,SEA,30,208.28,129.27372,Wright State,Ukraine
Vince Carter,NJN,28,198.12,99.79024,North Carolina,USA
Vin Baker,HOU,33,210.82,108.86208,Hartford,USA
Viktor Khryapa,POR,22,205.74,95.25432,None,Russia
Udonis Haslem,MIA,25,203.2,103.418976,Florida,USA
Tyson Chandler,CHI,22,215.9,106.59412,None,USA
Tyronn Lue,ATL,28,182.88,80.739376,Nebraska,USA
Troy Murphy,GSW,25,210.82,111.13004,Notre Dame,USA
Trevor Ariza,NYK,20,203.2,90.7184,UCLA,USA
Stephen Jackson,IND,27,203.2,98.883056,Butler Community College,USA
Stacey Augmon,ORL,36,203.2,92.079176,Nevada-Las Vegas,USA
Speedy Claxton,NOH,27,180.34,77.11064,Hofstra,USA
Robert Swift,SEA,19,213.36,111.13004,None,USA
Robert Horry,SAS,34,208.28,108.86208,Alabama,USA
Ricky Davis,BOS,25,200.66,88.45044,Iowa,USA
Rick Brunson,LAC,33,193.04,86.18248,Temple,USA
Richie Frahm,POR,27,195.58,95.25432,Gonzaga,USA
Richard Hamilton,DET,27,200.66,87.543256,Connecticut,USA
Reggie Miller,IND,39,200.66,88.45044,UCLA,USA
Reggie Evans,SEA,25,203.2,111.13004,Iowa,USA
Reece Gaines,MIL,24,198.12,92.98636,Louisville,USA
Ray Allen,SEA,29,195.58,92.98636,Connecticut,USA
Raul Lopez,UTA,25,182.88,79.3786,None,Spain
Rasual Butler,MIA,26,200.66,92.98636,La Salle,USA
Rasho Nesterovic,SAS,29,213.36,115.66596,None,Slovenia
Rasheed Wallace,DET,30,210.82,104.32616,North Carolina,USA
Rashard Lewis,SEA,25,208.28,97.52228,None,USA
Randy Livingston,UTA,30,193.04,94.800728,Louisiana State,USA
Raja Bell,UTA,28,195.58,95.25432,Florida International,U.S. Virgin Islands
Rafer Alston,TOR,28,187.96,77.11064,Fresno State,USA
Rafael Araujo,TOR,24,210.82,127.00576,Brigham Young,Brazil
Raef LaFrentz,BOS,29,210.82,111.13004,Kansas,USA
Qyntel Woods,MIA,24,203.2,100.243832,Northeast Mississippi Community College,USA
Quinton Ross,LAC,24,198.12,87.543256,Southern Methodist,USA
Quentin Richardson,PHX,25,198.12,104.32616,DePaul,USA
Primoz Brezec,CHA,25,215.9,114.305184,None,Slovenia
Predrag Drobnjak,ATL,29,210.82,122.46984,None,Yugoslavia
Robert Traylor,CLE,28,203.2,128.820128,Michigan,USA
Rod Strickland,HOU,38,190.5,83.91452,DePaul,USA
Rodney Buford,NJN,27,195.58,88.45044,Creighton,USA
Rodney Rogers,PHI,34,200.66,122.46984,Wake Forest,USA
Smush Parker,PHX,24,193.04,81.64656,Fordham,USA
Slava Medvedenko,LAL,26,208.28,113.398,None,Ukraine
Shawn Marion,PHX,27,200.66,103.418976,Nevada-Las Vegas,USA
Shawn Bradley,DAL,33,228.6,124.7378,Brigham Young,USA
Shaun Livingston,LAC,19,200.66,82.553744,None,USA
Shareef Abdur-Rahim,POR,28,205.74,111.13004,California,USA
Shaquille O'Neal,MIA,33,215.9,147.4174,Louisiana State,USA
Shane Battier,MEM,26,203.2,99.79024,Duke,USA
Shandon Anderson,MIA,31,198.12,95.25432,Georgia,USA
Sebastian Telfair,POR,20,182.88,72.57472,None,USA
Sean Marks,SAS,29,208.28,113.398,California,New Zealand
Scott Williams,CLE,37,208.28,117.93392,North Carolina,USA
Justin Reed,BOS,23,203.2,108.86208,Mississippi,USA
Scott Padgett,HOU,29,205.74,108.86208,Kentucky,USA
Sasha Vujacic,LAL,21,200.66,87.543256,None,Slovenia
Sasha Pavlovic,CLE,21,200.66,95.25432,None,Montenegro
Samuel Dalembert,PHI,25,210.82,113.398,Seton Hall,Haiti
Samaki Walker,WAS,29,205.74,113.398,Louisville,USA
Sam Cassell,MIN,35,190.5,83.91452,Florida State,USA
Ryan Humphrey,MEM,25,203.2,106.59412,Notre Dame,USA
Ryan Bowen,HOU,29,205.74,99.79024,Iowa,USA
Ruben Patterson,POR,29,195.58,101.151016,Cincinnati,USA
Royal Ivey,ATL,23,190.5,90.7184,Texas,USA
Ronald Dupree,DET,24,200.66,94.800728,Louisiana State,USA
Ron Mercer,NJN,29,200.66,97.52228,Kentucky,USA
Rodney White,GSW,25,205.74,104.32616,North Carolina-Charlotte,USA
Scot Pollard,IND,30,210.82,120.20188,Kansas,USA
Junior Harrington,NOH,24,193.04,86.18248,Wingate,USA
Richard Jefferson,NJN,25,200.66,102.0582,Arizona,USA
Juan Dixon,WAS,26,190.5,74.389088,Maryland,USA
Christian Laettner,MIA,35,210.82,111.13004,Duke,USA
Chris Wilcox,LAC,22,208.28,106.59412,Maryland,USA
Chris Webber,PHI,32,208.28,111.13004,Michigan,USA
Chris Mihm,LAL,25,213.36,120.20188,Texas,USA
Chris Kaman,LAC,23,213.36,120.20188,Central Michigan,USA
Chris Duhon,CHI,22,185.42,83.91452,Duke,USA
Chris Bosh,TOR,21,208.28,106.59412,Georgia Tech,USA
Chris Andersen,NOH,26,208.28,103.418976,Blinn,USA
Chauncey Billups,DET,28,190.5,91.625584,Colorado,USA
Charlie Ward,HOU,34,187.96,83.91452,Florida State,USA
Casey Jacobsen,NOH,24,198.12,97.52228,Stanford,USA
Caron Butler,LAL,25,200.66,98.429464,Connecticut,USA
Carmelo Anthony,DEN,21,203.2,99.79024,Syracuse,USA
Carlos Delfino,DET,22,198.12,104.32616,None,Argentina
Carlos Boozer,UTA,23,203.2,117.026736,Duke,USA
Carlos Arroyo,DET,25,187.96,91.625584,Florida International,Puerto Rico
Calvin Booth,MIL,29,210.82,104.779752,Penn State,USA
Calbert Cheaney,GSW,33,200.66,98.429464,Indiana,USA
Bryon Russell,DEN,34,200.66,102.0582,Long Beach State,USA
Bruno Sundov,NYK,25,218.44,117.93392,None,Croatia
Bruce Bowen,SAS,34,200.66,90.7184,Cal State-Fullerton,USA
Britton Johnsen,IND,25,208.28,95.25432,Utah,USA
Brian Skinner,SAC,29,205.74,120.20188,Baylor,USA
Brian Scalabrine,NJN,27,205.74,106.59412,Southern California,USA
Brian Grant,LAL,33,205.74,115.212368,Xavier,USA
Chucky Atkins,LAL,30,180.34,72.57472,South Florida,USA
Brian Cook,LAL,24,205.74,106.140528,Illinois,USA
Clar. Weatherspoon,HOU,34,200.66,122.46984,Southern Mississippi,USA
Corey Maggette,LAC,25,198.12,102.0582,Duke,USA
David Wesley,HOU,34,185.42,92.079176,Baylor,USA
David Harrison,IND,22,213.36,127.00576,Colorado,USA
Darvin Ham,DET,31,200.66,108.86208,Texas Tech,USA
Darrick Martin,LAC,34,180.34,77.11064,UCLA,USA
Darrell Armstrong,DAL,37,185.42,81.64656,Fayetteville State,USA
Darko Milicic,DET,20,213.36,111.13004,None,Serbia
Darius Songaila,SAC,27,203.2,108.86208,Wake Forest,Lithuania
Darius Miles,POR,23,205.74,95.25432,None,USA
Danny Fortson,SEA,29,203.2,117.93392,Cincinnati,USA
Daniel Santiago,MIL,29,215.9,116.119552,Saint Vincent,Puerto Rico
Dan Gadzuric,MIL,27,210.82,108.86208,UCLA,Netherlands
Dan Dickau,NOH,26,182.88,86.18248,Gonzaga,USA
Damone Brown,WAS,26,203.2,91.625584,Syracuse,USA
Damon Stoudamire,POR,31,177.8,78.925008,Arizona,USA
Damon Jones,MIA,28,190.5,83.91452,Houston,USA
Damien Wilkins,SEA,25,198.12,102.0582,Georgia,USA
Dale Davis,IND,36,210.82,114.305184,Clemson,USA
Dajuan Wagner,CLE,22,187.96,90.7184,Memphis,USA
Dahntay Jones,MEM,24,198.12,95.25432,Duke,USA
DJ Mbenga,DAL,24,213.36,111.13004,None,Democratic Republic of the Congo
Cuttino Mobley,SAC,29,193.04,97.52228,Rhode Island,USA
Curtis Borchardt,UTA,24,213.36,109.769264,Stanford,USA
Cory Alexander,CHA,32,185.42,86.18248,Virginia,USA
Corsley Edwards,NOH,26,205.74,124.7378,Central Connecticut State,USA
Corliss Williamson,SAC,31,200.66,111.13004,Arkansas,USA
Clifford Robinson,NJN,38,208.28,108.86208,Connecticut,USA
David West,NOH,24,203.2,102.511792,Xavier,USA
Brian Cardinal,MEM,28,203.2,111.13004,Purdue,USA
Brent Barry,SAS,33,200.66,95.25432,Oregon State,USA
Antawn Jamison,WAS,29,205.74,104.32616,North Carolina,USA
Ansu Sesay,GSW,28,205.74,102.0582,Mississippi,USA
Anfernee Hardaway,NYK,33,200.66,97.52228,Memphis,USA
Andris Biedrins,GSW,19,210.82,108.86208,None,Latvia
Andrew DeClercq,ORL,32,208.28,115.66596,Florida,USA
Andres Nocioni,CHI,25,200.66,102.0582,None,Argentina
Andrei Kirilenko,UTA,24,205.74,92.98636,None,Russia
Andre Miller,DEN,29,187.96,90.7184,Utah,USA
Andre Iguodala,PHI,21,198.12,93.893544,Arizona,USA
Andre Emmett,MEM,22,195.58,104.32616,Texas Tech,USA
Jumaine Jones,LAL,26,203.2,98.883056,Georgia,USA
Aaron Williams,TOR,33,205.74,106.59412,Xavier,USA
Adonal Foyle,GSW,30,208.28,122.46984,Colgate,St. Vincent & Grenadines
Adrian Griffin,CHI,30,195.58,104.32616,Seton Hall,USA
Al Harrington,ATL,25,205.74,113.398,None,USA
Al Jefferson,BOS,20,208.28,120.20188,None,USA
Alan Henderson,DAL,32,205.74,108.86208,Indiana,USA
Aleksandar Radojevic,UTA,28,220.98,113.398,Barton Community College,USA
Alex Garcia,NOH,25,190.5,88.45044,None,USA
Allan Houston,NYK,34,198.12,92.98636,Tennessee,USA
Allen Iverson,PHI,30,182.88,74.84268,Georgetown,USA
Alonzo Mourning,MIA,35,208.28,118.387512,Georgetown,USA
Amar'e Stoudemire,PHX,22,208.28,111.13004,None,USA
Anderson Varejao,CLE,22,208.28,104.32616,None,Brazil
Andre Barrett,ORL,23,177.8,78.471416,Seton Hall,USA
Anthony Carter,MIN,30,187.96,88.45044,Hawaii,USA
Brevin Knight,CHA,29,177.8,77.11064,Stanford,USA
Anthony Goldwire,MIL,33,187.96,82.553744,Houston,USA
Anthony Miller,ATL,33,205.74,115.66596,Michigan State,USA
Brendan Haywood,WAS,25,213.36,120.655472,North Carolina,USA
Brandon Hunter,ORL,24,200.66,120.655472,Ohio,USA
Brandin Knight,HOU,23,182.88,81.64656,Pittsburgh,USA
Bostjan Nachbar,NOH,24,205.74,100.243832,None,Slovenia
Boris Diaw,ATL,23,203.2,97.52228,None,France
Bonzi Wells,MEM,28,195.58,95.25432,Ball State,USA
Bobby Simmons,LAC,25,198.12,103.418976,DePaul,USA
Bobby Jackson,SAC,32,185.42,83.91452,Minnesota,USA
Bob Sura,HOU,32,195.58,90.7184,Florida State,USA
Bo Outlaw,PHX,34,203.2,99.79024,Houston,USA
Billy Thomas,NJN,29,195.58,98.883056,Kansas,USA
Bernard Robinson,CHA,24,198.12,95.25432,Michigan,USA
Beno Udrih,SAS,22,190.5,90.7184,None,Slovenia
Ben Wallace,DET,30,205.74,108.86208,Virginia Union,USA
Ben Handlogten,UTA,31,208.28,108.86208,Western Michigan,USA
Ben Gordon,CHI,22,190.5,90.7184,Connecticut,USA
Baron Davis,GSW,26,190.5,101.151016,UCLA,USA
Awvee Storey,NJN,28,198.12,102.0582,Arizona State,USA
Austin Croshere,IND,30,208.28,109.769264,Providence,USA
Antonio McDyess,DET,30,205.74,111.13004,Alabama,USA
Antonio Davis,CHI,36,205.74,111.13004,Texas-El Paso,USA
Antonio Daniels,SEA,30,193.04,92.98636,Bowling Green,USA
Antonio Burks,MEM,25,182.88,88.45044,Memphis,USA
Antoine Walker,BOS,28,205.74,111.13004,Kentucky,USA
Anthony Peeler,WAS,35,193.04,94.347136,Missouri,USA
Anthony Johnson,IND,30,190.5,86.18248,College of Charleston,USA
DeSagana Diop,CLE,23,213.36,127.00576,None,Senegal
Brad Miller,SAC,29,213.36,118.387512,Purdue,USA
Delonte West,BOS,21,193.04,81.64656,Saint Joseph's,USA
Jason Collier,ATL,27,213.36,117.93392,Georgia Tech,USA
Jarvis Hayes,WAS,23,200.66,99.79024,Georgia,USA
Jarron Collins,UTA,26,210.82,114.305184,Stanford,USA
Jared Reiner,CHI,23,210.82,115.66596,Iowa,USA
Jared Jeffries,WAS,23,208.28,104.32616,Indiana,USA
Jannero Pargo,CHI,25,185.42,79.3786,Arkansas,USA
Jamison Brewer,NYK,24,193.04,88.45044,Auburn,USA
James Thomas,ATL,24,203.2,106.59412,Texas,USA
James Posey,MEM,28,203.2,97.52228,Xavier,USA
James Jones,IND,24,203.2,97.52228,Miami (FL),USA
Jameer Nelson,ORL,23,182.88,86.18248,Saint Joseph's,USA
Jamal Sampson,CHA,22,210.82,106.59412,California,USA
Jamal Crawford,NYK,25,195.58,86.18248,Michigan,USA
Jamaal Tinsley,IND,27,190.5,88.45044,Iowa State,USA
Jamaal Magloire,NOH,27,210.82,117.480328,Kentucky,Canada
Jalen Rose,TOR,32,203.2,97.52228,Michigan,USA
Jake Voskuhl,PHX,27,210.82,115.66596,Connecticut,USA
Jake Tsakalidis,MEM,26,218.44,131.54168,None,Greece
Jahidi White,CHA,29,205.74,131.54168,Georgetown,USA
Jacque Vaughn,NJN,30,185.42,86.18248,Kansas,USA
Jackson Vroman,NOH,24,208.28,99.79024,Iowa State,USA
Jackie Butler,NYK,20,208.28,113.398,Southern Illinois,USA
Jabari Smith,NJN,28,210.82,113.398,Louisiana State,USA
JR Smith,NOH,19,198.12,99.79024,None,USA
Ira Newble,CLE,30,200.66,99.79024,Miami (OH),USA
Jason Collins,NJN,26,213.36,115.66596,Stanford,USA
Jason Hart,CHA,27,190.5,83.91452,Syracuse,USA
Jason Kapono,CHA,24,203.2,96.615096,UCLA,USA
Jason Richardson,GSW,24,198.12,102.0582,Michigan State,USA
Josh Smith,ATL,19,205.74,102.0582,None,USA
Josh Howard,DAL,25,200.66,95.25432,Wake Forest,USA
Josh Davis,PHI,24,203.2,106.59412,Wyoming,USA
Josh Childress,ATL,22,203.2,95.25432,Stanford,USA
Jonathan Bender,IND,24,213.36,99.336648,None,USA
Jon Barry,HOU,35,195.58,95.25432,Georgia Tech,USA
John Thomas,MIN,29,205.74,120.20188,Minnesota,USA
John Salmons,PHI,25,198.12,93.893544,Miami (FL),USA
John Edwards,IND,23,213.36,124.7378,Kent State,USA
Joel Przybilla,POR,25,215.9,115.66596,Minnesota,USA
Joe Smith,MIL,29,208.28,102.0582,Maryland,USA
Joe Johnson,PHX,24,200.66,104.32616,Arkansas,USA
Ibrahim Kutluay,SEA,31,198.12,90.7184,None,USA
Jiri Welsch,CLE,25,200.66,94.347136,None,Czech Republic
Jerry Stackhouse,DAL,30,198.12,98.883056,North Carolina,USA
DeShawn Stevenson,ORL,24,195.58,95.25432,None,USA
Jerome Williams,NYK,32,205.74,93.439952,Georgetown,USA
Jerome Moiso,CLE,27,208.28,117.93392,UCLA,France
Jerome James,SEA,29,215.9,123.377024,Florida A&M,USA
Jermaine O'Neal,IND,26,210.82,109.769264,None,USA
Jermaine Jackson,NYK,29,195.58,92.532768,Detroit Mercy,USA
Jelani McCoy,ATL,27,208.28,111.13004,UCLA,USA
Jeff McInnis,CLE,30,193.04,81.192968,North Carolina,USA
Jeff Foster,IND,28,210.82,109.769264,Texas State,USA
Jason Williams,MEM,29,185.42,86.18248,Florida,USA
Jason Terry,DAL,27,187.96,81.64656,Arizona,USA
Jim Jackson,PHX,34,198.12,99.79024,Ohio State,USA
Howard Eisley,UTA,32,187.96,83.91452,Boston College,USA
Jason Kidd,NJN,32,193.04,95.25432,California,USA
Hedo Turkoglu,ORL,26,208.28,99.79024,None,Turkey
Eddy Curry,CHI,22,210.82,129.27372,None,USA
Eddie Jones,MIA,33,198.12,90.7184,Temple,USA
Eddie House,SAC,27,185.42,79.3786,Arizona State,USA
Eddie Griffin,MIN,23,208.28,108.86208,Seton Hall,USA
Eddie Gill,IND,26,182.88,86.18248,Weber State,USA
Earl Watson,MEM,26,185.42,86.18248,UCLA,USA
Earl Boykins,DEN,29,165.1,60.327736,Eastern Michigan,USA
Dwight Howard,ORL,19,210.82,113.398,None,USA
Drew Gooden,CLE,23,208.28,109.769264,Kansas,USA
DerMarr Johnson,DEN,25,205.74,91.171992,Cincinnati,USA
Derek Anderson,POR,30,195.58,88.45044,Kentucky,USA
Derek Fisher,GSW,30,185.42,90.7184,Arkansas-Little Rock,USA
Derrick Coleman,DET,38,208.28,122.46984,Syracuse,USA
Desmond Mason,MIL,27,195.58,100.697424,Oklahoma State,USA
Devean George,LAL,27,203.2,108.86208,Augsburg,USA
Horace Jenkins,DET,30,185.42,81.64656,William Paterson,USA
Devin Brown,SAS,26,195.58,99.79024,Texas-San Antonio,USA
Devin Harris,DAL,22,190.5,83.91452,Wisconsin,USA
Dikembe Mutombo,HOU,39,218.44,120.20188,Georgetown,Congo
Doug Christie,ORL,35,198.12,92.98636,Pepperdine,USA
Dion Glover,SAS,26,195.58,102.0582,Georgia Tech,USA
Dirk Nowitzki,DAL,27,213.36,111.13004,None,Germany
Donnell Harvey,NJN,24,203.2,99.79024,Florida,USA
Donta Smith,ATL,21,200.66,97.52228,Southeastern Illinois,USA
Donyell Marshall,TOR,32,205.74,104.32616,Connecticut,USA
Eduardo Najera,DEN,28,203.2,106.59412,Oklahoma,Mexico
Elden Campbell,DET,36,213.36,126.552168,Clemson,USA
Dwyane Wade,MIA,23,193.04,96.161504,Marquette,USA
Emeka Okafor,CHA,22,208.28,114.305184,Connecticut,USA
Ha Ha,POR,19,220.98,138.34556,Yonsei (KOR),South Korea
Greg Ostertag,SAC,32,218.44,127.00576,Kansas,USA
Greg Buckner,DEN,28,193.04,95.25432,Clemson,USA
Grant Hill,ORL,32,203.2,102.0582,Duke,USA
Gordan Giricek,UTA,28,195.58,95.25432,None,Croatia
Glenn Robinson,SAS,32,200.66,108.86208,Purdue,USA
Gilbert Arenas,WAS,23,190.5,86.636072,Arizona,USA
Gerald Wallace,CHA,22,200.66,97.52228,Alabama,USA
George Lynch,NOH,34,203.2,106.59412,North Carolina,USA
Geno Carlisle,POR,28,190.5,90.7184,California,USA
Gary Payton,BOS,36,193.04,81.64656,Oregon State,USA
Fred Jones,IND,26,187.96,98.883056,Oregon,USA
Fred Hoiberg,MIN,32,195.58,95.25432,Iowa State,USA
Elton Brand,LAC,26,203.2,123.377024,Duke,USA
Francisco Elson,DEN,29,213.36,106.59412,California,Netherlands
Frank Williams,CHI,25,190.5,96.161504,Illinois,USA
Erick Strickland,MIL,31,190.5,98.883056,Nebraska,USA
Eric Piatkowski,CHI,34,200.66,97.52228,Nebraska,USA
Eric Snow,CLE,32,190.5,92.98636,Michigan State,USA
Eric Williams,TOR,32,203.2,99.79024,Providence,USA
Erick Dampier,DAL,29,210.82,120.20188,Mississippi State,USA
Erik Daniels,SAC,23,203.2,97.068688,Kentucky,USA
Ervin Johnson,MIN,37,210.82,111.13004,New Orleans,USA
Etan Thomas,WAS,27,208.28,117.93392,Syracuse,USA
Flip Murray,SEA,25,190.5,89.357624,Shaw,USA
Dorell Wright,MIA,19,200.66,95.25432,None,USA
Tyronn Lue,ATL,29,182.88,80.739376,Nebraska,USA
T.J. Ford,MIL,23,182.88,74.84268,Texas,USA
Tayshaun Prince,DET,26,205.74,97.52228,Kentucky,USA
Terence Morris,ORL,27,205.74,100.243832,Maryland,USA
Theo Ratliff,POR,33,208.28,106.59412,Wyoming,USA
Tim Duncan,SAS,30,210.82,117.93392,Wake Forest,US Virgin Islands
Tim Thomas,PHX,29,208.28,108.86208,Villanova,USA
Toni Kukoc,MIL,37,210.82,106.59412,None,Croatia
Tony Allen,BOS,24,193.04,96.615096,Oklahoma State,USA
Tony Battie,ORL,30,210.82,108.86208,Texas Tech,USA
Viktor Khryapa,POR,23,205.74,95.25432,None,Russia
Trenton Hassell,MIN,27,195.58,90.7184,Austin Peay,USA
Travis Outlaw,POR,21,203.2,99.79024,None,USA
Travis Diener,ORL,24,185.42,79.3786,Marquette,USA
Vin Baker,LAC,34,210.82,108.86208,Hartford,USA
Tracy McGrady,HOU,27,203.2,95.25432,None,USA
Troy Hudson,MIN,30,185.42,77.11064,Southern Illinois,USA
Tony Parker,SAS,24,187.96,80.285784,None,France
Udonis Haslem,MIA,26,203.2,106.59412,Florida,USA
Tony Delk,DET,32,187.96,85.728888,Kentucky,USA
Stromile Swift,HOU,26,205.74,104.32616,Louisiana State,USA
Troy Murphy,GSW,26,210.82,111.13004,Notre Dame,USA
Tyson Chandler,CHI,23,215.9,106.59412,None,USA
Trevor Ariza,ORL,20,203.2,95.25432,UCLA,USA
Shandon Anderson,MIA,32,198.12,97.52228,Georgia,USA
Steve Nash,PHX,32,190.5,88.45044,Santa Clara,Canada
Scott Padgett,NJN,30,205.74,108.86208,Kentucky,USA
Scot Pollard,IND,31,210.82,120.20188,Kansas,USA
Sasha Vujacic,LAL,22,200.66,88.45044,None,Slovenia
Sasha Pavlovic,CLE,22,200.66,95.25432,None,Montenegro
Sarunas Jasikevicius,IND,30,193.04,89.357624,Maryland,USSR
Samuel Dalembert,PHI,26,210.82,113.398,Seton Hall,Haiti
Samaki Walker,IND,30,205.74,117.93392,Louisville,USA
Sean Marks,SAS,30,208.28,113.398,California,New Zealand
Sam Cassell,LAC,36,190.5,83.91452,Florida State,USA
Ryan Gomes,BOS,23,200.66,113.398,Providence,USA
Ryan Bowen,HOU,30,205.74,99.79024,Iowa,USA
Ruben Patterson,DEN,30,195.58,101.151016,Cincinnati,USA
Royal Ivey,ATL,24,190.5,90.7184,Texas,USA
Ronnie Price,SAC,23,187.96,86.18248,Utah Valley,USA
Vince Carter,NJN,29,198.12,99.79024,North Carolina,USA
Ronny Turiaf,LAL,23,208.28,112.944408,Gonzaga,France
Salim Stoudamire,ATL,23,185.42,81.192968,Arizona,USA
Steven Hunter,PHI,24,213.36,108.86208,DePaul,USA
Sean May,CHA,22,205.74,120.655472,North Carolina,USA
Sergei Monia,SAC,23,203.2,99.79024,None,Russia
Steve Francis,NYK,29,190.5,90.7184,Maryland,USA
Steve Blake,POR,26,190.5,78.017824,Maryland,USA
Stephon Marbury,NYK,29,187.96,92.98636,Georgia Tech,USA
Stephen Jackson,IND,28,203.2,98.883056,Butler Community College,USA
Stephen Graham,CLE,24,198.12,97.52228,Oklahoma State,USA
Stacey Augmon,ORL,37,203.2,96.615096,Nevada-Las Vegas,USA
Speedy Claxton,NOK,28,180.34,77.11064,Hofstra,USA
Sebastian Telfair,POR,21,182.88,72.57472,None,USA
Smush Parker,LAL,25,193.04,81.64656,Fordham,USA
Shawn Marion,PHX,28,200.66,103.418976,Nevada-Las Vegas,USA
Shavlik Randolph,PHI,22,208.28,108.86208,Duke,USA
Shaun Livingston,LAC,20,200.66,82.553744,None,USA
Sharrod Ford,PHX,24,205.74,106.59412,Clemson,USA
Shareef Abdur-Rahim,SAC,29,205.74,111.13004,California,USA
Shaquille O'Neal,MIA,34,215.9,147.4174,Louisiana State,USA
Shane Battier,MEM,27,203.2,99.79024,Duke,USA
Slava Medvedenko,LAL,27,208.28,113.398,None,Ukraine
Vitaly Potapenko,SAC,31,208.28,129.27372,Wright State,Ukraine
Jarron Collins,UTA,27,210.82,115.66596,Stanford,USA
Von Wafer,LAL,20,195.58,95.25432,Florida State,USA
Jason Maxiell,DET,23,200.66,117.93392,Cincinnati,USA
Jason Kidd,NJN,33,193.04,95.25432,California,USA
Jason Kapono,MIA,25,203.2,97.52228,UCLA,USA
Jason Hart,SAC,28,190.5,83.91452,Syracuse,USA
Jason Collins,NJN,27,213.36,115.66596,Stanford,USA
Jarvis Hayes,WAS,24,203.2,99.79024,Georgia,USA
Jarrett Jack,POR,22,190.5,91.625584,Georgia Tech,USA
Jared Jeffries,WAS,24,210.82,108.86208,Indiana,USA
Jannero Pargo,CHI,26,185.42,79.3786,Arkansas,USA
James Thomas,CHI,25,205.74,111.13004,Texas,USA
James Singleton,LAC,24,203.2,97.52228,Murray State,USA
James Posey,MIA,29,203.2,98.429464,Xavier,USA
James Jones,PHX,25,203.2,99.79024,Miami (FL),USA
Jameer Nelson,ORL,24,182.88,86.18248,Saint Joseph's,USA
Jamal Sampson,SAC,23,210.82,106.59412,California,USA
Jamal Crawford,NYK,26,195.58,86.18248,Michigan,USA
Jamaal Tinsley,IND,28,190.5,83.91452,Iowa State,USA
Jamaal Magloire,MIL,28,210.82,117.480328,Kentucky,Canada
Jalen Rose,NYK,33,203.2,97.52228,Michigan,USA
Jake Voskuhl,CHA,28,210.82,115.66596,Connecticut,USA
Jake Tsakalidis,MEM,27,218.44,131.54168,None,Greece
Jacque Vaughn,NJN,31,185.42,86.18248,Kansas,USA
Jackson Vroman,NOK,25,208.28,99.79024,Iowa State,USA
Jackie Butler,NYK,21,208.28,117.93392,Southern Illinois,USA
JR Smith,NOK,20,198.12,99.79024,None,USA
Ira Newble,CLE,31,200.66,99.79024,Miami (OH),USA
Ime Udoka,NYK,28,195.58,99.79024,Portland State,USA
Ronald Dupree,MIN,25,200.66,94.800728,Louisiana State,USA
Ike Diogu,GSW,22,203.2,115.66596,Arizona State,USA
Jason Richardson,GSW,25,198.12,102.0582,Michigan State,USA
Jason Terry,DAL,28,187.96,81.64656,Arizona,USA
Jason Williams,MIA,30,185.42,81.64656,Florida,USA
Jeff Foster,IND,29,210.82,113.398,Texas State,USA
Voshon Lenard,POR,33,193.04,97.52228,Minnesota,USA
Wally Szczerbiak,BOS,29,200.66,110.676448,Miami (OH),USA
Walter McCarty,LAC,32,208.28,111.13004,Kentucky,USA
Wayne Simien,MIA,23,205.74,113.398,Kansas,USA
Will Bynum,GSW,23,182.88,83.91452,Georgia Tech,USA
Willie Green,PHI,24,187.96,91.171992,Detroit Mercy,USA
Yao Ming,HOU,25,228.6,140.61352,None,China
Yaroslav Korolev,LAC,19,205.74,111.13004,None,Russia
Zach Randolph,POR,24,205.74,114.758776,Michigan State,USA
Zarko Cabarkapa,GSW,25,210.82,104.32616,None,Serbia and Montenegro
Zaza Pachulia,ATL,22,210.82,120.20188,None,Georgia
Zeljko Rebraca,LAC,34,213.36,120.20188,None,Yugoslavia
Zendon Hamilton,PHI,31,210.82,115.212368,St. John's (NY),USA
Zoran Planinic,NJN,23,200.66,90.7184,None,Croatia
Vladimir Radmanovic,LAC,25,208.28,106.140528,None,Serbia
Zydrunas Ilgauskas,CLE,31,220.98,117.93392,None,Lithuania
John Lucas III,HOU,23,180.34,81.64656,Oklahoma State,USA
John Edwards,ATL,24,213.36,124.7378,Kent State,USA
Johan Petro,SEA,20,213.36,112.037224,None,France
Joey Graham,TOR,24,200.66,102.0582,Oklahoma State,USA
Joel Przybilla,POR,26,215.9,115.66596,Minnesota,USA
Joe Smith,MIL,30,208.28,102.0582,Maryland,USA
Joe Johnson,ATL,25,200.66,104.32616,Arkansas,USA
Jiri Welsch,MIL,26,200.66,94.347136,None,Czech Republic
Jim Jackson,LAL,35,198.12,99.79024,Ohio State,USA
Jerry Stackhouse,DAL,31,198.12,98.883056,North Carolina,USA
Jerome James,NYK,30,215.9,127.00576,Florida A&M,USA
Jermaine O'Neal,IND,27,210.82,117.93392,None,USA
Jermaine Jackson,MIL,30,195.58,92.532768,Detroit Mercy,USA
Jeff McInnis,NJN,31,193.04,81.192968,North Carolina,USA
John Salmons,PHI,26,198.12,93.893544,Miami (FL),USA
Robert Whaley,UTA,24,208.28,117.93392,Walsh,USA
LeBron James,CLE,21,203.2,108.86208,None,USA
Robert Horry,SAS,35,208.28,108.86208,Alabama,USA
Luke Walton,LAL,26,203.2,105.233344,Arizona,USA
Luke Schenscher,CHI,24,215.9,120.20188,Georgia Tech,USA
Luke Ridnour,SEA,25,185.42,75.749864,Oregon,USA
Luke Jackson,CLE,24,200.66,97.52228,Oregon,USA
Lou Williams,PHI,19,185.42,79.3786,None,USA
Lorenzen Wright,MEM,30,210.82,108.86208,Memphis,USA
Luol Deng,CHI,21,205.74,99.79024,Duke,United Kingdom
Loren Woods,TOR,28,218.44,117.93392,Arizona,USA
Linton Johnson,NOK,26,203.2,102.0582,Tulane,USA
Lindsey Hunter,DET,35,187.96,88.45044,Jackson State,USA
Linas Kleiza,DEN,21,203.2,111.13004,Missouri,Lithuania
Lee Nailon,PHI,31,205.74,109.315672,Texas Christian,USA
Leandro Barbosa,PHX,23,190.5,85.275296,None,Brazil
Lawrence Roberts,MEM,23,205.74,108.86208,Mississippi State,USA
Lonny Baxter,CHA,27,203.2,117.93392,Maryland,USA
Larry Hughes,CLE,27,195.58,83.460928,Saint Louis,USA
Luther Head,HOU,23,190.5,83.91452,Illinois,USA
Malik Allen,CHI,28,208.28,115.66596,Villanova,USA
Marvin Williams,ATL,20,205.74,104.32616,North Carolina,USA
Martynas Andriuskevicius,CLE,20,218.44,108.86208,None,Lithuania
Martell Webster,POR,19,200.66,95.25432,None,USA
Marquis Daniels,DAL,25,198.12,90.7184,Auburn,USA
Marko Jaric,MIN,27,200.66,98.429464,None,Serbia
Mark Madsen,MIN,30,205.74,107.047712,Stanford,USA
Maciej Lampe,HOU,21,210.82,124.7378,None,Poland
Mark Blount,MIN,30,213.36,113.398,Pittsburgh,USA
Marcus Fizer,NOK,27,203.2,117.93392,Iowa State,USA
Marcus Camby,DEN,32,210.82,104.32616,Massachusetts,USA
Marcus Banks,MIN,24,187.96,90.7184,Nevada-Las Vegas,USA
Marc Jackson,NOK,31,208.28,114.758776,Temple,USA
Manu Ginobili,SAS,28,198.12,92.98636,None,Argentina
Malik Rose,NYK,31,200.66,115.66596,Drexel,USA
Mario Kasun,ORL,26,215.9,117.93392,None,Croatia
Laron Profit,LAL,28,195.58,92.532768,Maryland,USA
Lamond Murray,NJN,33,200.66,106.59412,California,USA
Lamar Odom,LAL,26,208.28,104.32616,Rhode Island,USA
Kareem Rush,CHA,25,198.12,97.52228,Missouri,USA
Juwan Howard,HOU,33,205.74,104.32616,Michigan,USA
Justin Reed,MIN,24,203.2,108.86208,Mississippi,USA
Jumaine Jones,CHA,27,203.2,98.883056,Georgia,USA
Julius Hodge,DEN,22,200.66,95.25432,North Carolina State,USA
Juan Dixon,POR,27,190.5,74.389088,Maryland,USA
Keith Bogans,HOU,26,195.58,97.52228,Kentucky,USA
Josh Smith,ATL,20,205.74,102.0582,None,USA
Josh Howard,DAL,26,200.66,95.25432,Wake Forest,USA
Josh Davis,PHX,25,203.2,109.769264,Wyoming,USA
Josh Childress,ATL,23,203.2,95.25432,Stanford,USA
Jose Calderon,TOR,24,190.5,95.25432,None,Spain
Jonathan Bender,IND,25,213.36,99.336648,None,USA
Howard Eisley,DEN,33,187.96,83.91452,Boston College,USA
Josh Powell,DAL,23,205.74,102.0582,North Carolina State,USA
Keith McLeod,UTA,26,187.96,86.18248,Bowling Green,USA
Keith Van Horn,DAL,30,208.28,111.13004,Utah,USA
Kelvin Cato,DET,31,210.82,124.7378,Iowa State,USA
Kyle Korver,PHI,25,198.12,95.707912,Creighton,USA
Kwame Brown,LAL,24,210.82,112.490816,None,USA
Kurt Thomas,PHX,33,205.74,106.59412,Texas Christian,USA
Kris Humphries,UTA,21,205.74,106.59412,Minnesota,USA
Kobe Bryant,LAL,27,198.12,99.79024,None,USA
Kirk Snyder,NOK,23,198.12,102.0582,Nevada,USA
Kirk Hinrich,CHI,25,190.5,86.18248,Kansas,USA
Keyon Dooling,ORL,26,190.5,88.45044,Missouri,USA
Kevin Ollie,PHI,33,187.96,88.45044,Connecticut,USA
Kevin Martin,SAC,23,200.66,83.91452,Western Carolina,USA
Kevin Garnett,MIN,30,210.82,99.79024,None,USA
Kevin Burleson,CHA,27,190.5,92.98636,Minnesota,USA
Kenyon Martin,DEN,28,205.74,108.86208,Cincinnati,USA
Kenny Thomas,SAC,28,200.66,111.13004,New Mexico,USA
Kendrick Perkins,BOS,21,208.28,127.00576,None,USA
Mateen Cleaves,SEA,28,187.96,95.25432,Michigan State,USA
Matt Barnes,PHI,26,200.66,102.0582,UCLA,USA
Matt Bonner,TOR,26,208.28,108.86208,Florida,USA
Matt Carroll,CHA,25,198.12,96.161504,Notre Dame,USA
Rafael Araujo,TOR,25,210.82,127.00576,Brigham Young,Brazil
Raef LaFrentz,BOS,30,210.82,111.13004,Kansas,USA
Qyntel Woods,NYK,25,203.2,99.79024,Northeast Mississippi Community College,USA
Quinton Ross,LAC,25,198.12,87.543256,Southern Methodist,USA
Quentin Richardson,NYK,26,198.12,104.32616,DePaul,USA
Primoz Brezec,CHA,26,215.9,114.305184,None,Slovenia
Rafer Alston,HOU,29,187.96,77.11064,Fresno State,USA
Peja Stojakovic,IND,29,208.28,103.872568,None,Serbia and Montenegro
Paul Pierce,BOS,28,198.12,104.32616,Kansas,USA
Pau Gasol,MEM,25,213.36,108.86208,None,Spain
Pat Garrity,ORL,29,205.74,107.954896,Notre Dame,USA
Pat Burke,PHX,32,210.82,113.398,Auburn,Ireland
Pape Sow,TOR,24,208.28,113.398,Cal State-Fullerton,Senegal
P.J. Brown,NOK,36,210.82,108.408488,Louisiana Tech,USA
Pavel Podkolzin,DAL,21,226.06,117.93392,None,Russia
Raja Bell,PHX,29,195.58,95.25432,Florida International,U.S. Virgin Islands
Randy Holcomb,CHI,26,205.74,99.79024,San Diego State,USA
Randy Livingston,CHI,31,193.04,94.800728,Louisiana State,USA
Ricky Davis,MIN,26,200.66,88.45044,Iowa,USA
Rick Brunson,HOU,34,193.04,86.18248,Temple,USA
Richie Frahm,HOU,28,195.58,95.25432,Gonzaga,USA
Richard Jefferson,NJN,26,200.66,102.0582,Arizona,USA
Richard Hamilton,DET,28,200.66,87.543256,Connecticut,USA
Reggie Evans,DEN,26,203.2,111.13004,Iowa,USA
Reece Gaines,MIL,25,198.12,92.98636,Louisville,USA
Raymond Felton,CHA,22,185.42,89.811216,North Carolina,USA
Ray Allen,SEA,30,195.58,92.98636,Connecticut,USA
Rawle Marshall,DAL,24,200.66,86.18248,Oakland,USA
Rasual Butler,NOK,27,200.66,92.98636,La Salle,USA
Rasho Nesterovic,SAS,30,213.36,115.66596,None,Slovenia
Rasheed Wallace,DET,31,210.82,104.32616,North Carolina,USA
Rashard Lewis,SEA,26,208.28,97.52228,None,USA
Rashad McCants,MIN,21,193.04,93.893544,North Carolina,USA
Othella Harrington,CHI,32,205.74,106.59412,Georgetown,USA
Robert Swift,SEA,20,213.36,111.13004,None,USA
Orien Greene,BOS,24,193.04,94.347136,Louisiana-Lafayette,USA
Nikoloz Tskitishvili,PHX,23,213.36,102.0582,None,Georgia
Michael Ruffin,WAS,29,203.2,112.490816,Tulsa,USA
Michael Redd,MIL,26,198.12,97.52228,Ohio State,USA
Michael Olowokandi,BOS,31,213.36,122.46984,Pacific,Nigeria
Michael Finley,SAS,33,200.66,102.0582,Wisconsin,USA
Michael Doleac,MIA,29,210.82,118.841104,Utah,USA
Michael Bradley,PHI,27,208.28,111.13004,Villanova,USA
Michael Sweetney,CHI,23,203.2,122.46984,Georgetown,USA
Metta World Peace,SAC,26,200.66,117.93392,St. John's (NY),USA
Melvin Ely,CHA,28,208.28,118.387512,Fresno State,USA
Mehmet Okur,UTA,27,210.82,112.944408,None,Turkey
Maurice Taylor,NYK,29,205.74,120.20188,Michigan,USA
Maurice Evans,DET,27,195.58,99.79024,Texas,USA
Matt Walsh,MIA,23,198.12,99.79024,Florida,USA
Matt Harpring,UTA,30,200.66,104.779752,Georgia Tech,USA
Melvin Sanders,SAS,25,195.58,95.25432,Oklahoma State,USA
Mickael Pietrus,GSW,24,198.12,97.52228,None,France
Mike Bibby,SAC,28,187.96,86.18248,Arizona,USA
Mike Dunleavy,GSW,25,205.74,104.32616,Duke,USA
Nick Van Exel,SAS,34,185.42,86.18248,Cincinnati,USA
Nick Collison,SEA,25,205.74,115.66596,Kansas,USA
Nene,DEN,23,210.82,121.562656,None,Brazil
Nenad Krstic,NJN,22,213.36,108.86208,None,Serbia and Montenegro
Nazr Mohammed,SAS,28,208.28,113.398,Kentucky,USA
Nate Robinson,NYK,22,175.26,81.64656,Washington,USA
Morris Peterson,TOR,28,200.66,99.79024,Michigan State,USA
Moochie Norris,NOK,32,185.42,83.91452,West Florida,USA
Monta Ellis,GSW,20,190.5,80.285784,None,USA
Mo Williams,MIL,23,185.42,83.91452,Alabama,USA
Milt Palacio,UTA,28,193.04,95.25432,Colorado State,Belize
Mikki Moore,SEA,30,213.36,101.151016,Nebraska,USA
Mike Wilks,SEA,27,177.8,81.64656,Rice,USA
Mike Miller,MEM,26,203.2,98.883056,Florida,USA
Mike James,TOR,31,187.96,86.18248,Duquesne,USA
Noel Felix,SEA,24,205.74,102.0582,Fresno State,USA
Hedo Turkoglu,ORL,27,208.28,99.79024,None,Turkey
John Thomas,NJN,30,205.74,120.20188,Minnesota,USA
Ha Ha,POR,20,220.98,138.34556,Yonsei (KOR),South Korea
Brevin Knight,CHA,30,177.8,77.11064,Stanford,USA
Brent Barry,SAS,34,200.66,95.25432,Oregon State,USA
Brendan Haywood,WAS,26,213.36,119.294696,North Carolina,USA
Brandon Bass,NOK,21,203.2,108.86208,Louisiana State,USA
Brad Miller,SAC,30,213.36,118.387512,Purdue,USA
Bracey Wright,MIN,21,190.5,95.25432,Indiana,USA
Bostjan Nachbar,NJN,25,205.74,100.243832,None,Slovenia
Boris Diaw,PHX,24,203.2,97.52228,None,France
Brian Cardinal,MEM,29,203.2,111.13004,Purdue,USA
Bonzi Wells,SAC,29,195.58,95.25432,Ball State,USA
Bobby Simmons,MIL,26,198.12,103.418976,DePaul,USA
Bobby Jackson,MEM,33,185.42,83.91452,Minnesota,USA
Bo Outlaw,ORL,35,203.2,99.79024,Houston,USA
Billy Thomas,WAS,30,195.58,99.79024,Kansas,USA
Bernard Robinson,CHA,25,198.12,95.25432,Michigan,USA
Beno Udrih,SAS,23,190.5,90.7184,None,Slovenia
Ben Wallace,DET,31,205.74,108.86208,Virginia Union,USA
Ben Gordon,CHI,23,190.5,90.7184,Connecticut,USA
Boniface Ndong,LAC,28,213.36,92.98636,None,Senegal
Brian Cook,LAL,25,205.74,117.026736,Illinois,USA
Brian Grant,PHX,34,205.74,115.212368,Xavier,USA
Brian Scalabrine,BOS,28,205.74,106.59412,Southern California,USA
Chris Duhon,CHI,23,185.42,83.91452,Duke,USA
Chris Bosh,TOR,22,208.28,104.32616,Georgia Tech,USA
Chris Andersen,NOK,27,208.28,103.418976,Blinn,USA
Chauncey Billups,DET,29,190.5,91.625584,Colorado,USA
Charlie Villanueva,TOR,21,210.82,108.86208,Connecticut,USA
Charlie Bell,MIL,27,190.5,90.7184,Michigan State,USA
Charles Smith,DEN,30,193.04,90.7184,New Mexico,USA
Channing Frye,NYK,23,210.82,112.490816,Arizona,USA
Caron Butler,WAS,26,200.66,103.418976,Connecticut,USA
Carmelo Anthony,DEN,22,203.2,104.32616,Syracuse,USA
Carlos Delfino,DET,23,198.12,104.32616,None,Argentina
Carlos Boozer,UTA,24,205.74,117.026736,Duke,USA
Carlos Arroyo,ORL,26,187.96,91.625584,Florida International,Puerto Rico
Calvin Booth,WAS,30,210.82,113.398,Penn State,USA
Calbert Cheaney,GSW,34,200.66,95.25432,Indiana,USA
CJ Miles,UTA,19,198.12,95.25432,None,USA
Bryon Russell,DEN,35,200.66,102.0582,Long Beach State,USA
Bruce Bowen,SAS,35,200.66,90.7184,Cal State-Fullerton,USA
Brian Skinner,POR,30,205.74,120.20188,Baylor,USA
Baron Davis,GSW,27,190.5,97.52228,UCLA,USA
Chris Kaman,LAC,24,213.36,120.20188,Central Michigan,USA
Awvee Storey,WAS,29,198.12,102.0582,Arizona State,USA
Arvydas Macijauskas,NOK,26,193.04,97.068688,None,Lithuania
Anderson Varejao,CLE,23,208.28,108.86208,None,Brazil
Amir Johnson,DET,19,205.74,95.25432,None,USA
Amar'e Stoudemire,PHX,23,208.28,111.13004,None,USA
Alvin Williams,TOR,31,195.58,88.45044,Villanova,USA
Alonzo Mourning,MIA,36,208.28,118.387512,Georgetown,USA
Allen Iverson,PHI,31,182.88,74.84268,Georgetown,USA
Alex Scales,SAS,27,193.04,88.45044,Oregon,USA
Alex Acker,DET,23,195.58,83.91452,Pepperdine,USA
Andray Blatche,WAS,19,210.82,106.59412,None,USA
Alan Henderson,CLE,33,205.74,108.86208,Indiana,USA
Al Jefferson,BOS,21,208.28,120.20188,None,USA
Al Harrington,ATL,26,205.74,111.13004,None,USA
Adrian Griffin,DAL,31,195.58,104.32616,Seton Hall,USA
Adonal Foyle,GSW,31,208.28,122.46984,Colgate,St. Vincent & Grenadines
Aaron Williams,NOK,34,205.74,106.59412,Xavier,USA
Aaron Miles,GSW,23,185.42,86.18248,Kansas,USA
Aaron McKie,LAL,33,195.58,94.800728,Temple,USA
Jon Barry,HOU,36,195.58,95.25432,Georgia Tech,USA
Alan Anderson,CHA,23,198.12,99.79024,Michigan State,USA
Andre Barrett,TOR,24,177.8,78.471416,Seton Hall,USA
Andre Iguodala,PHI,22,198.12,93.893544,Arizona,USA
Andre Miller,DEN,30,187.96,92.98636,Utah,USA
Antonio McDyess,DET,31,205.74,111.13004,Alabama,USA
Antonio Davis,TOR,37,205.74,111.13004,Texas-El Paso,USA
Antonio Daniels,WAS,31,193.04,92.98636,Bowling Green,USA
Antonio Burks,MEM,26,182.88,88.45044,Memphis,USA
Antoine Wright,NJN,22,200.66,95.25432,Texas A&M,USA
Antoine Walker,MIA,29,205.74,111.13004,Kentucky,USA
Anthony Roberson,MEM,23,187.96,81.64656,Florida,USA
Anthony Johnson,IND,31,190.5,90.7184,College of Charleston,USA
Anthony Grundy,ATL,27,190.5,83.91452,North Carolina State,USA
Hakim Warrick,MEM,23,205.74,99.336648,Syracuse,USA
Anthony Carter,MIN,31,187.96,88.45044,Hawaii,USA
Antawn Jamison,WAS,30,205.74,106.59412,North Carolina,USA
Anfernee Hardaway,NYK,34,200.66,97.52228,Memphis,USA
Andris Biedrins,GSW,20,210.82,111.13004,None,Latvia
Andrew Bynum,LAL,18,213.36,124.7378,None,USA
Andrew Bogut,MIL,21,213.36,111.13004,Utah,Australia
Andres Nocioni,CHI,26,200.66,102.0582,None,Argentina
Andrei Kirilenko,UTA,25,205.74,102.0582,None,Russia
Andre Owens,UTA,25,193.04,90.7184,Houston,USA
Austin Croshere,IND,31,208.28,106.59412,Providence,USA
Chris Mihm,LAL,26,213.36,120.20188,Texas,USA
Anthony Goldwire,LAC,34,187.96,82.553744,Houston,USA
Chris Taft,GSW,21,208.28,118.387512,Pittsburgh,USA
Eduardo Najera,DEN,29,203.2,99.79024,Oklahoma,Mexico
Eddy Curry,NYK,23,210.82,129.27372,None,USA
Eddie Jones,MEM,34,198.12,90.7184,Temple,USA
Eddie House,PHX,28,185.42,79.3786,Arizona State,USA
Eddie Griffin,MIN,24,208.28,108.86208,Seton Hall,USA
Eddie Gill,IND,27,182.88,86.18248,Weber State,USA
Eddie Basden,CHI,23,195.58,97.52228,North Carolina-Charlotte,USA
Earl Watson,SEA,27,185.42,88.45044,UCLA,USA
Elton Brand,LAC,27,203.2,115.212368,Duke,USA
Earl Boykins,DEN,30,165.1,60.327736,Eastern Michigan,USA
Dwyane Wade,MIA,24,193.04,96.161504,Marquette,USA
Dwight Howard,ORL,20,210.82,120.20188,None,USA
Dwayne Jones,BOS,23,210.82,113.398,Saint Joseph's,USA
Drew Gooden,CLE,24,208.28,109.769264,Kansas,USA
Doug Christie,DAL,36,198.12,92.98636,Pepperdine,USA
Dorell Wright,MIA,20,203.2,92.98636,None,USA
Donyell Marshall,CLE,33,205.74,104.32616,Connecticut,USA
Donta Smith,ATL,22,200.66,97.52228,Southeastern Illinois,USA
Earl Barron,MIA,24,213.36,122.46984,Memphis,USA
Emeka Okafor,CHA,23,208.28,114.305184,Connecticut,USA
Eric Piatkowski,CHI,35,200.66,97.52228,Nebraska,USA
Eric Snow,CLE,33,190.5,92.98636,Michigan State,USA
Greg Ostertag,UTA,33,218.44,127.00576,Kansas,USA
Chris Paul,NOK,21,182.88,79.3786,Wake Forest,USA
Greg Buckner,DEN,29,193.04,92.98636,Clemson,USA
Grant Hill,ORL,33,203.2,102.0582,Duke,USA
Gordan Giricek,UTA,29,195.58,95.25432,None,Croatia
Gilbert Arenas,WAS,24,193.04,95.25432,Arizona,USA
Gerald Wallace,CHA,23,200.66,97.52228,Alabama,USA
Gerald Green,BOS,20,203.2,90.7184,None,USA
Gerald Fitch,MIA,23,190.5,85.275296,Kentucky,USA
Gary Payton,MIA,37,193.04,86.18248,Oregon State,USA
Fred Jones,IND,27,187.96,99.79024,Oregon,USA
Francisco Garcia,SAC,24,200.66,88.45044,Louisville,Dominican Republic
Francisco Elson,DEN,30,213.36,106.59412,California,Netherlands
Flip Murray,CLE,26,190.5,89.357624,Shaw,USA
Fabricio Oberto,SAS,31,208.28,111.13004,None,Argentina
Etan Thomas,WAS,28,208.28,117.93392,Syracuse,USA
Ervin Johnson,MIL,38,210.82,111.13004,New Orleans,USA
Erick Dampier,DAL,30,210.82,120.20188,Mississippi State,USA
Eric Williams,TOR,33,203.2,99.79024,Providence,USA
Donell Taylor,WAS,23,195.58,83.007336,Alabama-Birmingham,USA
Dirk Nowitzki,DAL,28,213.36,111.13004,None,Germany
Esteban Batista,ATL,22,208.28,122.46984,None,Uruguay
Dijon Thompson,PHX,23,200.66,88.45044,UCLA,USA
Danny Granger,IND,23,205.74,103.418976,New Mexico,USA
Danny Fortson,SEA,30,203.2,117.93392,Cincinnati,USA
Daniel Ewing,LAC,23,190.5,83.91452,Duke,USA
Dan Gadzuric,MIL,28,210.82,108.86208,UCLA,Netherlands
Dan Dickau,BOS,27,182.88,86.18248,Gonzaga,USA
Damon Stoudamire,MEM,32,177.8,78.925008,Arizona,USA
Damon Jones,CLE,29,190.5,86.18248,Houston,USA
Damien Wilkins,SEA,26,198.12,102.0582,Georgia,USA
Dale Davis,DET,37,210.82,114.305184,Clemson,USA
DJ Mbenga,DAL,25,213.36,111.13004,None,Democratic Republic of the Congo
Cuttino Mobley,LAC,30,193.04,97.52228,Rhode Island,USA
Corliss Williamson,SAC,32,200.66,111.13004,Arkansas,USA
Corey Maggette,LAC,26,198.12,102.0582,Duke,USA
Clifford Robinson,NJN,39,208.28,108.86208,Connecticut,USA
Chucky Atkins,MEM,31,180.34,83.91452,South Florida,USA
Chuck Hayes,HOU,23,198.12,109.769264,Kentucky,USA
Dikembe Mutombo,HOU,40,218.44,120.20188,Georgetown,Congo
Chris Webber,PHI,33,208.28,111.13004,Michigan,USA
Chris Wilcox,SEA,23,208.28,106.59412,Maryland,USA
Darius Miles,POR,24,205.74,95.25432,None,USA
Darius Songaila,CHI,28,203.2,108.86208,Wake Forest,Lithuania
Dahntay Jones,MEM,25,198.12,95.25432,Duke,USA
Darrell Armstrong,DAL,38,185.42,81.64656,Fayetteville State,USA
Devin Green,LAL,23,200.66,96.161504,Hampton,USA
Devin Brown,UTA,27,195.58,99.79024,Texas-San Antonio,USA
Darko Milicic,ORL,21,213.36,111.13004,None,Serbia
Devean George,LAL,28,203.2,106.59412,Augsburg,USA
Desmond Mason,NOK,28,195.58,100.697424,Oklahoma State,USA
Derrick Zimmerman,NJN,24,190.5,88.45044,Mississippi State,USA
Derek Fisher,GSW,31,185.42,92.98636,Arkansas-Little Rock,USA
Derek Anderson,MIA,31,195.58,88.45044,Kentucky,USA
DerMarr Johnson,DEN,26,205.74,95.25432,Cincinnati,USA
Deron Williams,UTA,22,190.5,95.25432,Illinois,USA
Devin Harris,DAL,23,190.5,83.91452,Wisconsin,USA
Delonte West,BOS,22,193.04,81.64656,Saint Joseph's,USA
DeShawn Stevenson,ORL,25,195.58,95.25432,None,USA
DeSagana Diop,DAL,24,213.36,127.00576,None,Senegal
David West,NOK,25,205.74,108.86208,Xavier,USA
David Wesley,HOU,35,185.42,92.079176,Baylor,USA
Darrick Martin,TOR,35,180.34,77.11064,UCLA,USA
David Harrison,IND,23,213.36,127.00576,Colorado,USA
Deng Gai,PHI,24,205.74,113.398,Fairfield,Sudan (UK)
David Lee,NYK,23,205.74,112.944408,Florida,USA
Chauncey Billups,DET,30,190.5,91.625584,Colorado,USA
Chris Bosh,TOR,23,208.28,104.32616,Georgia Tech,USA
Chris Duhon,CHI,24,185.42,83.91452,Duke,USA
Chris Wilcox,SEA,24,208.28,106.59412,Maryland,USA
Chris McCray,MIL,23,195.58,87.089664,Maryland,USA
Chris Quinn,MIA,23,187.96,83.91452,Notre Dame,USA
Chris Webber,DET,34,208.28,111.13004,Michigan,USA
Chuck Hayes,HOU,24,198.12,107.954896,Kentucky,USA
Charlie Villanueva,MIL,22,210.82,108.86208,Connecticut,USA
Chris Kaman,LAC,25,213.36,120.20188,Central Michigan,USA
Chris Paul,NOK,22,182.88,79.3786,Wake Forest,USA
Carlos Boozer,UTA,25,205.74,120.655472,Duke,USA
Channing Frye,NYK,24,210.82,112.490816,Arizona,USA
Cedric Simmons,NOK,21,205.74,106.59412,North Carolina State,USA
Cedric Bozeman,ATL,24,198.12,93.893544,UCLA,USA
Caron Butler,WAS,27,200.66,103.418976,Connecticut,USA
Carmelo Anthony,DEN,23,203.2,104.32616,Syracuse,USA
Carlos Delfino,DET,24,198.12,104.32616,None,Argentina
Carlos Arroyo,ORL,27,187.96,91.625584,Florida International,Puerto Rico
Calvin Booth,WAS,31,210.82,113.398,Penn State,USA
CJ Miles,UTA,20,198.12,97.52228,None,USA
Bruce Bowen,SAS,36,200.66,90.7184,Cal State-Fullerton,USA
Chucky Atkins,MEM,32,180.34,83.91452,South Florida,USA
Brian Skinner,MIL,31,205.74,120.20188,Baylor,USA
Charlie Bell,MIL,28,190.5,90.7184,Michigan State,USA
Clifford Robinson,NJN,40,208.28,111.13004,Connecticut,USA
Darrell Armstrong,IND,39,185.42,81.64656,Fayetteville State,USA
Corliss Williamson,SAC,33,200.66,111.13004,Arkansas,USA
Brian Scalabrine,BOS,29,205.74,106.59412,Southern California,USA
DeSagana Diop,DAL,25,213.36,127.00576,None,Senegal
David West,NOK,26,205.74,108.86208,Xavier,USA
David Wesley,CLE,36,185.42,92.079176,Baylor,USA
David Noel,MIL,23,198.12,104.32616,North Carolina,USA
David Lee,NYK,24,205.74,112.944408,Florida,USA
David Harrison,IND,24,213.36,127.00576,Colorado,USA
Darrick Martin,TOR,36,180.34,77.11064,UCLA,USA
Darko Milicic,ORL,22,213.36,124.7378,None,Serbia
Darius Songaila,WAS,29,205.74,112.490816,Wake Forest,Lithuania
Danny Granger,IND,24,205.74,103.418976,New Mexico,USA
Danny Fortson,SEA,31,203.2,117.93392,Cincinnati,USA
Corey Maggette,LAC,27,198.12,102.0582,Duke,USA
Daniel Gibson,CLE,21,187.96,86.18248,Texas,USA
Dan Gadzuric,MIL,29,210.82,108.86208,UCLA,Netherlands
Dan Dickau,POR,28,182.88,81.64656,Gonzaga,USA
Damon Stoudamire,MEM,33,177.8,78.925008,Arizona,USA
Damon Jones,CLE,30,190.5,86.18248,Houston,USA
Damir Markota,MIL,21,208.28,102.0582,None,USA
Damien Wilkins,SEA,27,198.12,102.0582,Georgia,USA
Dale Davis,DET,38,210.82,114.305184,Clemson,USA
Dajuan Wagner,GSW,24,190.5,90.7184,Memphis,USA
Dahntay Jones,MEM,26,198.12,95.25432,Duke,USA
DJ Mbenga,DAL,26,213.36,115.66596,None,Democratic Republic of the Congo
Cuttino Mobley,LAC,31,193.04,97.52228,Rhode Island,USA
Craig Smith,MIN,23,200.66,123.377024,Boston College,USA
Daniel Ewing,LAC,24,190.5,83.91452,Duke,USA
Brian Cook,LAL,26,205.74,117.026736,Illinois,USA
Amar'e Stoudemire,PHX,24,208.28,111.13004,None,USA
Brevin Knight,CHA,31,177.8,77.11064,Stanford,USA
Andres Nocioni,CHI,27,200.66,102.0582,None,Argentina
Andrei Kirilenko,UTA,26,205.74,102.965384,None,Russia
Andreas Glyniadakis,SEA,25,215.9,127.00576,None,USA
Andrea Bargnani,TOR,21,213.36,113.398,None,Italy
Andre Miller,PHI,31,187.96,90.7184,Utah,USA
Andre Iguodala,PHI,23,198.12,93.893544,Arizona,USA
Andre Brown,SEA,26,205.74,111.13004,DePaul,USA
Andre Barrett,CHI,25,177.8,78.471416,Seton Hall,USA
Andray Blatche,WAS,20,210.82,112.490816,None,USA
Anderson Varejao,CLE,24,208.28,108.86208,None,Brazil
Amir Johnson,DET,20,205.74,95.25432,None,USA
Alvin Williams,LAC,32,195.58,88.45044,Villanova,USA
Alonzo Mourning,MIA,37,208.28,118.387512,Georgetown,USA
Allen Iverson,DEN,32,182.88,74.84268,Georgetown,USA
Allan Ray,BOS,23,187.96,86.18248,Villanova,USA
Alexander Johnson,MEM,24,205.74,108.86208,Florida State,USA
Alan Henderson,PHI,34,205.74,108.86208,Indiana,USA
Alan Anderson,CHA,24,198.12,99.79024,Michigan State,USA
Al Jefferson,BOS,22,208.28,116.119552,None,USA
Al Harrington,GSW,27,205.74,111.13004,None,USA
Adrian Griffin,CHI,32,195.58,104.32616,Seton Hall,USA
Adonal Foyle,GSW,32,208.28,122.46984,Colgate,St. Vincent & Grenadines
Adam Morrison,CHA,22,203.2,92.98636,Gonzaga,USA
Aaron Williams,LAC,35,205.74,106.59412,Xavier,USA
Aaron McKie,LAL,34,195.58,94.800728,Temple,USA
Andrew Bogut,MIL,22,213.36,111.13004,Utah,Australia
Brian Cardinal,MEM,30,203.2,111.13004,Purdue,USA
Andrew Bynum,LAL,19,213.36,124.7378,None,USA
Antawn Jamison,WAS,31,205.74,106.59412,North Carolina,USA
Brent Barry,SAS,35,200.66,95.25432,Oregon State,USA
Brendan Haywood,WAS,27,213.36,119.294696,North Carolina,USA
Brandon Roy,POR,22,198.12,103.872568,Washington,USA
Brandon Bass,NOK,22,203.2,108.86208,Louisiana State,USA
Brad Miller,SAC,31,213.36,118.387512,Purdue,USA
Bracey Wright,MIN,22,190.5,91.171992,Indiana,USA
Bostjan Nachbar,NJN,26,205.74,100.243832,None,Slovenia
Boris Diaw,PHX,25,203.2,104.32616,None,France
Bonzi Wells,HOU,30,195.58,95.25432,Ball State,USA
Bobby Jackson,NOK,34,185.42,83.91452,Minnesota,USA
Bo Outlaw,ORL,36,203.2,99.79024,Houston,USA
Bernard Robinson,NJN,26,198.12,95.25432,Michigan,USA
Beno Udrih,SAS,24,190.5,90.7184,None,Slovenia
Ben Wallace,CHI,32,205.74,108.86208,Virginia Union,USA
Ben Gordon,CHI,24,190.5,90.7184,Connecticut,USA
Baron Davis,GSW,28,190.5,97.52228,UCLA,USA
Austin Croshere,DAL,32,208.28,106.59412,Providence,USA
Antonio McDyess,DET,32,205.74,111.13004,Alabama,USA
Antonio Daniels,WAS,32,193.04,92.98636,Bowling Green,USA
Antoine Wright,NJN,23,200.66,97.52228,Texas A&M,USA
Antoine Walker,MIA,30,205.74,111.13004,Kentucky,USA
Anthony Roberson,GSW,24,187.96,85.275296,Florida,USA
Anthony Parker,TOR,32,198.12,97.52228,Bradley,USA
Anthony Johnson,ATL,32,190.5,88.45044,College of Charleston,USA
Anthony Carter,DEN,32,187.96,88.45044,Hawaii,USA
Andris Biedrins,GSW,21,210.82,111.13004,None,Latvia
Bobby Jones,PHI,23,200.66,97.52228,Washington,USA
Johan Petro,SEA,21,213.36,112.037224,None,France
DerMarr Johnson,DEN,27,205.74,95.25432,Cincinnati,USA
Raja Bell,PHX,30,195.58,95.25432,Florida International,U.S. Virgin Islands
Rafer Alston,HOU,30,187.96,79.3786,Fresno State,USA
Rafael Araujo,UTA,26,210.82,122.46984,Brigham Young,Brazil
Raef LaFrentz,POR,31,210.82,111.13004,Kansas,USA
Quinton Ross,LAC,26,198.12,87.543256,Southern Methodist,USA
Quincy Douby,SAC,23,190.5,79.3786,Rutgers,USA
Quentin Richardson,NYK,27,198.12,104.32616,DePaul,USA
Primoz Brezec,CHA,27,215.9,114.305184,None,Slovenia
Pops Mensah-Bonsu,DAL,23,205.74,108.86208,George Washington,USA
Peja Stojakovic,NOK,30,208.28,103.872568,None,Serbia and Montenegro
Paul Pierce,BOS,29,198.12,104.32616,Kansas,USA
Paul Millsap,UTA,22,203.2,117.026736,Louisiana Tech,USA
Paul Davis,LAC,22,210.82,122.46984,Michigan State,USA
Pau Gasol,MEM,26,213.36,117.93392,None,Spain
Patrick O'Bryant,GSW,21,213.36,112.944408,Bradley,USA
Pat Garrity,ORL,30,205.74,107.954896,Notre Dame,USA
Pat Burke,PHX,33,210.82,113.398,Auburn,Ireland
Rajon Rondo,BOS,21,185.42,77.564232,Kentucky,USA
Randolph Morris,NYK,21,210.82,117.93392,Kentucky,USA
Randy Foye,MIN,23,193.04,96.615096,Villanova,USA
Randy Livingston,SEA,32,193.04,94.800728,Louisiana State,USA
Roger Mason Jr.,WAS,26,195.58,96.161504,Virginia,USA
Rodney Carney,PHI,23,200.66,92.98636,Memphis,USA
Robert Horry,SAS,36,208.28,108.86208,Alabama,USA
Robert Hite,MIA,23,187.96,83.460928,Miami (FL),USA
Ricky Davis,MIN,27,200.66,102.511792,Iowa,USA
Richard Jefferson,NJN,27,200.66,104.32616,Arizona,USA
Richard Hamilton,DET,29,200.66,87.543256,Connecticut,USA
Renaldo Major,GSW,25,200.66,86.18248,Fresno State,USA
Pape Sow,TOR,25,208.28,113.398,Cal State-Fullerton,Senegal
Renaldo Balkman,NYK,22,203.2,94.347136,South Carolina,USA
Raymond Felton,CHA,23,185.42,89.811216,North Carolina,USA
Ray Allen,SEA,31,195.58,92.98636,Connecticut,USA
Rawle Marshall,IND,25,200.66,86.18248,Oakland,USA
Rasual Butler,NOK,28,200.66,92.98636,La Salle,USA
Rasho Nesterovic,TOR,31,213.36,115.66596,None,Slovenia
Rasheed Wallace,DET,32,210.82,104.32616,North Carolina,USA
Rashard Lewis,SEA,27,208.28,104.32616,None,USA
Rashad McCants,MIN,22,193.04,102.511792,North Carolina,USA
Reggie Evans,DEN,27,203.2,111.13004,Iowa,USA
Roger Powell,UTA,24,198.12,99.79024,Illinois,USA
PJ Tucker,TOR,22,195.58,102.0582,Texas,USA
Othella Harrington,CHA,33,205.74,106.59412,Georgetown,USA
Michael Redd,MIL,27,198.12,97.52228,Ohio State,USA
Michael Olowokandi,BOS,32,213.36,122.46984,Pacific,Nigeria
Michael Finley,SAS,34,200.66,102.0582,Wisconsin,USA
Michael Doleac,MIA,30,210.82,118.841104,Utah,USA
Metta World Peace,SAC,27,200.66,117.93392,St. John's (NY),USA
Melvin Ely,SAS,29,208.28,118.387512,Fresno State,USA
Mehmet Okur,UTA,28,210.82,119.294696,None,Turkey
Maurice Taylor,SAC,30,205.74,120.20188,Michigan,USA
Maurice Evans,LAL,28,195.58,99.79024,Texas,USA
Maurice Ager,DAL,23,195.58,91.625584,Michigan State,USA
Matt Harpring,UTA,31,200.66,102.0582,Georgia Tech,USA
Matt Freije,ATL,25,205.74,112.944408,Vanderbilt,USA
Matt Carroll,CHA,26,198.12,96.161504,Notre Dame,USA
Matt Bonner,SAS,27,208.28,108.86208,Florida,USA
Matt Barnes,GSW,27,200.66,102.511792,UCLA,USA
Marvin Williams,ATL,21,205.74,104.32616,North Carolina,USA
Martell Webster,POR,20,200.66,103.872568,None,USA
Michael Ruffin,WAS,30,203.2,112.490816,Tulsa,USA
Michael Sweetney,CHI,24,203.2,122.46984,Georgetown,USA
Mickael Gelabale,SEA,24,200.66,97.52228,None,USA
Mickael Pietrus,GSW,25,198.12,97.52228,None,France
Orien Greene,IND,25,193.04,94.347136,Louisiana-Lafayette,USA
Nick Collison,SEA,26,208.28,115.66596,Kansas,USA
Nene,DEN,24,210.82,121.562656,None,Brazil
Nenad Krstic,NJN,23,213.36,117.93392,None,Serbia and Montenegro
Nazr Mohammed,DET,29,208.28,113.398,Kentucky,USA
Nate Robinson,NYK,23,175.26,81.64656,Washington,USA
Mouhamed Sene,SEA,21,210.82,104.32616,None,Senegal
Morris Peterson,TOR,29,200.66,99.79024,Michigan State,USA
P.J. Brown,CHI,37,210.82,108.408488,Louisiana Tech,USA
Monta Ellis,GSW,21,190.5,80.285784,None,USA
Mile Ilic,NJN,23,215.9,115.66596,None,USA
Mikki Moore,NJN,31,213.36,101.151016,Nebraska,USA
Mike Wilks,SEA,28,177.8,81.64656,Rice,USA
Mike Miller,MEM,27,203.2,98.883056,Florida,USA
Mike James,MIN,32,187.96,86.18248,Duquesne,USA
Mike Hall,WAS,23,203.2,104.32616,George Washington,USA
Mike Dunleavy,IND,26,205.74,104.32616,Duke,USA
Mike Bibby,SAC,29,185.42,86.18248,Arizona,USA
Mo Williams,MIL,24,185.42,83.91452,Alabama,USA
Marquis Daniels,IND,26,198.12,90.7184,Auburn,USA
Ronald Dupree,DET,26,200.66,94.800728,Louisiana State,USA
Ronnie Price,SAC,24,187.96,86.18248,Utah Valley,USA
Tyronn Lue,ATL,30,182.88,79.3786,Nebraska,USA
Troy Murphy,IND,27,210.82,111.13004,Notre Dame,USA
Troy Hudson,MIN,31,185.42,80.739376,Southern Illinois,USA
Trevor Ariza,ORL,21,203.2,95.25432,UCLA,USA
Trenton Hassell,MIN,28,195.58,105.686936,Austin Peay,USA
Travis Outlaw,POR,22,205.74,97.52228,None,USA
Travis Diener,ORL,25,185.42,79.3786,Marquette,USA
Tracy McGrady,HOU,28,203.2,101.151016,None,USA
Tony Parker,SAS,25,187.96,81.64656,None,France
Tony Battie,ORL,31,210.82,108.86208,Texas Tech,USA
Tony Allen,BOS,25,193.04,96.615096,Oklahoma State,USA
Tim Thomas,LAC,30,208.28,108.86208,Villanova,USA
Tim Duncan,SAS,31,210.82,117.93392,Wake Forest,US Virgin Islands
Theo Ratliff,BOS,34,208.28,106.59412,Wyoming,USA
Thabo Sefolosha,CHI,23,200.66,97.52228,None,Switzerland
Tayshaun Prince,DET,27,205.74,97.52228,Kentucky,USA
Tarence Kinsey,MEM,23,198.12,85.728888,South Carolina,USA
Tyrus Thomas,CHI,20,205.74,97.52228,Louisiana State,USA
Tyson Chandler,NOK,24,215.9,106.59412,None,USA
Udonis Haslem,MIA,27,203.2,106.59412,Florida,USA
Uros Slokar,TOR,24,208.28,107.954896,None,USA
Zydrunas Ilgauskas,CLE,32,220.98,117.93392,None,Lithuania
Zaza Pachulia,ATL,23,210.82,127.00576,None,Georgia
Zach Randolph,POR,25,205.74,97.52228,Michigan State,USA
Yaroslav Korolev,LAC,20,205.74,92.079176,None,Russia
Yao Ming,HOU,26,228.6,140.61352,None,China
Yakhouba Diawara,DEN,24,200.66,102.0582,Pepperdine,USA
Willie Green,PHI,25,190.5,91.171992,Detroit Mercy,USA
Will Conroy,LAC,24,187.96,88.45044,Washington,USA
T.J. Ford,TOR,24,182.88,74.84268,Texas,USA
Will Blalock,DET,23,182.88,92.98636,Iowa State,USA
Walter Herrmann,CHA,28,205.74,102.0582,None,USA
Wally Szczerbiak,BOS,30,200.66,110.676448,Miami (OH),USA
Von Wafer,LAC,21,195.58,95.25432,Florida State,USA
Vladimir Radmanovic,LAL,26,208.28,106.140528,None,Serbia
Vitaly Potapenko,SAC,32,208.28,129.27372,Wright State,Ukraine
Vince Carter,NJN,30,198.12,99.79024,North Carolina,USA
Viktor Khryapa,CHI,24,205.74,98.883056,None,Russia
Vassilis Spanoulis,HOU,24,193.04,88.45044,None,USA
Wayne Simien,MIA,24,205.74,113.398,Kansas,USA
Ronnie Brewer,UTA,22,200.66,98.883056,Arkansas,USA
Stromile Swift,MEM,27,205.74,104.32616,Louisiana State,USA
Steven Hunter,PHI,25,213.36,108.86208,DePaul,USA
Sebastian Telfair,BOS,22,182.88,72.57472,None,USA
Sean May,CHA,23,205.74,120.655472,North Carolina,USA
Sean Marks,PHX,31,208.28,113.398,California,New Zealand
Scott Padgett,MEM,31,205.74,108.86208,Kentucky,USA
Scot Pollard,CLE,32,210.82,120.20188,Kansas,USA
Sasha Vujacic,LAL,23,200.66,88.45044,None,Slovenia
Sasha Pavlovic,CLE,23,200.66,95.25432,None,Montenegro
Sarunas Jasikevicius,GSW,31,193.04,89.357624,Maryland,USSR
Samuel Dalembert,PHI,27,210.82,113.398,Seton Hall,Haiti
Sam Cassell,LAC,37,190.5,83.91452,Florida State,USA
Salim Stoudamire,ATL,24,185.42,79.3786,Arizona,USA
Ryan Hollins,CHA,22,213.36,104.32616,UCLA,USA
Ryan Gomes,BOS,24,200.66,113.398,Providence,USA
Rudy Gay,MEM,20,205.74,99.79024,Connecticut,USA
Ruben Patterson,MIL,31,195.58,101.151016,Cincinnati,USA
Royal Ivey,ATL,25,193.04,97.52228,Texas,USA
Ronny Turiaf,LAL,24,208.28,112.944408,Gonzaga,France
Sergio Rodriguez,POR,21,190.5,76.203456,None,Spain
Shammond Williams,LAL,32,185.42,91.171992,North Carolina,USA
Shane Battier,HOU,28,203.2,99.79024,Duke,USA
Shannon Brown,CLE,21,193.04,92.98636,Michigan State,USA
Steve Novak,HOU,24,208.28,99.79024,Marquette,USA
Steve Nash,PHX,33,190.5,88.45044,Santa Clara,Canada
Steve Francis,NYK,30,190.5,95.25432,Maryland,USA
Steve Blake,DEN,27,190.5,78.017824,Maryland,USA
Stephon Marbury,NYK,30,187.96,92.98636,Georgia Tech,USA
Stephen Jackson,GSW,29,203.2,98.883056,Butler Community College,USA
Stephen Graham,POR,25,198.12,97.52228,Oklahoma State,USA
Speedy Claxton,ATL,29,180.34,77.11064,Hofstra,USA
Steven Smith,PHI,24,205.74,113.398,La Salle,USA
Solomon Jones,ATL,22,208.28,104.32616,South Florida,USA
Slava Medvedenko,ATL,28,208.28,114.758776,None,Ukraine
Shelden Williams,ATL,23,205.74,113.398,Duke,USA
Shawne Williams,IND,21,205.74,102.0582,Memphis,USA
Shawn Marion,PHX,29,200.66,103.418976,Nevada-Las Vegas,USA
Shavlik Randolph,PHI,23,208.28,108.86208,Duke,USA
Shaun Livingston,LAC,21,200.66,82.553744,None,USA
Shareef Abdur-Rahim,SAC,30,205.74,111.13004,California,USA
Shaquille O'Neal,MIA,35,215.9,147.4174,Louisiana State,USA
Smush Parker,LAL,26,193.04,81.64656,Fordham,USA
Delonte West,BOS,23,193.04,81.64656,Saint Joseph's,USA
Marko Jaric,MIN,28,200.66,101.604608,None,Serbia
Mark Blount,MIN,31,213.36,113.398,Pittsburgh,USA
Jackie Butler,SAS,22,208.28,117.93392,Southern Illinois,USA
JR Smith,DEN,21,198.12,99.79024,None,USA
JJ Redick,ORL,23,193.04,86.18248,Duke,USA
J.J. Barea,DAL,23,182.88,79.3786,Northeastern,Puerto Rico
Ivan McFarlin,PHI,25,200.66,103.872568,Oklahoma State,USA
Ira Newble,CLE,32,200.66,99.79024,Miami (OH),USA
Ime Udoka,POR,29,195.58,99.79024,Portland State,USA
Ike Diogu,IND,23,203.2,115.66596,Arizona State,USA
Hilton Armstrong,NOK,22,210.82,106.59412,Connecticut,USA
Hedo Turkoglu,ORL,28,208.28,99.79024,None,Turkey
Hassan Adams,NJN,23,193.04,99.79024,Arizona,USA
Hakim Warrick,MEM,24,205.74,99.336648,Syracuse,USA
Greg Buckner,DAL,30,193.04,95.25432,Clemson,USA
Grant Hill,ORL,34,203.2,102.0582,Duke,USA
Gordan Giricek,UTA,30,198.12,100.697424,None,Croatia
Gilbert Arenas,WAS,25,193.04,97.52228,Arizona,USA
Gerald Wallace,CHA,24,200.66,97.52228,Alabama,USA
Jacque Vaughn,SAS,32,185.42,86.18248,Kansas,USA
Jake Tsakalidis,HOU,28,218.44,131.54168,None,Greece
Jake Voskuhl,CHA,29,210.82,115.66596,Connecticut,USA
Jalen Rose,PHX,34,203.2,97.52228,Michigan,USA
Jason Collins,NJN,28,213.36,117.93392,Stanford,USA
Jarvis Hayes,WAS,25,203.2,103.418976,Georgia,USA
Jarron Collins,UTA,28,210.82,112.490816,Stanford,USA
Jarrett Jack,POR,23,190.5,89.357624,Georgia Tech,USA
Jared Reiner,MIL,25,210.82,115.66596,Iowa,USA
Jared Jeffries,NYK,25,210.82,108.86208,Indiana,USA
Jannero Pargo,NOK,27,185.42,79.3786,Arkansas,USA
James White,SAS,24,200.66,90.7184,Cincinnati,USA
Gerald Green,BOS,21,203.2,90.7184,None,USA
James Singleton,LAC,25,203.2,104.32616,Murray State,USA
James Lang,WAS,23,208.28,138.34556,None,USA
James Jones,PHX,26,203.2,99.79024,Miami (FL),USA
James Augustine,ORL,23,208.28,106.59412,Illinois,USA
Jameer Nelson,ORL,25,182.88,86.18248,Saint Joseph's,USA
Jamal Sampson,DEN,24,210.82,106.59412,California,USA
Jamal Crawford,NYK,27,195.58,86.18248,Michigan,USA
Jamaal Tinsley,IND,29,190.5,83.91452,Iowa State,USA
Jamaal Magloire,POR,29,210.82,120.20188,Kentucky,Canada
James Posey,MIA,30,203.2,98.429464,Xavier,USA
Jason Hart,LAC,29,190.5,83.91452,Syracuse,USA
Gary Payton,MIA,38,193.04,86.18248,Oregon State,USA
Francisco Garcia,SAC,25,200.66,88.45044,Louisville,Dominican Republic
Dwayne Jones,CLE,24,210.82,113.851592,Saint Joseph's,USA
Drew Gooden,CLE,25,208.28,113.398,Kansas,USA
Doug Christie,LAC,37,198.12,92.98636,Pepperdine,USA
Dorell Wright,MIA,21,203.2,92.98636,None,USA
Donyell Marshall,CLE,34,205.74,104.32616,Connecticut,USA
Donell Taylor,WAS,24,195.58,87.543256,Alabama-Birmingham,USA
Dirk Nowitzki,DAL,29,213.36,111.13004,None,Germany
Dikembe Mutombo,HOU,41,218.44,117.93392,Georgetown,Congo
Dijon Thompson,ATL,24,203.2,90.7184,UCLA,USA
Devin Harris,DAL,24,190.5,83.91452,Wisconsin,USA
Devin Brown,NOK,28,195.58,99.79024,Texas-San Antonio,USA
Devean George,DAL,29,203.2,106.59412,Augsburg,USA
Desmond Mason,NOK,29,195.58,100.697424,Oklahoma State,USA
Desmon Farmer,SEA,25,195.58,99.79024,Southern California,USA
Deron Williams,UTA,23,190.5,92.98636,Illinois,USA
Derek Fisher,UTA,32,185.42,95.707912,Arkansas-Little Rock,USA
Derek Anderson,CHA,32,195.58,88.45044,Kentucky,USA
Dwight Howard,ORL,21,210.82,120.20188,None,USA
Dwyane Wade,MIA,25,193.04,96.161504,Marquette,USA
Earl Barron,MIA,25,213.36,111.13004,Memphis,USA
Earl Boykins,MIL,31,165.1,60.327736,Eastern Michigan,USA
Francisco Elson,SAS,31,213.36,106.59412,California,Netherlands
Flip Murray,DET,27,190.5,89.357624,Shaw,USA
Fabricio Oberto,SAS,32,208.28,111.13004,None,Argentina
Etan Thomas,WAS,29,208.28,117.93392,Syracuse,USA
Esteban Batista,ATL,23,208.28,121.562656,None,Uruguay
Ersan Ilyasova,MIL,20,205.74,106.59412,None,Turkey
Erick Dampier,DAL,31,210.82,120.20188,Mississippi State,USA
Eric Williams,CHA,34,203.2,99.79024,Providence,USA
Fred Jones,POR,28,187.96,99.79024,Oregon,USA
Eric Snow,CLE,34,190.5,92.98636,Michigan State,USA
Emeka Okafor,CHA,24,208.28,114.305184,Connecticut,USA
Elton Brand,LAC,28,203.2,115.212368,Duke,USA
Eduardo Najera,DEN,30,203.2,106.59412,Oklahoma,Mexico
Eddy Curry,NYK,24,210.82,129.27372,None,USA
Eddie Jones,MIA,35,198.12,90.7184,Temple,USA
Eddie House,NJN,29,185.42,79.3786,Arizona State,USA
Eddie Griffin,MIN,25,205.74,100.697424,Seton Hall,USA
Earl Watson,SEA,28,185.42,88.45044,UCLA,USA
Eric Piatkowski,PHX,36,200.66,97.52228,Nebraska,USA
Jason Kapono,MIA,26,203.2,97.52228,UCLA,USA
Jason Kidd,NJN,34,193.04,95.25432,California,USA
Jason Maxiell,DET,24,200.66,117.93392,Cincinnati,USA
Linas Kleiza,DEN,22,203.2,111.13004,Missouri,Lithuania
Leon Powe,BOS,23,203.2,108.86208,California,USA
Leandro Barbosa,PHX,24,190.5,85.275296,None,Brazil
LeBron James,CLE,22,203.2,108.86208,None,USA
Lawrence Roberts,MEM,24,205.74,108.86208,Mississippi State,USA
Larry Hughes,CLE,28,195.58,83.460928,Saint Louis,USA
Lamar Odom,LAL,27,208.28,104.32616,Rhode Island,USA
LaMarcus Aldridge,POR,21,210.82,111.13004,Texas,USA
Kyle Lowry,MEM,21,182.88,79.3786,Villanova,USA
Kyle Korver,PHI,26,200.66,95.25432,Creighton,USA
Kwame Brown,LAL,25,210.82,122.46984,None,USA
Kurt Thomas,PHX,34,205.74,106.59412,Texas Christian,USA
Kris Humphries,TOR,22,205.74,106.59412,Minnesota,USA
Kobe Bryant,LAL,28,198.12,99.79024,None,USA
Kirk Snyder,HOU,24,198.12,102.0582,Nevada,USA
Kirk Hinrich,CHI,26,190.5,86.18248,Kansas,USA
Keyon Dooling,ORL,27,190.5,88.45044,Missouri,USA
Lindsey Hunter,DET,36,187.96,88.45044,Jackson State,USA
Linton Johnson,NOK,27,203.2,92.98636,Tulane,USA
Lorenzen Wright,ATL,31,210.82,115.66596,Memphis,USA
Lou Amundson,PHI,24,205.74,102.0582,Nevada-Las Vegas,USA
Mardy Collins,NYK,22,198.12,99.79024,Temple,USA
Marcus Williams,NJN,21,190.5,92.98636,Connecticut,USA
Marcus Vinicius,NOK,23,203.2,102.0582,None,USA
Marcus Camby,DEN,33,210.82,106.59412,Massachusetts,USA
Marcus Banks,PHX,25,187.96,90.7184,Nevada-Las Vegas,USA
Marc Jackson,NOK,32,208.28,114.758776,Temple,USA
Manu Ginobili,SAS,29,198.12,92.98636,None,Argentina
Malik Rose,NYK,32,200.66,115.66596,Drexel,USA
Kevinn Pinkney,BOS,23,208.28,111.13004,Nevada,USA
Malik Allen,CHI,29,208.28,115.66596,Villanova,USA
Lynn Greer,MIL,27,187.96,79.3786,Temple,USA
Luther Head,HOU,24,190.5,83.91452,Illinois,USA
Luol Deng,CHI,22,205.74,99.79024,Duke,United Kingdom
Luke Walton,LAL,27,203.2,105.233344,Arizona,USA
Luke Schenscher,POR,25,215.9,120.20188,Georgia Tech,USA
Luke Ridnour,SEA,26,185.42,75.749864,Oregon,USA
Luke Jackson,TOR,25,200.66,97.52228,Oregon,USA
Lou Williams,PHI,20,185.42,79.3786,None,USA
Maceo Baston,IND,31,208.28,104.32616,Michigan,USA
Kevin Willis,DAL,44,213.36,111.13004,Michigan State,USA
Kevin Ollie,PHI,34,190.5,88.45044,Connecticut,USA
Kevin Martin,SAC,24,200.66,83.91452,Western Carolina,USA
Jorge Garbajosa,TOR,29,205.74,111.13004,None,USA
Jordan Farmar,LAL,20,187.96,81.64656,UCLA,USA
John Salmons,SAC,27,198.12,93.893544,Miami (FL),USA
John Lucas III,HOU,24,180.34,74.84268,Oklahoma State,USA
DeShawn Stevenson,WAS,26,195.58,98.883056,None,USA
Joey Graham,TOR,25,200.66,102.0582,Oklahoma State,USA
Joel Przybilla,POR,27,215.9,115.66596,Minnesota,USA
Joe Smith,PHI,31,208.28,102.0582,Maryland,USA
Jose Calderon,TOR,25,190.5,95.25432,None,Spain
Joe Johnson,ATL,26,200.66,106.59412,Arkansas,USA
Jerome James,NYK,31,215.9,127.00576,Florida A&M,USA
Jermaine O'Neal,IND,28,210.82,117.93392,None,USA
Jeremy Richardson,POR,23,200.66,88.45044,Delta State,USA
Jeff McInnis,CHA,32,193.04,86.18248,North Carolina,USA
Jeff Foster,IND,30,210.82,113.398,Texas State,USA
Jason Williams,MIA,31,185.42,81.64656,Florida,USA
Jason Terry,DAL,29,187.96,81.64656,Arizona,USA
Jason Richardson,GSW,26,198.12,102.0582,Michigan State,USA
Jerry Stackhouse,DAL,32,198.12,98.883056,North Carolina,USA
Mark Madsen,MIN,31,205.74,113.398,Stanford,USA
Josh Boone,NJN,22,208.28,111.13004,Connecticut,USA
Josh Howard,DAL,27,200.66,95.25432,Wake Forest,USA
Kevin Garnett,MIN,31,210.82,114.758776,None,USA
Kenyon Martin,DEN,29,205.74,108.86208,Cincinnati,USA
Kenny Thomas,SAC,29,200.66,111.13004,New Mexico,USA
Kendrick Perkins,BOS,22,208.28,127.00576,None,USA
Kelvin Cato,NYK,32,210.82,124.7378,Iowa State,USA
Kelenna Azubuike,GSW,23,195.58,99.79024,Kentucky,England
Keith McLeod,IND,27,187.96,86.18248,Bowling Green,USA
Keith Bogans,ORL,27,195.58,97.52228,Kentucky,USA
Josh Childress,ATL,24,203.2,95.25432,Stanford,USA
Juwan Howard,HOU,34,205.74,113.398,Michigan,USA
Justin Reed,MIN,25,203.2,108.86208,Mississippi,USA
Junior Harrington,MEM,26,193.04,86.18248,Wingate,USA
Jumaine Jones,PHX,28,203.2,104.32616,Georgia,USA
Julius Hodge,MIL,23,200.66,99.79024,North Carolina State,USA
Juan Dixon,TOR,28,190.5,74.389088,Maryland,USA
Josh Smith,ATL,21,205.74,106.59412,None,USA
Josh Powell,GSW,24,205.74,102.0582,North Carolina State,USA
Justin Williams,SAC,23,208.28,104.32616,Wyoming,USA
Dee Brown,UTA,22,182.88,82.100152,Illinois,USA
Jason Maxiell,DET,25,200.66,117.93392,Cincinnati,USA
Jason Richardson,CHA,27,198.12,102.0582,Michigan State,USA
Bobby Simmons,MIL,28,198.12,104.32616,DePaul,USA
Earl Watson,SEA,29,185.42,83.91452,UCLA,USA
Eddie Gill,SEA,29,182.88,83.007336,Weber State,USA
Eddie House,BOS,30,185.42,79.3786,Arizona State,USA
Eddie Jones,DAL,36,198.12,90.7184,Temple,USA
Eddy Curry,NYK,25,210.82,129.27372,None,USA
Eduardo Najera,DEN,31,203.2,106.59412,Oklahoma,Mexico
Elton Brand,LAC,29,203.2,115.212368,Duke,USA
Emeka Okafor,CHA,25,208.28,115.66596,Connecticut,USA
Eric Piatkowski,PHX,37,200.66,97.52228,Nebraska,USA
Eric Snow,CLE,35,190.5,92.98636,Michigan State,USA
Erick Dampier,DAL,32,210.82,120.20188,Mississippi State,USA
Earl Boykins,CHA,32,165.1,60.327736,Eastern Michigan,USA
Fabricio Oberto,SAS,33,208.28,111.13004,None,Argentina
Francisco Elson,SEA,32,213.36,106.59412,California,Netherlands
Francisco Garcia,SAC,26,200.66,88.45044,Louisville,Dominican Republic
Fred Jones,NYK,29,187.96,102.0582,Oregon,USA
Gabe Pruitt,BOS,22,193.04,77.11064,Southern California,USA
Gerald Green,HOU,22,203.2,90.7184,None,USA
Gerald Wallace,CHA,25,200.66,99.79024,Alabama,USA
Gilbert Arenas,WAS,26,193.04,97.52228,Arizona,USA
Glen Davis,BOS,22,205.74,131.088088,Louisiana State,USA
Gordan Giricek,PHX,31,198.12,99.79024,None,Croatia
Grant Hill,PHX,35,203.2,102.0582,Duke,USA
Greg Buckner,MIN,31,193.04,95.25432,Clemson,USA
Flip Murray,IND,28,190.5,89.357624,Shaw,USA
Guillermo Diaz,LAC,23,187.96,83.91452,Miami (FL),USA
Earl Barron,MIA,26,213.36,111.13004,Memphis,USA
Dwight Howard,ORL,22,210.82,120.20188,None,USA
Darrell Armstrong,NJN,40,185.42,81.64656,Fayetteville State,USA
Darrick Martin,TOR,37,180.34,77.11064,UCLA,USA
Darryl Watkins,SAC,23,210.82,117.026736,Syracuse,USA
David Harrison,IND,25,213.36,127.00576,Colorado,USA
David Lee,NYK,25,205.74,108.86208,Florida,USA
David West,NOH,27,205.74,108.86208,Xavier,USA
DeSagana Diop,NJN,26,213.36,127.00576,None,Senegal
DeShawn Stevenson,WAS,27,195.58,98.883056,None,USA
Delonte West,CLE,24,190.5,81.64656,Saint Joseph's,USA
Demetris Nichols,CHI,23,203.2,97.975872,Syracuse,USA
DerMarr Johnson,SAS,28,205.74,95.25432,Cincinnati,USA
Dwyane Wade,MIA,26,193.04,97.975872,Marquette,USA
Derek Anderson,CHA,33,195.58,88.45044,Kentucky,USA
Deron Williams,UTA,24,190.5,92.98636,Illinois,USA
Desmond Mason,MIL,30,195.58,100.697424,Oklahoma State,USA
Devean George,DAL,30,203.2,106.59412,Augsburg,USA
Devin Brown,CLE,29,195.58,95.25432,Texas-San Antonio,USA
Devin Harris,NJN,25,190.5,83.91452,Wisconsin,USA
Dikembe Mutombo,HOU,42,218.44,117.93392,Georgetown,Congo
Dirk Nowitzki,DAL,30,213.36,111.13004,None,Germany
Dominic McGuire,WAS,22,205.74,99.79024,Fresno State,USA
Donyell Marshall,SEA,35,205.74,111.13004,Connecticut,USA
Dorell Wright,MIA,22,205.74,95.25432,None,USA
Drew Gooden,CHI,26,208.28,113.398,Kansas,USA
Derek Fisher,LAL,33,185.42,95.25432,Arkansas-Little Rock,USA
Darko Milicic,MEM,23,213.36,124.7378,None,Serbia
Hakim Warrick,MEM,25,205.74,97.52228,Syracuse,USA
Hilton Armstrong,NOH,23,210.82,106.59412,Connecticut,USA
Zaza Pachulia,ATL,24,210.82,127.00576,None,Georgia
Zach Randolph,NYK,26,205.74,117.93392,Michigan State,USA
Yi Jianlian,MIL,20,213.36,107.954896,None,USA
Yao Ming,HOU,27,228.6,140.61352,None,China
Yakhouba Diawara,DEN,25,200.66,102.0582,Pepperdine,USA
Wilson Chandler,NYK,21,203.2,99.79024,DePaul,USA
Willie Green,PHI,26,190.5,91.171992,Detroit Mercy,USA
Walter Herrmann,DET,29,205.74,102.0582,None,USA
Wally Szczerbiak,CLE,31,200.66,111.13004,Miami (OH),USA
Von Wafer,POR,22,195.58,95.25432,Florida State,USA
Vladimir Radmanovic,LAL,27,208.28,106.59412,None,Serbia
Zydrunas Ilgauskas,CLE,33,220.98,117.93392,None,Lithuania
Vince Carter,NJN,31,198.12,99.79024,North Carolina,USA
Udonis Haslem,MIA,28,203.2,106.59412,Florida,USA
Tyson Chandler,NOH,25,215.9,106.59412,None,USA
Tyrus Thomas,CHI,21,203.2,97.52228,Louisiana State,USA
Tyronn Lue,DAL,31,182.88,79.3786,Nebraska,USA
Troy Murphy,IND,28,210.82,111.13004,Notre Dame,USA
Troy Hudson,GSW,32,185.42,80.739376,Southern Illinois,USA
Trevor Ariza,LAL,23,203.2,95.25432,UCLA,USA
Trenton Hassell,NJN,29,195.58,105.686936,Austin Peay,USA
Travis Outlaw,POR,23,205.74,97.52228,None,USA
Travis Diener,IND,26,185.42,79.3786,Marquette,USA
Tracy McGrady,HOU,29,203.2,101.151016,None,USA
Viktor Khryapa,CHI,25,205.74,98.883056,None,Russia
Hedo Turkoglu,ORL,29,208.28,99.79024,None,Turkey
Jason Kidd,DAL,35,193.04,95.25432,California,USA
Jason Hart,UTA,30,190.5,81.64656,Syracuse,USA
Ian Mahinmi,SAS,21,210.82,104.32616,None,France
Ike Diogu,IND,24,203.2,115.66596,Arizona State,USA
Ime Udoka,SAS,30,195.58,99.79024,Portland State,USA
Ira Newble,LAL,33,200.66,99.79024,Miami (OH),USA
J.J. Barea,DAL,24,182.88,79.3786,Northeastern,Puerto Rico
JJ Redick,ORL,24,193.04,86.18248,Duke,USA
JR Smith,DEN,22,198.12,99.79024,None,USA
Jacque Vaughn,SAS,33,185.42,86.18248,Kansas,USA
Jake Voskuhl,MIL,30,210.82,115.66596,Connecticut,USA
Jamaal Magloire,DAL,30,210.82,120.20188,Kentucky,Canada
Jamaal Tinsley,IND,30,190.5,83.91452,Iowa State,USA
Jason Kapono,TOR,27,203.2,97.52228,UCLA,USA
Jamal Crawford,NYK,28,195.58,90.7184,Michigan,USA
Jameer Nelson,ORL,26,182.88,86.18248,Saint Joseph's,USA
James Augustine,ORL,24,208.28,106.59412,Illinois,USA
James Jones,POR,27,203.2,99.79024,Miami (FL),USA
James Posey,BOS,31,203.2,98.429464,Xavier,USA
Jannero Pargo,NOH,28,185.42,79.3786,Arkansas,USA
Jared Dudley,CHA,22,200.66,102.0582,Boston College,USA
Jared Jeffries,NYK,26,210.82,108.86208,Indiana,USA
Jarrett Jack,POR,24,190.5,89.357624,Georgia Tech,USA
Jarron Collins,UTA,29,210.82,108.408488,Stanford,USA
Jarvis Hayes,DET,26,203.2,103.418976,Georgia,USA
Jason Collins,MEM,29,213.36,115.66596,Stanford,USA
Jamario Moon,TOR,28,203.2,92.98636,Meridian Community College,USA
Darius Washington,SAS,22,187.96,88.45044,Memphis,USA
Darius Songaila,WAS,30,205.74,112.490816,Wake Forest,Lithuania
Danny Granger,IND,25,203.2,103.418976,New Mexico,USA
Andris Biedrins,GSW,22,210.82,104.32616,None,Latvia
Anfernee Hardaway,MIA,36,200.66,97.52228,Memphis,USA
Antawn Jamison,WAS,32,205.74,106.59412,North Carolina,USA
Anthony Carter,DEN,33,187.96,88.45044,Hawaii,USA
Anthony Johnson,SAC,33,190.5,88.45044,College of Charleston,USA
Anthony Parker,TOR,33,198.12,97.52228,Bradley,USA
Antoine Walker,MIN,31,205.74,111.13004,Kentucky,USA
Antoine Wright,DAL,24,200.66,97.52228,Texas A&M,USA
Antonio Daniels,WAS,33,193.04,92.98636,Bowling Green,USA
Antonio McDyess,DET,33,205.74,111.13004,Alabama,USA
Arron Afflalo,DET,22,195.58,97.52228,UCLA,USA
Andrew Bynum,LAL,20,213.36,129.27372,None,USA
Austin Croshere,GSW,33,208.28,106.59412,Providence,USA
Baron Davis,GSW,29,190.5,97.52228,UCLA,USA
Ben Gordon,CHI,25,190.5,90.7184,Connecticut,USA
Ben Wallace,CLE,33,205.74,108.86208,Virginia Union,USA
Beno Udrih,SAC,25,190.5,92.98636,None,Slovenia
Billy Thomas,CLE,32,195.58,99.79024,Kansas,USA
Blake Ahearn,MIA,24,187.96,86.18248,Missouri State,USA
Bo Outlaw,ORL,37,203.2,99.79024,Houston,USA
Bobby Jackson,HOU,35,185.42,83.91452,Minnesota,USA
Bobby Jones,DEN,24,200.66,97.52228,Washington,USA
Bonzi Wells,NOH,31,195.58,95.25432,Ball State,USA
Boris Diaw,PHX,26,203.2,106.59412,None,France
Awvee Storey,MIL,31,198.12,102.0582,Arizona State,USA
Bostjan Nachbar,NJN,27,205.74,100.243832,None,Slovenia
Andrew Bogut,MIL,23,213.36,117.93392,Utah,Australia
Andrei Kirilenko,UTA,27,205.74,101.151016,None,Russia
Aaron Williams,LAC,36,205.74,106.59412,Xavier,USA
Aaron Gray,CHI,23,213.36,122.46984,Pittsburgh,USA
Aaron Brooks,HOU,23,182.88,73.028312,Oregon,USA
Acie Law,ATL,23,190.5,88.45044,Texas A&M,USA
Adonal Foyle,ORL,33,208.28,122.46984,Colgate,St. Vincent & Grenadines
Adrian Griffin,SEA,33,195.58,104.32616,Seton Hall,USA
Al Harrington,GSW,28,205.74,113.398,None,USA
Al Horford,ATL,22,208.28,111.13004,Florida,Dominican Republic
Al Jefferson,MIN,23,208.28,120.20188,None,USA
Al Thornton,LAC,24,203.2,99.79024,Florida State,USA
Alando Tucker,PHX,24,198.12,92.98636,Wisconsin,USA
Andres Nocioni,CHI,28,200.66,102.0582,None,Argentina
Alexander Johnson,MIA,25,205.74,104.32616,Florida State,USA
Alonzo Mourning,MIA,38,208.28,118.387512,Georgetown,USA
Amar'e Stoudemire,PHX,25,208.28,112.944408,None,USA
Amir Johnson,DET,21,205.74,95.25432,None,USA
Anderson Varejao,CLE,25,208.28,108.86208,None,Brazil
Andray Blatche,WAS,21,210.82,112.490816,None,USA
Andre Barrett,LAC,26,177.8,78.471416,Seton Hall,USA
Andre Brown,MEM,27,205.74,111.13004,DePaul,USA
Andre Iguodala,PHI,24,198.12,93.893544,Arizona,USA
Andre Miller,PHI,32,187.96,90.7184,Utah,USA
Andre Owens,IND,27,193.04,90.7184,Houston,USA
Andrea Bargnani,TOR,22,213.36,113.398,None,Italy
Allen Iverson,DEN,33,182.88,81.64656,Georgetown,USA
Brad Miller,SAC,32,213.36,118.387512,Purdue,USA
Brandan Wright,GSW,20,205.74,92.98636,North Carolina,USA
Brandon Bass,DAL,23,203.2,108.86208,Louisiana State,USA
Chris Mihm,LAL,28,213.36,120.20188,Texas,USA
Chris Paul,NOH,23,182.88,79.3786,Wake Forest,USA
Chris Quinn,MIA,24,187.96,79.3786,Notre Dame,USA
Chris Richard,MIN,23,205.74,122.46984,Florida,USA
Chris Webber,GSW,35,208.28,111.13004,Michigan,USA
Chris Wilcox,SEA,25,208.28,106.59412,Maryland,USA
Chuck Hayes,HOU,25,198.12,107.954896,Kentucky,USA
Chucky Atkins,DEN,33,180.34,83.91452,South Florida,USA
Coby Karl,LAL,25,195.58,97.52228,Boise State,USA
Corey Brewer,MIN,22,205.74,83.91452,Florida,USA
Corey Maggette,LAC,28,198.12,102.0582,Duke,USA
Chris Kaman,LAC,26,213.36,120.20188,Central Michigan,USA
Courtney Sims,IND,24,210.82,111.13004,Michigan,USA
Cuttino Mobley,LAC,32,193.04,97.52228,Rhode Island,USA
DJ Mbenga,LAL,27,213.36,115.66596,None,Democratic Republic of the Congo
DJ Strawberry,PHX,23,195.58,91.171992,Maryland,USA
Daequan Cook,MIA,21,195.58,92.98636,Ohio State,USA
Dahntay Jones,SAC,27,198.12,95.25432,Duke,USA
Damien Wilkins,SEA,28,198.12,102.0582,Georgia,USA
Damon Jones,CLE,31,190.5,88.45044,Houston,USA
Damon Stoudamire,SAS,34,177.8,77.564232,Arizona,USA
Dan Dickau,LAC,29,182.88,81.64656,Gonzaga,USA
Dan Gadzuric,MIL,30,210.82,111.13004,UCLA,Netherlands
Daniel Gibson,CLE,22,187.96,87.996848,Texas,USA
Craig Smith,MIN,24,203.2,113.398,Boston College,USA
Chris Duhon,CHI,25,185.42,83.91452,Duke,USA
Chris Bosh,TOR,24,208.28,104.32616,Georgia Tech,USA
Chris Andersen,NOH,29,208.28,103.418976,Blinn,USA
Brandon Roy,POR,23,198.12,103.872568,Washington,USA
Brendan Haywood,WAS,28,213.36,119.294696,North Carolina,USA
Brent Barry,SAS,36,200.66,95.25432,Oregon State,USA
Brevin Knight,LAC,32,177.8,77.11064,Stanford,USA
Brian Cardinal,MEM,31,203.2,111.13004,Purdue,USA
Brian Cook,ORL,27,205.74,113.398,Illinois,USA
Brian Scalabrine,BOS,30,205.74,106.59412,Southern California,USA
Brian Skinner,PHX,32,205.74,115.66596,Baylor,USA
Bruce Bowen,SAS,37,200.66,90.7184,Cal State-Fullerton,USA
C.J. Watson,GSW,24,187.96,81.64656,Tennessee,USA
CJ Miles,UTA,21,198.12,99.79024,None,USA
Calvin Booth,PHI,32,210.82,113.398,Penn State,USA
Carl Landry,HOU,24,205.74,112.490816,Purdue,USA
Carlos Arroyo,ORL,28,187.96,91.625584,Florida International,Puerto Rico
Carlos Boozer,UTA,26,205.74,120.655472,Duke,USA
Carlos Delfino,TOR,25,198.12,104.32616,None,Argentina
Carmelo Anthony,DEN,24,203.2,104.32616,Syracuse,USA
Caron Butler,WAS,28,200.66,103.418976,Connecticut,USA
Casey Jacobsen,MEM,27,198.12,97.52228,Stanford,USA
Cedric Simmons,CHI,22,205.74,106.59412,North Carolina State,USA
Channing Frye,POR,25,210.82,112.490816,Arizona,USA
Charlie Bell,MIL,29,190.5,90.7184,Michigan State,USA
Charlie Villanueva,MIL,23,210.82,105.233344,Connecticut,USA
Chauncey Billups,DET,31,190.5,91.625584,Colorado,USA
Cheikh Samb,DET,23,215.9,111.13004,None,USA
Tony Parker,SAS,26,187.96,81.64656,None,France
Tony Allen,BOS,26,193.04,96.615096,Oklahoma State,USA
Dwayne Jones,CLE,25,210.82,113.851592,Saint Joseph's,USA
Tim Duncan,SAS,32,210.82,117.93392,Wake Forest,US Virgin Islands
Malik Allen,DAL,30,208.28,115.66596,Villanova,USA
Maceo Baston,TOR,32,208.28,104.32616,Michigan,USA
Luther Head,HOU,25,190.5,83.91452,Illinois,USA
Luol Deng,CHI,23,205.74,99.79024,Duke,United Kingdom
Luke Walton,LAL,28,203.2,106.59412,Arizona,USA
Luke Ridnour,SEA,27,187.96,79.3786,Oregon,USA
Luke Jackson,MIA,26,200.66,97.52228,Oregon,USA
Luis Scola,HOU,28,205.74,111.13004,None,Argentina
Lou Williams,PHI,21,187.96,79.3786,None,USA
Lou Amundson,PHI,25,205.74,102.0582,Nevada-Las Vegas,USA
Lorenzen Wright,SAC,32,210.82,115.66596,Memphis,USA
Malik Rose,NYK,33,200.66,115.66596,Drexel,USA
Loren Woods,HOU,30,218.44,117.93392,Arizona,USA
Lindsey Hunter,DET,37,187.96,88.45044,Jackson State,USA
Linas Kleiza,DEN,23,203.2,111.13004,Missouri,Lithuania
Leon Powe,BOS,24,203.2,108.86208,California,USA
Leandro Barbosa,PHX,25,190.5,91.625584,None,Brazil
LeBron James,CLE,23,203.2,113.398,None,USA
Larry Hughes,CHI,29,195.58,83.91452,Saint Louis,USA
Lance Allred,CLE,27,210.82,113.398,Weber State,USA
Lamar Odom,LAL,28,208.28,104.32616,Rhode Island,USA
LaMarcus Aldridge,POR,22,210.82,111.13004,Texas,USA
Kyrylo Fesenko,UTA,21,215.9,130.634496,None,Ukraine
Kyle Lowry,MEM,22,182.88,79.3786,Villanova,USA
Linton Johnson,TOR,28,203.2,92.98636,Tulane,USA
Kyle Korver,UTA,27,198.12,95.707912,Creighton,USA
Manu Ginobili,SAS,30,198.12,92.98636,None,Argentina
Marco Belinelli,GSW,22,195.58,87.089664,None,Italy
Michael Finley,SAS,35,200.66,102.0582,Wisconsin,USA
Michael Doleac,MIN,31,210.82,118.841104,Utah,USA
Metta World Peace,SAC,28,200.66,112.490816,St. John's (NY),USA
Melvin Ely,NOH,30,208.28,118.387512,Fresno State,USA
Mehmet Okur,UTA,29,210.82,119.294696,None,Turkey
Maurice Evans,ORL,29,195.58,99.79024,Texas,USA
Maurice Ager,NJN,24,195.58,91.625584,Michigan State,USA
Matt Harpring,UTA,32,200.66,104.32616,Georgia Tech,USA
Matt Carroll,CHA,27,198.12,96.161504,Notre Dame,USA
Matt Bonner,SAS,28,208.28,108.86208,Florida,USA
Matt Barnes,GSW,28,200.66,102.511792,UCLA,USA
Marcin Gortat,ORL,24,213.36,108.86208,None,Poland
Marvin Williams,ATL,22,205.74,104.32616,North Carolina,USA
Marquis Daniels,IND,27,198.12,90.7184,Auburn,USA
Marko Jaric,MIN,29,200.66,101.604608,None,Serbia
Mark Madsen,MIN,32,205.74,113.398,Stanford,USA
Mark Blount,MIA,32,213.36,113.398,Pittsburgh,USA
Mario West,ATL,24,195.58,95.25432,Georgia Tech,USA
Mardy Collins,NYK,23,198.12,99.79024,Temple,USA
Marcus Williams,LAC,21,200.66,93.893544,Arizona,USA
Marcus Williams,NJN,22,190.5,92.98636,Connecticut,USA
Marcus Vinicius,NOH,24,203.2,102.0582,None,USA
Marcus Camby,DEN,34,210.82,106.59412,Massachusetts,USA
Marcus Banks,MIA,26,187.96,96.161504,Nevada-Las Vegas,USA
Martell Webster,POR,21,200.66,103.872568,None,USA
Kwame Brown,MEM,26,210.82,122.46984,None,USA
Kurt Thomas,SAS,35,205.74,106.59412,Texas Christian,USA
Kris Humphries,TOR,23,205.74,106.59412,Minnesota,USA
Jose Calderon,TOR,26,190.5,95.25432,None,Spain
Jorge Garbajosa,TOR,30,205.74,111.13004,None,USA
Jordan Farmar,LAL,21,187.96,81.64656,UCLA,USA
John Salmons,SAC,28,198.12,93.893544,Miami (FL),USA
Johan Petro,SEA,22,213.36,112.037224,None,France
Joey Graham,TOR,26,200.66,102.0582,Oklahoma State,USA
Joel Przybilla,POR,28,215.9,115.66596,Minnesota,USA
Joel Anthony,MIA,25,205.74,111.13004,Nevada-Las Vegas,Canada
Joe Smith,CLE,32,208.28,102.0582,Maryland,USA
Joe Johnson,ATL,27,200.66,106.59412,Arkansas,USA
Joakim Noah,CHI,23,210.82,105.233344,Florida,USA
Josh Boone,NJN,23,208.28,107.501304,Connecticut,USA
Jerry Stackhouse,DAL,33,198.12,98.883056,North Carolina,USA
Jermareo Davidson,CHA,23,208.28,104.32616,Alabama,USA
Jermaine O'Neal,IND,29,210.82,117.93392,None,USA
Jeremy Richardson,ATL,24,200.66,88.45044,Delta State,USA
Jelani McCoy,DEN,30,208.28,111.13004,UCLA,USA
Jeff McInnis,CHA,33,193.04,86.18248,North Carolina,USA
Jeff Green,SEA,21,205.74,106.59412,Georgetown,USA
Jeff Foster,IND,31,210.82,113.398,Texas State,USA
Javaris Crittenton,MEM,20,195.58,90.7184,Georgia Tech,USA
Jason Williams,MIA,32,185.42,81.64656,Florida,USA
Jason Terry,DAL,30,187.96,81.64656,Arizona,USA
Jason Smith,PHI,22,213.36,108.86208,Colorado State,USA
Jerome James,NYK,32,215.9,129.27372,Florida A&M,USA
Josh Childress,ATL,25,203.2,95.25432,Stanford,USA
Tim Thomas,LAC,31,208.28,108.86208,Villanova,USA
Josh McRoberts,POR,21,208.28,108.86208,Duke,USA
Kosta Perovic,GSW,23,218.44,108.86208,None,USA
Kobe Bryant,LAL,29,198.12,92.98636,None,USA
Kirk Snyder,MIN,25,198.12,102.0582,Nevada,USA
Kirk Hinrich,CHI,27,190.5,86.18248,Kansas,USA
Keyon Dooling,ORL,28,190.5,88.45044,Missouri,USA
Kevin Ollie,PHI,35,187.96,88.45044,Connecticut,USA
Kevin Martin,SAC,25,200.66,83.91452,Western Carolina,USA
Kevin Garnett,BOS,32,210.82,99.79024,None,USA
Kevin Durant,SEA,19,205.74,97.52228,Texas,USA
Kenyon Martin,DEN,30,205.74,108.86208,Cincinnati,USA
Kenny Thomas,SAC,30,200.66,111.13004,New Mexico,USA
Kendrick Perkins,BOS,23,208.28,119.748288,None,USA
Kelenna Azubuike,GSW,24,195.58,99.79024,Kentucky,England
Keith Langford,SAS,24,193.04,97.52228,Kansas,USA
Keith Bogans,ORL,28,195.58,97.52228,Kentucky,USA
Kasib Powell,MIA,27,200.66,97.52228,Texas Tech,USA
Kareem Rush,IND,27,198.12,97.52228,Missouri,USA
Kaniel Dickens,CLE,29,203.2,97.52228,Idaho,USA
Juwan Howard,DAL,35,205.74,114.758776,Michigan,USA
Justin Williams,HOU,24,208.28,117.93392,Wyoming,USA
Julian Wright,NOH,21,203.2,102.0582,Kansas,USA
Juan Dixon,DET,29,190.5,74.84268,Maryland,USA
Juan Carlos Navarro,MEM,28,190.5,77.11064,None,Spain
Josh Smith,ATL,22,205.74,106.59412,None,USA
Josh Powell,LAC,25,205.74,108.86208,North Carolina State,USA
Michael Redd,MIL,28,198.12,97.52228,Ohio State,USA
Michael Ruffin,MIL,31,203.2,112.490816,Tulsa,USA
Josh Howard,DAL,28,195.58,95.25432,Wake Forest,USA
Mickael Pietrus,GSW,26,198.12,97.52228,None,France
Sergio Rodriguez,POR,22,190.5,76.203456,None,Spain
Sebastian Telfair,MIN,23,182.88,79.3786,None,USA
Sean Williams,NJN,21,208.28,106.59412,Boston College,USA
Sean Marks,PHX,32,208.28,113.398,California,New Zealand
Scot Pollard,BOS,33,210.82,126.098576,Kansas,USA
Sasha Vujacic,LAL,24,200.66,92.98636,None,Slovenia
Sasha Pavlovic,CLE,24,200.66,108.408488,None,Montenegro
Samuel Dalembert,PHI,28,210.82,113.398,Seton Hall,Haiti
Sam Cassell,BOS,38,190.5,83.91452,Florida State,USA
Salim Stoudamire,ATL,25,185.42,79.3786,Arizona,USA
Ryan Hollins,CHA,23,213.36,104.32616,UCLA,USA
Shane Battier,HOU,29,203.2,99.79024,Duke,USA
Ryan Gomes,MIN,25,200.66,113.398,Providence,USA
Rudy Gay,MEM,21,203.2,100.697424,Connecticut,USA
Ruben Patterson,LAC,32,195.58,101.151016,Cincinnati,USA
Royal Ivey,MIL,26,193.04,97.52228,Texas,USA
Ronny Turiaf,LAL,25,208.28,113.398,Gonzaga,France
Ronnie Price,UTA,25,187.96,86.18248,Utah Valley,USA
Ronnie Brewer,UTA,23,200.66,101.151016,Arkansas,USA
Ronald Dupree,SEA,27,200.66,94.800728,Louisiana State,USA
Roger Mason Jr.,WAS,27,195.58,96.161504,Virginia,USA
Rodney Stuckey,DET,22,195.58,92.98636,Eastern Washington,USA
Rodney Carney,PHI,24,200.66,92.532768,Memphis,USA
Robert Swift,SEA,22,215.9,111.13004,None,USA
Ryan Bowen,NOH,32,205.74,98.883056,Iowa,USA
Shannon Brown,CHI,22,193.04,95.707912,Michigan State,USA
Shaquille O'Neal,PHX,36,215.9,147.4174,Louisiana State,USA
Shareef Abdur-Rahim,SAC,31,205.74,111.13004,California,USA
Thomas Gardner,CHI,23,195.58,102.0582,Missouri,USA
Mickael Gelabale,SEA,25,200.66,97.52228,None,USA
Theo Ratliff,DET,35,208.28,106.59412,Wyoming,USA
Thaddeus Young,PHI,20,203.2,99.79024,Georgia Tech,USA
Thabo Sefolosha,CHI,24,200.66,97.52228,None,Switzerland
Tayshaun Prince,DET,28,205.74,97.52228,Kentucky,USA
Taurean Green,DEN,21,182.88,80.285784,Florida,USA
Tarence Kinsey,MEM,24,198.12,81.192968,South Carolina,USA
T.J. Ford,TOR,25,182.88,74.84268,Texas,USA
Stromile Swift,NJN,28,208.28,99.79024,Louisiana State,USA
Steven Hunter,DEN,26,213.36,108.86208,DePaul,USA
Steve Novak,HOU,25,208.28,99.79024,Marquette,USA
Steve Nash,PHX,34,190.5,80.739376,Santa Clara,Canada
Steve Francis,HOU,31,190.5,95.25432,Maryland,USA
Steve Blake,POR,28,190.5,78.017824,Maryland,USA
Stephen Jackson,GSW,30,203.2,98.883056,Butler Community College,USA
Stephen Graham,IND,26,198.12,97.52228,Oklahoma State,USA
Stephane Lasme,MIA,25,203.2,97.52228,Massachusetts,Gabon
Spencer Hawes,SAC,20,213.36,111.13004,Washington,USA
Solomon Jones,ATL,23,208.28,104.32616,South Florida,USA
Smush Parker,LAC,27,193.04,86.18248,Fordham,USA
Shelden Williams,SAC,24,205.74,113.398,Duke,USA
Shawne Williams,IND,22,205.74,102.0582,Memphis,USA
Shawn Marion,MIA,30,200.66,104.32616,Nevada-Las Vegas,USA
Shavlik Randolph,PHI,24,208.28,108.86208,Duke,USA
Robert Horry,SAS,37,208.28,108.86208,Alabama,USA
Ricky Davis,MIA,28,200.66,92.98636,Iowa,USA
Stephon Marbury,NYK,31,187.96,92.98636,Georgia Tech,USA
Richard Jefferson,NJN,28,200.66,102.0582,Arizona,USA
P.J. Brown,BOS,38,210.82,108.408488,Louisiana Tech,USA
Othella Harrington,CHA,34,205.74,106.59412,Georgetown,USA
Orien Greene,SAC,26,193.04,94.347136,Louisiana-Lafayette,USA
Oleksiy Pecherov,WAS,22,213.36,106.140528,None,Ukraine
Nick Young,WAS,23,198.12,90.7184,Southern California,USA
Nick Fazekas,LAC,23,210.82,106.59412,Nevada,USA
Nick Collison,SEA,27,208.28,115.66596,Kansas,USA
Nene,DEN,25,210.82,113.398,None,Brazil
Nenad Krstic,NJN,24,213.36,108.86208,None,Serbia and Montenegro
Nazr Mohammed,CHA,30,208.28,113.398,Kentucky,USA
Nate Robinson,NYK,24,175.26,81.64656,Washington,USA
Pat Garrity,ORL,31,205.74,107.954896,Notre Dame,USA
Mouhamed Sene,SEA,22,210.82,104.32616,None,Senegal
Morris Almond,UTA,23,198.12,102.0582,Rice,USA
Monta Ellis,GSW,22,190.5,80.285784,None,USA
Mikki Moore,SAC,32,213.36,102.0582,Nebraska,USA
Mike Wilks,SEA,29,177.8,81.64656,Rice,USA
Mike Miller,MEM,28,203.2,98.883056,Florida,USA
Mike James,NOH,33,187.96,85.275296,Duquesne,USA
Mike Harris,HOU,25,198.12,108.86208,Rice,USA
Mike Dunleavy,IND,27,205.74,104.32616,Duke,USA
Richie Frahm,LAC,30,195.58,91.625584,Gonzaga,USA
Mike Conley,MEM,20,185.42,81.64656,Ohio State,USA
Mike Bibby,ATL,30,185.42,86.18248,Arizona,USA
Morris Peterson,NOH,30,200.66,99.79024,Michigan State,USA
Patrick O'Bryant,GSW,22,213.36,113.398,Bradley,USA
Mo Williams,MIL,25,185.42,83.91452,Alabama,USA
Paul Davis,LAC,23,210.82,122.46984,Michigan State,USA
Reggie Evans,PHI,28,203.2,111.13004,Iowa,USA
Pau Gasol,LAL,27,213.36,113.398,None,Spain
Renaldo Balkman,NYK,23,203.2,94.347136,South Carolina,USA
Richard Hamilton,DET,30,200.66,87.543256,Connecticut,USA
Raymond Felton,CHA,24,185.42,89.811216,North Carolina,USA
Ray Allen,BOS,32,195.58,92.98636,Connecticut,USA
Rasual Butler,NOH,29,200.66,92.98636,La Salle,USA
Rasheed Wallace,DET,33,210.82,104.32616,North Carolina,USA
Rashard Lewis,ORL,28,208.28,104.32616,None,USA
Rashad McCants,MIN,23,193.04,95.25432,North Carolina,USA
Randy Foye,MIN,24,193.04,96.615096,Villanova,USA
Randolph Morris,NYK,22,210.82,117.93392,Kentucky,USA
Ramon Sessions,MIL,22,190.5,86.18248,Nevada,USA
Rasho Nesterovic,TOR,32,213.36,115.66596,None,Slovenia
Paul Pierce,BOS,30,200.66,106.59412,Kansas,USA
Rajon Rondo,BOS,22,185.42,77.564232,Kentucky,USA
Peja Stojakovic,NOH,31,208.28,103.872568,None,Serbia and Montenegro
Primoz Brezec,TOR,28,215.9,115.66596,None,Slovenia
Quincy Douby,SAC,24,190.5,79.3786,Rutgers,USA
Quentin Richardson,NYK,28,198.12,106.59412,DePaul,USA
Paul Millsap,UTA,23,203.2,117.026736,Louisiana Tech,USA
Raef LaFrentz,POR,32,210.82,111.13004,Kansas,USA
Rafer Alston,HOU,31,187.96,79.3786,Fresno State,USA
Raja Bell,PHX,31,195.58,97.52228,Florida International,U.S. Virgin Islands
Quinton Ross,LAC,27,198.12,87.543256,Southern Methodist,USA
Jerry Stackhouse,DAL,34,198.12,98.883056,North Carolina,USA
Joe Johnson,ATL,28,200.66,108.86208,Arkansas,USA
Jerryd Bayless,POR,20,190.5,90.7184,Arizona,USA
Joakim Noah,CHI,24,210.82,105.233344,Florida,USA
Joe Alexander,MIL,22,203.2,104.32616,West Virginia,USA
Joe Crawford,NYK,23,195.58,95.25432,Kentucky,USA
Joe Smith,CLE,33,208.28,102.0582,Maryland,USA
Jose Calderon,TOR,27,190.5,95.25432,None,Spain
Joel Anthony,MIA,26,205.74,111.13004,Nevada-Las Vegas,Canada
Joel Przybilla,POR,29,215.9,111.13004,Minnesota,USA
Joey Dorsey,HOU,25,203.2,121.562656,Memphis,USA
Joey Graham,TOR,27,200.66,102.0582,Oklahoma State,USA
Johan Petro,DEN,23,213.36,112.037224,None,France
John Salmons,CHI,29,198.12,93.893544,Miami (FL),USA
Jerome James,NYK,33,215.9,129.27372,Florida A&M,USA
Jordan Farmar,LAL,22,187.96,81.64656,UCLA,USA
Josh Boone,NJN,24,208.28,107.501304,Connecticut,USA
Jermareo Davidson,GSW,24,208.28,104.32616,Alabama,USA
Jason Kidd,DAL,36,193.04,95.25432,California,USA
Jeremy Richardson,ORL,25,200.66,88.45044,Delta State,USA
James White,HOU,26,200.66,90.7184,Cincinnati,USA
Jared Dudley,PHX,23,200.66,102.0582,Boston College,USA
Josh Howard,DAL,29,200.66,95.25432,Wake Forest,USA
James Singleton,DAL,27,203.2,104.32616,Murray State,USA
Jared Jeffries,NYK,27,210.82,108.86208,Indiana,USA
Jarrett Jack,IND,25,190.5,89.357624,Georgia Tech,USA
Jarron Collins,UTA,30,210.82,112.944408,Stanford,USA
Jarvis Hayes,NJN,27,203.2,103.418976,Georgia,USA
Jason Collins,MIN,30,213.36,115.66596,Stanford,USA
Jason Hart,DEN,31,190.5,81.64656,Syracuse,USA
Jason Kapono,TOR,28,203.2,97.52228,UCLA,USA
Jason Maxiell,DET,26,200.66,117.93392,Cincinnati,USA
Jason Richardson,PHX,28,198.12,102.0582,Michigan State,USA
Jason Terry,DAL,31,187.96,81.64656,Arizona,USA
Jason Thompson,SAC,22,210.82,113.398,Rider,USA
Javaris Crittenton,WAS,21,195.58,90.7184,Georgia Tech,USA
Jawad Williams,CLE,26,205.74,98.883056,North Carolina,USA
Jeff Foster,IND,32,210.82,113.398,Texas State,USA
Jeff Green,OKC,22,205.74,106.59412,Georgetown,USA
Jermaine O'Neal,MIA,30,210.82,117.026736,None,USA
Josh McRoberts,IND,22,208.28,108.86208,Duke,USA
Kyle Lowry,HOU,23,182.88,92.98636,Villanova,USA
Josh Smith,ATL,23,205.74,108.86208,None,USA
Kyle Weaver,OKC,23,198.12,91.171992,Washington State,USA
Kyrylo Fesenko,UTA,22,215.9,136.0776,None,Ukraine
LaMarcus Aldridge,POR,23,210.82,108.86208,Texas,USA
Lamar Odom,LAL,29,208.28,104.32616,Rhode Island,USA
Larry Hughes,NYK,30,195.58,83.91452,Saint Louis,USA
LeBron James,CLE,24,203.2,113.398,None,USA
Leandro Barbosa,PHX,26,190.5,91.625584,None,Brazil
Leon Powe,BOS,25,203.2,108.86208,California,USA
Kyle Korver,UTA,28,200.66,96.161504,Creighton,USA
Linas Kleiza,DEN,24,203.2,111.13004,Missouri,Lithuania
Linton Johnson,CHI,29,203.2,92.98636,Tulane,USA
Lorenzen Wright,CLE,33,210.82,115.66596,Memphis,USA
Lou Amundson,PHX,26,205.74,102.0582,Nevada-Las Vegas,USA
Lou Williams,PHI,22,187.96,79.3786,None,USA
Luc Mbah a Moute,MIL,22,203.2,104.32616,UCLA,Cameroon
James Posey,NOH,32,203.2,98.429464,Xavier,USA
Luke Ridnour,MIL,28,187.96,79.3786,Oregon,USA
Luis Scola,HOU,29,205.74,111.13004,None,Argentina
Lindsey Hunter,CHI,38,187.96,88.45044,Jackson State,USA
Josh Powell,LAL,26,205.74,108.86208,North Carolina State,USA
Kwame Brown,DET,27,210.82,122.46984,None,USA
Kris Humphries,TOR,24,205.74,106.59412,Minnesota,USA
Juan Dixon,WAS,30,190.5,74.84268,Maryland,USA
Julian Wright,NOH,22,203.2,102.0582,Kansas,USA
Juwan Howard,CHA,36,205.74,114.758776,Michigan,USA
Kareem Rush,PHI,28,198.12,97.52228,Missouri,USA
Keith Bogans,MIL,29,195.58,97.52228,Kentucky,USA
Kelenna Azubuike,GSW,25,195.58,99.79024,Kentucky,England
Kendrick Perkins,BOS,24,208.28,127.00576,None,USA
Kenny Thomas,SAC,31,200.66,111.13004,New Mexico,USA
Kurt Thomas,SAS,36,205.74,106.59412,Texas Christian,USA
Kenyon Martin,DEN,31,205.74,108.86208,Cincinnati,USA
Kevin Garnett,BOS,33,210.82,114.758776,None,USA
Kevin Love,MIN,20,208.28,117.93392,UCLA,USA
Kevin Martin,SAC,26,200.66,83.91452,Western Carolina,USA
Kevin Ollie,MIN,36,187.96,88.45044,Connecticut,USA
Keyon Dooling,NJN,29,190.5,88.45044,Missouri,USA
Kirk Hinrich,CHI,28,190.5,86.18248,Kansas,USA
Kobe Bryant,LAL,30,198.12,92.98636,None,USA
Kosta Koufos,UTA,20,213.36,120.20188,Ohio State,USA
Kevin Durant,OKC,20,205.74,97.52228,Texas,USA
James Jones,MIA,28,203.2,99.79024,Miami (FL),USA
Dirk Nowitzki,DAL,31,213.36,111.13004,None,Germany
Jamario Moon,MIA,29,203.2,90.7184,Meridian Community College,USA
Delonte West,CLE,25,190.5,81.64656,Saint Joseph's,USA
Demetris Nichols,NYK,24,203.2,97.975872,Syracuse,USA
Derek Fisher,LAL,34,185.42,95.25432,Arkansas-Little Rock,USA
Deron Williams,UTA,25,190.5,93.893544,Illinois,USA
Derrick Rose,CHI,20,190.5,86.18248,Memphis,USA
Desmon Farmer,SAS,27,195.58,99.79024,Southern California,USA
Desmond Mason,OKC,31,195.58,100.697424,Oklahoma State,USA
Devean George,DAL,31,203.2,106.59412,Augsburg,USA
Dee Brown,PHX,24,182.88,83.91452,Illinois,USA
Devin Brown,NOH,30,195.58,95.25432,Texas-San Antonio,USA
Dikembe Mutombo,HOU,43,218.44,117.93392,Georgetown,Congo
Dominic McGuire,WAS,23,205.74,99.79024,Fresno State,USA
Donte Greene,SAC,21,210.82,102.511792,Syracuse,USA
Dontell Jefferson,CHA,25,195.58,88.45044,Arkansas,USA
Donyell Marshall,PHI,36,205.74,111.13004,Connecticut,USA
Dorell Wright,MIA,23,205.74,95.25432,None,USA
Drew Gooden,SAS,27,208.28,113.398,Kansas,USA
Dwayne Jones,CHA,26,208.28,113.851592,Saint Joseph's,USA
Devin Harris,NJN,26,190.5,83.91452,Wisconsin,USA
Dwight Howard,ORL,23,210.82,120.20188,None,USA
DeShawn Stevenson,WAS,28,195.58,98.883056,None,USA
DeMarcus Nelson,GSW,23,193.04,90.7184,Duke,USA
Luke Walton,LAL,29,203.2,106.59412,Arizona,USA
DJ White,OKC,22,205.74,113.851592,Indiana,USA
Daequan Cook,MIA,22,195.58,95.25432,Ohio State,USA
Dahntay Jones,DEN,28,198.12,95.25432,Duke,USA
Damien Wilkins,OKC,29,198.12,102.0582,Georgia,USA
Damon Jones,MIL,32,190.5,88.45044,Houston,USA
Dan Gadzuric,MIL,31,210.82,111.13004,UCLA,Netherlands
Daniel Gibson,CLE,23,187.96,90.7184,Texas,USA
DeSagana Diop,CHA,27,213.36,127.00576,None,Senegal
Danilo Gallinari,NYK,20,208.28,102.0582,None,Italy
Darius Miles,MEM,27,205.74,106.59412,None,USA
Darius Songaila,WAS,31,205.74,112.490816,Wake Forest,Lithuania
Darko Milicic,MEM,24,213.36,124.7378,None,Serbia
Darnell Jackson,CLE,23,205.74,114.758776,Kansas,USA
Darrell Arthur,MEM,21,205.74,102.0582,Kansas,USA
David Lee,NYK,26,205.74,108.86208,Florida,USA
David West,NOH,28,205.74,108.86208,Xavier,USA
DeAndre Jordan,LAC,20,210.82,113.398,Texas A&M,USA
Danny Granger,IND,26,203.2,103.418976,New Mexico,USA
Dwyane Wade,MIA,27,193.04,97.975872,Marquette,USA
Earl Watson,OKC,30,185.42,83.91452,UCLA,USA
Eddie Gill,MIL,30,182.88,86.18248,Weber State,USA
Hakim Warrick,MEM,26,205.74,99.336648,Syracuse,USA
Hamed Haddadi,MEM,24,218.44,115.212368,None,Iran
Hassan Adams,TOR,25,193.04,99.79024,Arizona,USA
Hedo Turkoglu,ORL,30,208.28,99.79024,None,Turkey
Henry Walker,BOS,21,198.12,99.79024,Kansas State,USA
Hilton Armstrong,NOH,24,210.82,106.59412,Connecticut,USA
Ike Diogu,SAC,25,205.74,113.398,Arizona State,USA
Ime Udoka,SAS,31,195.58,99.79024,Portland State,USA
Greg Oden,POR,21,213.36,129.27372,Ohio State,USA
J.J. Barea,DAL,25,182.88,79.3786,Northeastern,Puerto Rico
JJ Hickson,CLE,20,205.74,109.769264,North Carolina State,USA
JJ Redick,ORL,25,193.04,86.18248,Duke,USA
JR Smith,DEN,23,198.12,99.79024,None,USA
JaVale McGee,WAS,21,213.36,107.501304,Nevada,USA
Jacque Vaughn,SAS,34,185.42,86.18248,Kansas,USA
Jake Voskuhl,TOR,31,210.82,115.66596,Connecticut,USA
Jamaal Magloire,MIA,31,210.82,120.20188,Kentucky,Canada
Jamal Crawford,GSW,29,195.58,90.7184,Michigan,USA
J.R. Giddens,BOS,24,195.58,97.52228,New Mexico,USA
Greg Buckner,MEM,32,193.04,95.25432,Clemson,USA
Grant Hill,PHX,36,203.2,102.0582,Duke,USA
Goran Dragic,PHX,23,193.04,81.64656,None,Slovenia
Eddie House,BOS,31,185.42,79.3786,Arizona State,USA
Eddy Curry,NYK,26,210.82,129.27372,None,USA
Eduardo Najera,NJN,32,203.2,106.59412,Oklahoma,Mexico
Elton Brand,PHI,30,205.74,115.212368,Duke,USA
Emeka Okafor,CHA,26,208.28,115.66596,Connecticut,USA
Eric Gordon,LAC,20,190.5,100.697424,Indiana,USA
Erick Dampier,DAL,33,210.82,120.20188,Mississippi State,USA
Etan Thomas,WAS,31,208.28,117.93392,Syracuse,USA
Fabricio Oberto,SAS,34,208.28,111.13004,None,Argentina
Flip Murray,ATL,29,190.5,90.7184,Shaw,USA
Francisco Elson,MIL,33,213.36,106.59412,California,Netherlands
Francisco Garcia,SAC,27,200.66,88.45044,Louisville,Dominican Republic
Fred Jones,LAC,30,187.96,102.0582,Oregon,USA
Gabe Pruitt,BOS,23,193.04,77.11064,Southern California,USA
George Hill,SAS,23,187.96,81.64656,Indiana Purdue-Indianapolis,USA
Gerald Green,DAL,23,203.2,90.7184,None,USA
Gerald Wallace,CHA,26,200.66,99.79024,Alabama,USA
Gilbert Arenas,WAS,27,193.04,97.52228,Arizona,USA
Glen Davis,BOS,23,205.74,131.088088,Louisiana State,USA
Jameer Nelson,ORL,27,182.88,86.18248,Saint Joseph's,USA
Luol Deng,CHI,24,205.74,99.79024,Duke,United Kingdom
Nazr Mohammed,CHA,31,208.28,113.398,Kentucky,USA
Maceo Baston,IND,33,208.28,104.32616,Michigan,USA
Sergio Rodriguez,POR,23,190.5,79.832192,None,Spain
Shane Battier,HOU,30,203.2,99.79024,Duke,USA
Shannon Brown,LAL,23,193.04,95.707912,Michigan State,USA
Shaquille O'Neal,PHX,37,215.9,147.4174,Louisiana State,USA
Shaun Livingston,OKC,23,200.66,83.91452,None,USA
Shavlik Randolph,POR,25,208.28,108.86208,Duke,USA
Shawn Marion,TOR,31,200.66,103.418976,Nevada-Las Vegas,USA
Shawne Williams,DAL,23,205.74,102.0582,Memphis,USA
Sebastian Telfair,MIN,24,182.88,79.3786,None,USA
Shelden Williams,MIN,25,205.74,113.398,Duke,USA
Sonny Weems,DEN,22,198.12,92.079176,Arkansas,USA
Speedy Claxton,ATL,31,180.34,77.11064,Hofstra,USA
Spencer Hawes,SAC,21,213.36,111.13004,Washington,USA
Stephen Graham,IND,27,198.12,97.52228,Oklahoma State,USA
Stephen Jackson,GSW,31,203.2,97.52228,Butler Community College,USA
Stephon Marbury,BOS,32,187.96,92.98636,Georgia Tech,USA
Steve Blake,POR,29,190.5,78.017824,Maryland,USA
Steve Nash,PHX,35,190.5,80.739376,Santa Clara,Canada
Solomon Jones,ATL,24,208.28,111.13004,South Florida,USA
Steve Novak,LAC,26,208.28,99.79024,Marquette,USA
Sean Williams,NJN,22,208.28,106.59412,Boston College,USA
Sean May,CHA,25,205.74,120.655472,North Carolina,USA
Roger Mason Jr.,SAS,28,195.58,96.161504,Virginia,USA
Roko Ukic,TOR,24,195.58,83.007336,None,USA
Ronnie Brewer,UTA,24,200.66,102.965384,Arkansas,USA
Ronnie Price,UTA,26,187.96,83.460928,Utah Valley,USA
Ronny Turiaf,GSW,26,208.28,113.398,Gonzaga,France
Roy Hibbert,IND,22,218.44,126.098576,Georgetown,USA
Royal Ivey,PHI,27,193.04,97.52228,Texas,USA
Rudy Fernandez,POR,24,198.12,83.91452,None,Spain
Sean Singletary,CHA,23,182.88,83.91452,Virginia,USA
Rudy Gay,MEM,22,203.2,100.697424,Connecticut,USA
Ryan Anderson,NJN,21,208.28,108.86208,California,USA
Ryan Bowen,NOH,33,205.74,98.883056,Iowa,USA
Ryan Gomes,MIN,26,200.66,111.13004,Providence,USA
Ryan Hollins,DAL,24,213.36,104.32616,UCLA,USA
Samuel Dalembert,PHI,29,210.82,113.398,Seton Hall,Haiti
Sasha Pavlovic,CLE,25,200.66,106.59412,None,Montenegro
Sasha Vujacic,LAL,25,200.66,92.98636,None,Slovenia
Sean Marks,NOH,33,208.28,113.398,California,New Zealand
Russell Westbrook,OKC,20,190.5,84.821704,UCLA,USA
Rodney Stuckey,DET,23,195.58,92.98636,Eastern Washington,USA
Steven Hill,OKC,23,213.36,111.13004,Arkansas,USA
Sun Sun,LAL,23,205.74,92.98636,None,USA
Udonis Haslem,MIA,29,203.2,106.59412,Florida,USA
Vince Carter,NJN,32,198.12,99.79024,North Carolina,USA
Vladimir Radmanovic,CHA,28,208.28,106.59412,None,Serbia
Von Wafer,HOU,23,195.58,95.25432,Florida State,USA
Wally Szczerbiak,CLE,32,200.66,108.86208,Miami (OH),USA
Walter Herrmann,DET,30,205.74,102.0582,None,USA
Walter Sharpe,DET,22,205.74,111.13004,Alabama-Birmingham,USA
Will Bynum,DET,26,182.88,83.91452,Georgia Tech,USA
Tyson Chandler,NOH,26,215.9,106.59412,None,USA
Will Solomon,SAC,30,185.42,83.91452,Clemson,USA
Wilson Chandler,NYK,22,203.2,99.79024,DePaul,USA
Yakhouba Diawara,MIA,26,200.66,104.32616,Pepperdine,USA
Yao Ming,HOU,28,228.6,140.61352,None,China
Yi Jianlian,NJN,21,213.36,107.954896,None,USA
Zach Randolph,LAC,27,205.74,117.93392,Michigan State,USA
Zaza Pachulia,ATL,25,210.82,124.7378,None,Georgia
Zydrunas Ilgauskas,CLE,34,220.98,117.93392,None,Lithuania
DJ Mbenga,LAL,28,213.36,115.66596,None,Democratic Republic of the Congo
Willie Green,PHI,27,190.5,91.171992,Detroit Mercy,USA
Stromile Swift,PHX,29,208.28,99.79024,Louisiana State,USA
Tyrus Thomas,CHI,22,205.74,97.52228,Louisiana State,USA
Troy Murphy,IND,29,210.82,111.13004,Notre Dame,USA
T.J. Ford,IND,26,182.88,74.84268,Texas,USA
Tarence Kinsey,CLE,25,198.12,85.728888,South Carolina,USA
Tayshaun Prince,DET,29,205.74,97.52228,Kentucky,USA
Thabo Sefolosha,OKC,25,200.66,97.52228,None,Switzerland
Thaddeus Young,PHI,21,203.2,99.79024,Georgia Tech,USA
Theo Ratliff,PHI,36,208.28,106.59412,Wyoming,USA
Thomas Gardner,ATL,24,195.58,102.0582,Missouri,USA
Tim Duncan,SAS,33,210.82,117.93392,Wake Forest,US Virgin Islands
Tyronn Lue,ORL,32,182.88,79.3786,Nebraska,USA
Tim Thomas,CHI,32,208.28,108.86208,Villanova,USA
Tony Battie,ORL,33,210.82,108.86208,Texas Tech,USA
Tony Parker,SAS,27,187.96,81.64656,None,France
Tracy McGrady,HOU,30,203.2,101.151016,None,USA
Travis Diener,IND,27,185.42,79.3786,Marquette,USA
Travis Outlaw,POR,24,205.74,93.893544,None,USA
Trenton Hassell,NJN,30,195.58,105.686936,Austin Peay,USA
Trevor Ariza,LAL,24,203.2,95.25432,UCLA,USA
Trey Johnson,CLE,24,195.58,98.883056,Jackson State,USA
Tony Allen,BOS,27,193.04,96.615096,Oklahoma State,USA
Rodney Carney,MIN,25,200.66,91.171992,Memphis,USA
Robin Lopez,PHX,21,213.36,115.66596,Stanford,USA
Robert Swift,OKC,23,215.9,122.46984,None,USA
Matt Carroll,DAL,28,198.12,96.161504,Notre Dame,USA
Matt Harpring,UTA,33,200.66,104.32616,Georgia Tech,USA
Maurice Ager,NJN,25,195.58,91.625584,Michigan State,USA
Maurice Evans,ATL,30,195.58,99.79024,Texas,USA
Mehmet Okur,UTA,30,210.82,119.294696,None,Turkey
Melvin Ely,NOH,31,208.28,118.387512,Fresno State,USA
Metta World Peace,HOU,29,200.66,117.93392,St. John's (NY),USA
Michael Beasley,MIA,20,205.74,111.13004,Kansas State,USA
Matt Bonner,SAS,29,208.28,108.86208,Florida,USA
Michael Finley,SAS,36,200.66,102.0582,Wisconsin,USA
Michael Ruffin,POR,32,203.2,112.490816,Tulsa,USA
Mickael Pietrus,ORL,27,198.12,97.52228,None,France
Mike Bibby,ATL,31,187.96,88.45044,Arizona,USA
Mike Conley,MEM,21,185.42,81.64656,Ohio State,USA
Mike Dunleavy,IND,28,205.74,104.32616,Duke,USA
Mike James,WAS,34,187.96,85.275296,Duquesne,USA
Mike Miller,MIN,29,203.2,98.883056,Florida,USA
Mike Taylor,LAC,23,187.96,74.84268,Iowa State,USA
Michael Redd,MIL,29,198.12,97.52228,Ohio State,USA
Mikki Moore,BOS,33,213.36,102.0582,Nebraska,USA
Matt Barnes,PHX,29,200.66,102.511792,UCLA,USA
Martell Webster,POR,22,200.66,106.59412,None,USA
Malik Allen,MIL,31,208.28,115.66596,Villanova,USA
Malik Hairston,SAS,22,198.12,99.79024,Oregon,USA
Malik Rose,OKC,34,200.66,115.66596,Drexel,USA
Manu Ginobili,SAS,31,198.12,92.98636,None,Argentina
Marc Gasol,MEM,24,215.9,120.20188,None,Spain
Marcin Gortat,ORL,25,210.82,108.86208,None,Poland
Marco Belinelli,GSW,23,195.58,90.7184,None,Italy
Marcus Banks,TOR,27,187.96,92.98636,Nevada-Las Vegas,USA
Marvin Williams,ATL,23,205.74,108.86208,North Carolina,USA
Marcus Camby,LAC,35,210.82,106.59412,Massachusetts,USA
Marcus Williams,GSW,23,190.5,95.25432,Connecticut,USA
Mardy Collins,LAC,24,198.12,99.79024,Temple,USA
Mario Chalmers,MIA,23,185.42,86.18248,Kansas,USA
Mario West,ATL,25,195.58,95.25432,Georgia Tech,USA
Mark Blount,MIA,33,213.36,113.398,Pittsburgh,USA
Mark Madsen,MIN,33,205.74,115.66596,Stanford,USA
Marko Jaric,MEM,30,200.66,101.604608,None,Serbia
Marquis Daniels,IND,28,198.12,90.7184,Auburn,USA
Marcus Williams,SAS,22,200.66,93.893544,Arizona,USA
Mo Williams,CLE,26,185.42,86.18248,Alabama,USA
Monta Ellis,GSW,23,190.5,81.64656,None,USA
Morris Almond,UTA,24,198.12,102.0582,Rice,USA
Raja Bell,CHA,32,195.58,97.52228,Florida International,U.S. Virgin Islands
Rajon Rondo,BOS,23,185.42,77.564232,Kentucky,USA
Ramon Sessions,MIL,23,190.5,86.18248,Nevada,USA
Randolph Morris,ATL,23,210.82,124.7378,Kentucky,USA
Randy Foye,MIN,25,193.04,96.615096,Villanova,USA
Rashad McCants,SAC,24,193.04,97.52228,North Carolina,USA
Rashard Lewis,ORL,29,208.28,104.32616,None,USA
Rasheed Wallace,DET,34,210.82,104.32616,North Carolina,USA
Rafer Alston,ORL,32,187.96,79.3786,Fresno State,USA
Rasho Nesterovic,IND,33,213.36,115.66596,None,Slovenia
Ray Allen,BOS,33,195.58,92.98636,Connecticut,USA
Raymond Felton,CHA,25,185.42,89.811216,North Carolina,USA
Reggie Evans,PHI,29,203.2,111.13004,Iowa,USA
Renaldo Balkman,DEN,24,203.2,94.347136,South Carolina,USA
Richard Hamilton,DET,31,200.66,87.543256,Connecticut,USA
Richard Jefferson,MIL,29,200.66,102.0582,Arizona,USA
Ricky Davis,LAC,29,200.66,88.45044,Iowa,USA
Rob Kurz,GSW,24,205.74,105.233344,Notre Dame,USA
Rasual Butler,NOH,30,200.66,92.98636,La Salle,USA
Quinton Ross,MEM,28,198.12,87.543256,Southern Methodist,USA
Quincy Douby,TOR,25,190.5,79.3786,Rutgers,USA
Quentin Richardson,NYK,29,198.12,106.59412,DePaul,USA
Morris Peterson,NOH,31,200.66,99.79024,Michigan State,USA
Mouhamed Sene,NYK,23,210.82,104.32616,None,Senegal
Nate Robinson,NYK,25,175.26,81.64656,Washington,USA
Nathan Jawai,TOR,22,208.28,127.00576,Midland,Australia
Nenad Krstic,OKC,25,213.36,108.86208,None,Serbia and Montenegro
Nene,DEN,26,210.82,113.398,None,Brazil
Nick Collison,OKC,28,208.28,115.66596,Kansas,USA
Nick Young,WAS,24,198.12,90.7184,Southern California,USA
Nicolas Batum,POR,20,203.2,90.7184,None,France
O.J. Mayo,MEM,21,193.04,95.25432,Southern California,USA
Oleksiy Pecherov,WAS,23,213.36,106.140528,None,Ukraine
Othello Hunter,ATL,23,203.2,102.0582,Ohio State,USA
Patrick O'Bryant,TOR,23,213.36,113.398,Bradley,USA
Pau Gasol,LAL,28,213.36,113.398,None,Spain
Paul Davis,LAC,24,210.82,122.46984,Michigan State,USA
Paul Millsap,UTA,24,203.2,113.398,Louisiana Tech,USA
Paul Pierce,BOS,31,200.66,106.59412,Kansas,USA
Peja Stojakovic,NOH,32,208.28,103.872568,None,Serbia and Montenegro
Pops Mensah-Bonsu,TOR,25,208.28,108.86208,George Washington,USA
Luther Head,MIA,26,190.5,83.91452,Illinois,USA
D.J. Augustin,CHA,21,182.88,81.64656,Texas,USA
Marreese Speights,PHI,21,208.28,111.13004,Florida,USA
Adam Morrison,LAL,24,203.2,92.98636,Gonzaga,USA
Bruce Bowen,SAS,38,200.66,90.7184,Cal State-Fullerton,USA
Brook Lopez,NJN,21,213.36,117.93392,Stanford,USA
Brian Scalabrine,BOS,31,205.74,106.59412,Southern California,USA
Brian Cook,HOU,28,205.74,113.398,Illinois,USA
Brian Cardinal,MIN,32,203.2,108.86208,Purdue,USA
Brevin Knight,UTA,33,177.8,75.296272,Stanford,USA
Brent Barry,HOU,37,200.66,95.25432,Oregon State,USA
Brendan Haywood,WAS,29,213.36,119.294696,North Carolina,USA
Brandon Rush,IND,23,198.12,95.25432,Kansas,USA
Brandon Roy,POR,24,198.12,95.707912,Washington,USA
Brandon Bass,DAL,24,203.2,113.398,Louisiana State,USA
Brandan Wright,GSW,21,208.28,95.25432,North Carolina,USA
C.J. Watson,GSW,25,187.96,79.3786,Tennessee,USA
Brad Miller,CHI,33,213.36,118.387512,Purdue,USA
Bobby Simmons,NJN,29,198.12,104.32616,DePaul,USA
Bobby Jackson,SAC,36,185.42,83.91452,Minnesota,USA
Bobby Brown,MIN,24,187.96,79.3786,Cal State-Fullerton,USA
Blake Ahearn,SAS,25,187.96,86.18248,Missouri State,USA
Beno Udrih,SAC,26,190.5,92.98636,None,Slovenia
Ben Wallace,CLE,34,205.74,108.86208,Virginia Union,USA
Ben Gordon,CHI,26,190.5,90.7184,Connecticut,USA
Baron Davis,LAC,30,190.5,97.52228,UCLA,USA
Austin Croshere,SAS,34,208.28,108.86208,Providence,USA
Arron Afflalo,DET,23,195.58,97.52228,UCLA,USA
Antonio McDyess,DET,34,205.74,111.13004,Alabama,USA
Antonio Daniels,NOH,34,193.04,92.98636,Bowling Green,USA
Boris Diaw,CHA,27,203.2,106.59412,None,France
CJ Miles,UTA,22,198.12,102.965384,None,USA
Calvin Booth,SAC,33,210.82,104.32616,Penn State,USA
Carl Landry,HOU,25,205.74,112.490816,Purdue,USA
Cuttino Mobley,LAC,33,193.04,97.52228,Rhode Island,USA
Craig Smith,MIN,25,200.66,113.398,Boston College,USA
Courtney Sims,NYK,25,210.82,111.13004,Michigan,USA
Courtney Lee,ORL,23,195.58,90.7184,Western Kentucky,USA
Corey Maggette,GSW,29,198.12,102.0582,Duke,USA
Corey Brewer,MIN,23,205.74,85.275296,Florida,USA
Chucky Atkins,OKC,34,180.34,83.91452,South Florida,USA
Chuck Hayes,HOU,26,198.12,107.954896,Kentucky,USA
Chris Wilcox,NYK,26,208.28,106.59412,Maryland,USA
Chris Quinn,MIA,25,187.96,79.3786,Notre Dame,USA
Chris Paul,NOH,24,182.88,79.3786,Wake Forest,USA
Chris Mihm,LAL,29,213.36,120.20188,Texas,USA
Chris Kaman,LAC,27,213.36,120.20188,Central Michigan,USA
Chris Duhon,NYK,26,185.42,83.91452,Duke,USA
Chris Douglas-Roberts,NJN,22,200.66,90.7184,Memphis,USA
Chris Bosh,TOR,25,208.28,104.32616,Georgia Tech,USA
Chris Andersen,DEN,30,208.28,103.418976,Blinn,USA
Cheikh Samb,NYK,24,215.9,111.13004,None,USA
Chauncey Billups,DEN,32,190.5,91.625584,Colorado,USA
Charlie Villanueva,MIL,24,210.82,105.233344,Connecticut,USA
Charlie Bell,MIL,30,190.5,90.7184,Michigan State,USA
Channing Frye,POR,26,210.82,111.13004,Arizona,USA
Cedric Simmons,SAC,23,205.74,106.59412,North Carolina State,USA
Cartier Martin,CHA,24,200.66,99.79024,Kansas State,USA
Caron Butler,WAS,29,200.66,103.418976,Connecticut,USA
Carmelo Anthony,DEN,25,203.2,104.32616,Syracuse,USA
Carlos Boozer,UTA,27,205.74,120.655472,Duke,USA
Antoine Wright,DAL,25,200.66,97.52228,Texas A&M,USA
Anthony Tolliver,SAS,24,203.2,108.86208,Creighton,USA
Brian Skinner,LAC,33,205.74,115.66596,Baylor,USA
Anthony Randolph,GSW,19,208.28,95.25432,Louisiana State,USA
Anthony Roberson,CHI,26,187.96,81.64656,Florida,USA
Aaron Brooks,HOU,24,182.88,73.028312,Oregon,USA
Aaron Gray,CHI,24,213.36,122.46984,Pittsburgh,USA
Acie Law,ATL,24,190.5,91.625584,Texas A&M,USA
Adonal Foyle,ORL,34,208.28,122.46984,Colgate,St. Vincent & Grenadines
Al Harrington,NYK,29,205.74,113.398,None,USA
Al Horford,ATL,23,208.28,111.13004,Florida,Dominican Republic
Al Thornton,LAC,25,203.2,99.79024,Florida State,USA
Alando Tucker,PHX,25,198.12,92.98636,Wisconsin,USA
Alex Acker,LAC,26,195.58,83.91452,Pepperdine,USA
Alexis Ajinca,CHA,21,213.36,99.79024,None,France
Allen Iverson,DET,34,182.88,81.64656,Georgetown,USA
Amar'e Stoudemire,PHX,26,208.28,112.944408,None,USA
Amir Johnson,DET,22,205.74,95.25432,None,USA
Anderson Varejao,CLE,26,210.82,117.93392,None,Brazil
Al Jefferson,MIN,24,208.28,120.20188,None,USA
Andre Brown,CHA,28,205.74,111.13004,DePaul,USA
Anthony Parker,TOR,34,198.12,97.52228,Bradley,USA
Andray Blatche,WAS,22,210.82,112.490816,None,USA
Anthony Morrow,GSW,23,195.58,95.25432,Georgia Tech,USA
Anthony Johnson,ORL,34,190.5,88.45044,College of Charleston,USA
Anthony Carter,DEN,34,187.96,88.45044,Hawaii,USA
Antawn Jamison,WAS,33,205.74,106.59412,North Carolina,USA
Andrew Bynum,LAL,21,213.36,129.27372,None,USA
Andris Biedrins,GSW,23,210.82,108.86208,None,Latvia
Andrew Bogut,MIL,24,213.36,117.93392,Utah,Australia
Andres Nocioni,SAC,29,200.66,102.0582,None,Argentina
Andrei Kirilenko,UTA,28,205.74,102.0582,None,Russia
Andrea Bargnani,TOR,23,213.36,113.398,None,Italy
Andre Miller,PHI,33,187.96,90.7184,Utah,USA
Andre Iguodala,PHI,25,198.12,93.893544,Arizona,USA
Sam Young,MEM,25,198.12,99.79024,Pittsburgh,USA
Russell Westbrook,OKC,21,190.5,84.821704,UCLA,USA
Ryan Gomes,MIN,27,200.66,111.13004,Providence,USA
Ryan Bowen,OKC,34,205.74,98.883056,Iowa,USA
Ryan Anderson,ORL,22,208.28,108.86208,California,USA
Ryan Hollins,MIN,25,213.36,104.32616,UCLA,USA
Rudy Gay,MEM,23,203.2,104.32616,Connecticut,USA
Roko Ukic,MIL,25,195.58,86.18248,None,USA
Royal Ivey,MIL,28,193.04,97.52228,Texas,USA
Roy Hibbert,IND,23,218.44,126.098576,Georgetown,USA
Ronny Turiaf,GSW,27,208.28,113.398,Gonzaga,France
Ronnie Price,UTA,27,187.96,83.460928,Utah Valley,USA
Ronnie Brewer,MEM,25,200.66,102.965384,Arkansas,USA
Roger Mason Jr.,SAS,29,195.58,96.161504,Virginia,USA
Rodrigue Beaubois,DAL,22,182.88,77.11064,None,France
Samuel Dalembert,PHI,30,210.82,113.398,Seton Hall,Haiti
Rudy Fernandez,POR,25,198.12,83.91452,None,Spain
Sasha Pavlovic,MIN,26,200.66,106.59412,None,Montenegro
Brandon Bass,ORL,25,203.2,113.398,Louisiana State,USA
Sean Marks,NOH,34,208.28,113.398,California,New Zealand
Bobby Brown,LAC,25,187.96,79.3786,Cal State-Fullerton,USA
Bobby Simmons,NJN,30,198.12,104.32616,DePaul,USA
Boris Diaw,CHA,28,203.2,106.59412,None,France
Brad Miller,CHI,34,213.36,118.387512,Purdue,USA
Rodney Stuckey,DET,24,195.58,92.98636,Eastern Washington,USA
Brandon Jennings,MIL,20,185.42,76.657048,None,USA
Brandon Roy,POR,25,198.12,95.707912,Washington,USA
Brandon Rush,IND,24,198.12,95.25432,Kansas,USA
Brendan Haywood,DAL,30,213.36,119.294696,North Carolina,USA
Brian Cardinal,MIN,33,203.2,108.86208,Purdue,USA
Brian Cook,HOU,29,205.74,113.398,Illinois,USA
Brian Scalabrine,BOS,32,205.74,106.59412,Southern California,USA
Brian Skinner,LAC,34,205.74,115.66596,Baylor,USA
Brook Lopez,NJN,22,213.36,120.20188,Stanford,USA
Sebastian Telfair,CLE,25,182.88,79.3786,None,USA
Sean Williams,NJN,23,208.28,106.59412,Boston College,USA
Sean May,SAC,26,205.74,120.655472,North Carolina,USA
Sasha Vujacic,LAL,26,200.66,92.98636,None,Slovenia
Rodney Carney,PHI,26,200.66,92.98636,Memphis,USA
Nick Young,WAS,25,198.12,90.7184,Southern California,USA
Ricky Davis,LAC,30,200.66,88.45044,Iowa,USA
Patty Mills,POR,21,182.88,83.91452,Saint Mary's (CA),Australia
Pau Gasol,LAL,29,213.36,113.398,None,Spain
Paul Davis,WAS,25,210.82,122.46984,Michigan State,USA
Paul Millsap,UTA,25,203.2,113.398,Louisiana Tech,USA
Paul Pierce,BOS,32,200.66,106.59412,Kansas,USA
Peja Stojakovic,NOH,33,208.28,103.872568,None,Serbia and Montenegro
Pops Mensah-Bonsu,TOR,26,205.74,106.59412,George Washington,USA
Primoz Brezec,MIL,30,215.9,115.66596,None,Slovenia
Quentin Richardson,MIA,30,198.12,103.418976,DePaul,USA
Quinton Ross,WAS,29,198.12,87.543256,Southern Methodist,USA
Rafer Alston,MIA,33,187.96,79.3786,Fresno State,USA
Raja Bell,GSW,33,195.58,97.52228,Florida International,U.S. Virgin Islands
Rajon Rondo,BOS,24,185.42,77.564232,Kentucky,USA
Ramon Sessions,MIN,24,190.5,86.18248,Nevada,USA
Randolph Morris,ATL,24,210.82,124.7378,Kentucky,USA
Randy Foye,WAS,26,193.04,96.615096,Villanova,USA
Beno Udrih,SAC,27,190.5,92.98636,None,Slovenia
Patrick O'Bryant,TOR,24,213.36,113.398,Bradley,USA
Robin Lopez,PHX,22,213.36,115.66596,Stanford,USA
Othyus Jeffers,UTA,24,195.58,95.25432,Robert Morris (IL),USA
Omri Casspi,SAC,22,205.74,102.0582,None,Israel
Richard Jefferson,SAS,30,200.66,102.0582,Arizona,USA
Richard Hamilton,DET,32,200.66,87.543256,Connecticut,USA
Renaldo Balkman,DEN,25,203.2,94.347136,South Carolina,USA
Reggie Williams,GSW,23,201,86,Virginia Military Institute,USA
Reggie Evans,TOR,30,203.2,111.13004,Iowa,USA
Raymond Felton,CHA,26,185.42,89.811216,North Carolina,USA
Ray Allen,BOS,34,195.58,92.98636,Connecticut,USA
Rasual Butler,LAC,31,200.66,92.98636,La Salle,USA
Rasho Nesterovic,TOR,34,213.36,115.66596,None,Slovenia
Rasheed Wallace,BOS,35,210.82,104.32616,North Carolina,USA
Rashard Lewis,ORL,30,208.28,104.32616,None,USA
Nene,DEN,27,210.82,113.398,None,Brazil
Nick Collison,OKC,29,208.28,115.66596,Kansas,USA
Nicolas Batum,POR,21,203.2,90.7184,None,France
O.J. Mayo,MEM,22,193.04,95.25432,Southern California,USA
Oleksiy Pecherov,MIN,24,213.36,106.140528,None,Ukraine
Oliver Lafayette,BOS,26,187.96,86.18248,Houston,USA
Othello Hunter,ATL,24,203.2,102.0582,Ohio State,USA
Ben Wallace,DET,35,205.74,108.86208,Virginia Union,USA
Shawn Marion,DAL,32,200.66,103.418976,Nevada-Las Vegas,USA
Baron Davis,LAC,31,190.5,97.52228,UCLA,USA
Taj Gibson,CHI,25,205.74,102.0582,Southern California,USA
T.J. Ford,IND,27,182.88,74.84268,Texas,USA
Sundiata Gaines,UTA,24,185.42,88.45044,Georgia,USA
Steven Hunter,MEM,28,213.36,108.86208,DePaul,USA
Steve Novak,LAC,27,208.28,108.86208,Marquette,USA
Steve Nash,PHX,36,190.5,80.739376,Santa Clara,Canada
Steve Blake,LAC,30,190.5,78.017824,Maryland,USA
Stephen Jackson,CHA,32,203.2,97.52228,Butler Community College,USA
Stephen Graham,CHA,28,198.12,97.52228,Oklahoma State,USA
Stephen Curry,GSW,22,190.5,83.91452,Davidson,USA
Spencer Hawes,SAC,22,215.9,111.13004,Washington,USA
Sonny Weems,TOR,23,198.12,92.079176,Arkansas,USA
Solomon Jones,IND,25,208.28,111.13004,South Florida,USA
Shelden Williams,BOS,26,205.74,113.398,Duke,USA
Nenad Krstic,OKC,26,213.36,108.86208,None,Serbia and Montenegro
Shavlik Randolph,MIA,26,208.28,107.047712,Duke,USA
Shaun Livingston,WAS,24,200.66,83.91452,None,USA
Taylor Griffin,PHX,24,200.66,107.954896,Oklahoma,USA
Shaquille O'Neal,CLE,38,215.9,147.4174,Louisiana State,USA
Tayshaun Prince,DET,30,205.74,97.52228,Kentucky,USA
Thabo Sefolosha,OKC,26,200.66,97.52228,None,Switzerland
Tyler Hansbrough,IND,24,205.74,113.398,North Carolina,USA
Ty Lawson,DEN,22,180.34,88.45044,North Carolina,USA
Troy Murphy,IND,30,210.82,111.13004,Notre Dame,USA
Trey Gilder,MEM,25,205.74,92.98636,Northwestern State,USA
Trevor Ariza,HOU,24,203.2,95.25432,UCLA,USA
Trenton Hassell,NJN,31,195.58,102.965384,Austin Peay,USA
Travis Outlaw,LAC,25,205.74,93.893544,None,USA
Travis Diener,POR,28,185.42,79.3786,Marquette,USA
Tracy McGrady,NYK,31,203.2,101.151016,None,USA
Tony Parker,SAS,28,187.96,81.64656,None,France
Tony Battie,NJN,34,210.82,108.86208,Texas Tech,USA
Tony Allen,BOS,28,193.04,96.615096,Oklahoma State,USA
Toney Douglas,NYK,24,185.42,90.7184,Florida State,USA
Tim Thomas,DAL,33,208.28,108.86208,Villanova,USA
Tim Duncan,SAS,34,210.82,117.93392,Wake Forest,US Virgin Islands
Theo Ratliff,CHA,37,208.28,106.59412,Wyoming,USA
Thaddeus Young,PHI,22,203.2,99.79024,Georgia Tech,USA
Terrence Williams,NJN,23,198.12,99.79024,Louisville,USA
Ben Gordon,DET,27,190.5,90.7184,Connecticut,USA
Shannon Brown,LAL,24,193.04,95.25432,Michigan State,USA
Sergio Rodriguez,NYK,24,190.5,79.832192,None,Spain
Andrei Kirilenko,UTA,29,205.74,102.0582,None,Russia
Andres Nocioni,SAC,30,200.66,102.0582,None,Argentina
Andrew Bogut,MIL,25,213.36,117.93392,Utah,Australia
Andrew Bynum,LAL,22,213.36,129.27372,None,USA
Andris Biedrins,GSW,24,210.82,108.86208,None,Latvia
Antawn Jamison,CLE,34,205.74,106.59412,North Carolina,USA
Anthony Carter,DEN,35,187.96,88.45044,Hawaii,USA
Anthony Johnson,ORL,35,190.5,88.45044,College of Charleston,USA
Anthony Morrow,GSW,24,195.58,95.25432,Georgia Tech,USA
Anthony Parker,CLE,35,198.12,97.52228,Bradley,USA
Anthony Randolph,GSW,20,208.28,95.25432,Louisiana State,USA
Anthony Tolliver,GSW,25,205.74,110.222856,Creighton,USA
Antoine Wright,TOR,26,200.66,97.52228,Texas A&M,USA
Antonio Anderson,OKC,25,198.12,97.52228,Memphis,USA
Antonio McDyess,SAS,35,205.74,111.13004,Alabama,USA
Arron Afflalo,DEN,24,195.58,97.52228,UCLA,USA
Austin Daye,DET,22,210.82,90.7184,Gonzaga,USA
Andrea Bargnani,TOR,24,213.36,113.398,None,Italy
Shane Battier,HOU,31,203.2,99.79024,Duke,USA
Andre Miller,POR,34,187.96,90.7184,Utah,USA
Andray Blatche,WAS,23,210.82,112.490816,None,USA
Serge Ibaka,OKC,20,208.28,106.59412,None,Democratic Republic of the Congo
AJ Price,IND,23,187.96,82.100152,Connecticut,USA
Aaron Brooks,HOU,25,182.88,73.028312,Oregon,USA
Aaron Gray,NOH,25,213.36,122.46984,Pittsburgh,USA
Acie Law,CHI,25,190.5,91.625584,Texas A&M,USA
Adam Morrison,LAL,25,203.2,92.98636,Gonzaga,USA
Al Harrington,NYK,30,205.74,113.398,None,USA
Al Horford,ATL,24,208.28,111.13004,Florida,Dominican Republic
Al Jefferson,MIN,25,208.28,120.20188,None,USA
Al Thornton,WAS,26,203.2,99.79024,Florida State,USA
Alando Tucker,MIN,26,198.12,92.98636,Wisconsin,USA
Alexis Ajinca,CHA,22,213.36,99.79024,None,France
Allen Iverson,PHI,35,182.88,74.84268,Georgetown,USA
Alonzo Gee,WAS,23,198.12,99.79024,Alabama,USA
Amar'e Stoudemire,PHX,27,208.28,112.944408,None,USA
Amir Johnson,TOR,23,205.74,95.25432,None,USA
Anderson Varejao,CLE,27,210.82,117.93392,None,Brazil
Andre Iguodala,PHI,26,198.12,93.893544,Arizona,USA
Tyreke Evans,SAC,20,198.12,99.79024,Memphis,USA
Nazr Mohammed,CHA,32,208.28,113.398,Kentucky,USA
Nate Robinson,BOS,26,175.26,81.64656,Washington,USA
Garrett Temple,SAS,24,198.12,86.18248,Louisiana State,USA
Francisco Garcia,SAC,28,200.66,88.45044,Louisville,Dominican Republic
Francisco Elson,PHI,34,213.36,108.86208,California,Netherlands
Flip Murray,CHI,30,190.5,90.7184,Shaw,USA
Fabricio Oberto,WAS,35,208.28,111.13004,None,Argentina
Etan Thomas,OKC,32,208.28,117.93392,Syracuse,USA
Ersan Ilyasova,MIL,23,208.28,106.59412,None,Turkey
Erick Dampier,DAL,34,210.82,120.20188,Mississippi State,USA
Eric Maynor,OKC,23,190.5,79.3786,Virginia Commonwealth,USA
Eric Gordon,LAC,21,190.5,100.697424,Indiana,USA
Emeka Okafor,NOH,27,208.28,115.66596,Connecticut,USA
Elton Brand,PHI,31,205.74,115.212368,Duke,USA
Eduardo Najera,DAL,33,203.2,106.59412,Oklahoma,Mexico
George Hill,SAS,24,187.96,81.64656,Indiana Purdue-Indianapolis,USA
Eddy Curry,NYK,27,213.36,133.80964,None,USA
Earl Watson,IND,31,185.42,83.91452,UCLA,USA
Earl Clark,PHX,22,208.28,102.0582,Louisville,USA
Earl Boykins,WAS,34,165.1,60.327736,Eastern Michigan,USA
Earl Barron,NYK,28,213.36,113.398,Memphis,USA
Dwyane Wade,MIA,28,193.04,99.79024,Marquette,USA
Dwight Howard,ORL,24,210.82,120.20188,None,USA
Dwayne Jones,PHX,27,208.28,113.851592,Saint Joseph's,USA
Drew Gooden,LAC,28,208.28,113.398,Kansas,USA
Dorell Wright,MIA,24,205.74,95.25432,None,USA
Donte Greene,SAC,22,210.82,102.511792,Syracuse,USA
Dominic McGuire,SAC,24,205.74,99.79024,Fresno State,USA
Dirk Nowitzki,DAL,32,213.36,111.13004,None,Germany
Devin Harris,NJN,27,190.5,86.18248,Wisconsin,USA
Eddie House,NYK,32,185.42,79.3786,Arizona State,USA
Devin Brown,CHI,31,195.58,95.25432,Texas-San Antonio,USA
Gerald Henderson,CHA,22,195.58,97.52228,Duke,USA
Gilbert Arenas,WAS,28,193.04,97.52228,Arizona,USA
James Singleton,WAS,28,203.2,104.32616,Murray State,USA
James Posey,NOH,33,203.2,98.429464,Xavier,USA
James Jones,MIA,29,203.2,99.79024,Miami (FL),USA
James Johnson,CHI,23,205.74,111.13004,Wake Forest,USA
James Harden,OKC,20,195.58,99.79024,Arizona State,USA
Jameer Nelson,ORL,28,182.88,86.18248,Saint Joseph's,USA
Jamario Moon,CLE,30,203.2,90.7184,Meridian Community College,USA
Jamal Crawford,ATL,30,195.58,90.7184,Michigan,USA
Jamaal Tinsley,MEM,32,190.5,83.91452,Iowa State,USA
Jamaal Magloire,MIA,32,210.82,115.66596,Kentucky,Canada
JaVale McGee,WAS,22,213.36,114.305184,Nevada,USA
JR Smith,DEN,24,198.12,99.79024,None,USA
JJ Redick,ORL,26,193.04,86.18248,Duke,USA
Gerald Wallace,CHA,27,200.66,99.79024,Alabama,USA
JJ Hickson,CLE,21,205.74,109.769264,North Carolina State,USA
J.J. Barea,DAL,26,182.88,79.3786,Northeastern,Puerto Rico
Ime Udoka,SAC,32,195.58,99.79024,Portland State,USA
Ian Mahinmi,SAS,23,210.82,104.32616,None,France
Hilton Armstrong,HOU,25,210.82,106.59412,Connecticut,USA
Henry Walker,NYK,22,198.12,99.79024,Kansas State,USA
Hedo Turkoglu,TOR,31,208.28,99.79024,None,Turkey
Hasheem Thabeet,MEM,23,220.98,121.109064,Connecticut,Tanzania
Hamed Haddadi,MEM,25,218.44,120.20188,None,Iran
Hakim Warrick,CHI,27,205.74,99.336648,Syracuse,USA
Greg Oden,POR,22,213.36,129.27372,Ohio State,USA
Grant Hill,PHX,37,203.2,102.0582,Duke,USA
Goran Dragic,PHX,24,190.5,86.18248,None,Slovenia
Glen Davis,BOS,24,205.74,131.088088,Louisiana State,USA
J.R. Giddens,NYK,25,195.58,97.52228,New Mexico,USA
Devean George,GSW,32,203.2,106.59412,Augsburg,USA
Desmond Mason,SAC,32,195.58,100.697424,Oklahoma State,USA
Derrick Rose,CHI,21,190.5,86.18248,Memphis,USA
Corey Maggette,GSW,30,198.12,102.0582,Duke,USA
Corey Brewer,MIN,24,205.74,85.275296,Florida,USA
Coby Karl,GSW,27,195.58,97.52228,Boise State,USA
Chucky Atkins,DET,35,180.34,83.91452,South Florida,USA
Chuck Hayes,HOU,27,198.12,107.954896,Kentucky,USA
Chris Wilcox,DET,27,208.28,106.59412,Maryland,USA
Chris Richard,CHI,25,205.74,116.119552,Florida,USA
Chris Quinn,NJN,26,187.96,79.3786,Notre Dame,USA
Chris Paul,NOH,25,182.88,79.3786,Wake Forest,USA
Chris Kaman,LAC,28,213.36,120.20188,Central Michigan,USA
Chris Hunter,GSW,25,210.82,108.86208,Michigan,USA
Chris Duhon,NYK,27,185.42,86.18248,Duke,USA
Chris Douglas-Roberts,NJN,23,200.66,95.25432,Memphis,USA
Courtney Lee,NJN,24,195.58,90.7184,Western Kentucky,USA
Chris Bosh,TOR,26,208.28,104.32616,Georgia Tech,USA
Chauncey Billups,DEN,33,190.5,91.625584,Colorado,USA
Chase Budinger,HOU,22,200.66,98.883056,Arizona,USA
Charlie Villanueva,DET,25,210.82,105.233344,Connecticut,USA
Charlie Bell,MIL,31,190.5,90.7184,Michigan State,USA
Channing Frye,PHX,27,210.82,111.13004,Arizona,USA
Cedric Jackson,WAS,24,190.5,86.18248,Cleveland State,USA
Cartier Martin,WAS,25,200.66,99.79024,Kansas State,USA
Caron Butler,DAL,30,200.66,103.418976,Connecticut,USA
Carmelo Anthony,DEN,26,203.2,104.32616,Syracuse,USA
Carlos Delfino,MIL,27,198.12,104.32616,None,Argentina
Carlos Boozer,UTA,28,205.74,120.655472,Duke,USA
Carlos Arroyo,MIA,30,187.96,91.625584,Florida International,Puerto Rico
Carl Landry,SAC,26,205.74,112.490816,Purdue,USA
Chris Andersen,DEN,31,208.28,103.418976,Blinn,USA
Craig Smith,LAC,26,200.66,113.398,Boston College,USA
D.J. Augustin,CHA,22,182.88,81.64656,Texas,USA
DJ Mbenga,LAL,29,213.36,115.66596,None,Democratic Republic of the Congo
Derrick Brown,CHA,22,203.2,102.965384,Xavier,USA
Deron Williams,UTA,26,190.5,93.893544,Illinois,USA
Derek Fisher,LAL,35,185.42,95.25432,Arkansas-Little Rock,USA
Delonte West,CLE,26,190.5,81.64656,Saint Joseph's,USA
DeShawn Stevenson,DAL,29,195.58,98.883056,None,USA
DeSagana Diop,CHA,28,213.36,127.00576,None,Senegal
DeMarre Carroll,MEM,23,203.2,96.161504,Missouri,USA
DeMar DeRozan,TOR,20,200.66,99.79024,Southern California,USA
DeJuan Blair,SAS,21,200.66,120.20188,Pittsburgh,USA
DeAndre Jordan,LAC,21,210.82,113.398,Texas A&M,USA
David West,NOH,29,205.74,108.86208,Xavier,USA
David Lee,NYK,27,205.74,113.398,Florida,USA
David Andersen,HOU,30,210.82,111.13004,None,USA
Darren Collison,NOH,22,182.88,72.57472,UCLA,USA
Darrell Arthur,MEM,22,205.74,106.59412,Kansas,USA
Darnell Jackson,MIL,24,205.74,114.758776,Kansas,USA
Darko Milicic,MIN,25,213.36,124.7378,None,Serbia
Darius Songaila,NOH,32,205.74,112.490816,Wake Forest,Lithuania
Dante Cunningham,POR,23,203.2,104.32616,Villanova,USA
Danny Green,CLE,23,198.12,95.25432,North Carolina,USA
Danny Granger,IND,27,203.2,103.418976,New Mexico,USA
Danilo Gallinari,NYK,21,208.28,102.0582,None,Italy
Daniel Gibson,CLE,24,187.96,90.7184,Texas,USA
Dan Gadzuric,MIL,32,210.82,111.13004,UCLA,Netherlands
Damien Wilkins,MIN,30,198.12,102.0582,Georgia,USA
Dahntay Jones,IND,29,198.12,95.25432,Duke,USA
Daequan Cook,MIA,23,195.58,95.25432,Ohio State,USA
DaJuan Summers,DET,22,203.2,108.86208,Georgetown,USA
DJ White,OKC,23,205.74,113.851592,Indiana,USA
JamesOn Curry,LAC,24,190.5,86.18248,Oklahoma State,USA
Jannero Pargo,CHI,30,185.42,83.91452,Arkansas,USA
Jared Dudley,PHX,24,200.66,102.0582,Boston College,USA
Jared Jeffries,HOU,28,210.82,108.86208,Indiana,USA
Marcus Banks,TOR,28,187.96,92.98636,Nevada-Las Vegas,USA
Marco Belinelli,TOR,24,195.58,90.7184,None,Italy
Marcin Gortat,ORL,26,210.82,108.86208,None,Poland
Marc Gasol,MEM,25,215.9,120.20188,None,Spain
Manu Ginobili,SAS,32,198.12,92.98636,None,Argentina
Malik Hairston,SAS,23,198.12,99.79024,Oregon,USA
Malik Allen,DEN,32,208.28,115.66596,Villanova,USA
Luther Head,IND,27,190.5,83.91452,Illinois,USA
Luol Deng,CHI,25,205.74,99.79024,Duke,United Kingdom
Luke Walton,LAL,30,203.2,106.59412,Arizona,USA
Luke Ridnour,MIL,29,187.96,79.3786,Oregon,USA
Luis Scola,HOU,30,205.74,111.13004,None,Argentina
Luc Mbah a Moute,MIL,23,203.2,104.32616,UCLA,Cameroon
Marcus Camby,POR,36,210.82,106.59412,Massachusetts,USA
Lou Williams,PHI,23,185.42,79.3786,None,USA
Lindsey Hunter,CHI,39,187.96,88.45044,Jackson State,USA
Lester Hudson,MEM,25,190.5,86.18248,Tennessee-Martin,USA
Leon Powe,CLE,26,203.2,108.86208,California,USA
Leandro Barbosa,PHX,27,190.5,91.625584,None,Brazil
LeBron James,CLE,25,203.2,113.398,None,USA
Larry Hughes,CHA,31,195.58,83.91452,Saint Louis,USA
Lamar Odom,LAL,30,208.28,104.32616,Rhode Island,USA
LaMarcus Aldridge,POR,24,210.82,108.86208,Texas,USA
Kyrylo Fesenko,UTA,23,215.9,136.0776,None,Ukraine
Kyle Weaver,OKC,24,198.12,91.171992,Washington State,USA
Kyle Lowry,HOU,24,182.88,92.98636,Villanova,USA
Kyle Korver,UTA,29,200.66,96.161504,Creighton,USA
Kwame Brown,DET,28,210.82,122.46984,None,USA
Lou Amundson,PHX,27,205.74,107.954896,Nevada-Las Vegas,USA
Marcus Haislip,SAS,29,208.28,104.32616,Tennessee,USA
Marcus Landry,BOS,24,200.66,104.32616,Wisconsin,USA
Marcus Thornton,NOH,23,193.04,92.98636,Louisiana State,USA
Morris Peterson,NOH,32,200.66,99.79024,Michigan State,USA
Monta Ellis,GSW,24,190.5,81.64656,None,USA
Mo Williams,CLE,27,185.42,86.18248,Alabama,USA
Mikki Moore,GSW,34,213.36,102.0582,Nebraska,USA
Mike Wilks,OKC,31,177.8,81.64656,Rice,USA
Mike Miller,WAS,30,203.2,98.883056,Florida,USA
Mike James,WAS,35,187.96,85.275296,Duquesne,USA
Mike Harris,HOU,27,198.12,106.59412,Rice,USA
Mike Dunleavy,IND,29,205.74,104.32616,Duke,USA
Mike Conley,MEM,22,185.42,83.91452,Ohio State,USA
Mike Bibby,ATL,32,187.96,88.45044,Arizona,USA
Mickael Pietrus,ORL,28,198.12,97.52228,None,France
Michael Redd,MIL,30,198.12,97.52228,Ohio State,USA
Michael Finley,BOS,37,200.66,102.0582,Wisconsin,USA
Michael Beasley,MIA,21,208.28,106.59412,Kansas State,USA
Metta World Peace,LAL,30,200.66,117.93392,St. John's (NY),USA
Mehmet Okur,UTA,31,210.82,119.294696,None,Turkey
Maurice Evans,ATL,31,195.58,99.79024,Texas,USA
Byron Mullens,OKC,21,213.36,124.7378,Ohio State,USA
Matt Bonner,SAS,30,208.28,108.86208,Florida,USA
Matt Barnes,ORL,30,200.66,102.511792,UCLA,USA
Marvin Williams,ATL,24,205.74,108.86208,North Carolina,USA
Martell Webster,POR,23,200.66,106.59412,None,USA
Marreese Speights,PHI,22,208.28,111.13004,Florida,USA
Marquis Daniels,BOS,29,198.12,90.7184,Auburn,USA
Mario West,ATL,26,195.58,95.25432,Georgia Tech,USA
Mario Chalmers,MIA,24,185.42,86.18248,Kansas,USA
Mardy Collins,LAC,25,198.12,99.79024,Temple,USA
Marcus Williams,MEM,24,190.5,92.98636,Connecticut,USA
Kurt Thomas,MIL,37,205.74,104.32616,Texas Christian,USA
Nathan Jawai,MIN,23,208.28,127.00576,Midland,Australia
Kris Humphries,NJN,25,205.74,106.59412,Minnesota,USA
Kobe Bryant,LAL,31,198.12,92.98636,None,USA
Joel Anthony,MIA,27,205.74,111.13004,Nevada-Las Vegas,Canada
Joe Smith,ATL,34,208.28,102.0582,Maryland,USA
Joe Johnson,ATL,29,200.66,108.86208,Arkansas,USA
Joe Alexander,CHI,23,203.2,104.32616,West Virginia,USA
Jodie Meeks,PHI,22,193.04,94.347136,Kentucky,USA
Joakim Noah,CHI,25,210.82,105.233344,Florida,USA
Jerryd Bayless,POR,21,190.5,90.7184,Arizona,USA
Jerry Stackhouse,MIL,35,198.12,98.883056,North Carolina,USA
Jermaine Taylor,HOU,23,193.04,95.25432,Central Florida,USA
Jermaine O'Neal,MIA,31,210.82,115.66596,None,USA
Jeff Teague,ATL,22,187.96,81.64656,Wake Forest,USA
Jeff Green,OKC,23,205.74,106.59412,Georgetown,USA
Jeff Foster,IND,33,210.82,113.398,Texas State,USA
Joel Przybilla,POR,30,215.9,111.13004,Minnesota,USA
Jeff Ayres,POR,23,205.74,108.86208,Arizona State,USA
Jason Williams,ORL,34,185.42,81.64656,Florida,USA
Jason Thompson,SAC,23,210.82,113.398,Rider,USA
Jason Terry,DAL,32,187.96,81.64656,Arizona,USA
Jason Smith,PHI,24,213.36,108.86208,Colorado State,USA
Jason Richardson,PHX,29,198.12,102.0582,Michigan State,USA
Jason Maxiell,DET,27,200.66,117.93392,Cincinnati,USA
Jason Kidd,DAL,37,193.04,95.25432,California,USA
Jason Kapono,PHI,29,203.2,97.52228,UCLA,USA
Jason Hart,NOH,32,190.5,81.64656,Syracuse,USA
Jason Collins,ATL,31,213.36,115.66596,Stanford,USA
Jarvis Hayes,NJN,28,203.2,103.418976,Georgia,USA
Jarron Collins,PHX,31,210.82,112.944408,Stanford,USA
Jarrett Jack,TOR,26,190.5,89.357624,Georgia Tech,USA
Jawad Williams,CLE,27,205.74,98.883056,North Carolina,USA
Joey Dorsey,SAC,26,203.2,121.562656,Memphis,USA
Joey Graham,DEN,28,200.66,102.0582,Oklahoma State,USA
Johan Petro,DEN,24,213.36,112.037224,None,France
Kirk Hinrich,CHI,29,190.5,86.18248,Kansas,USA
Keyon Dooling,NJN,30,190.5,88.45044,Missouri,USA
Kevin Ollie,OKC,37,187.96,88.45044,Connecticut,USA
Kevin Martin,HOU,27,200.66,83.91452,Western Carolina,USA
Kevin Love,MIN,21,208.28,117.93392,UCLA,USA
Kevin Garnett,BOS,34,210.82,114.758776,None,USA
Kevin Durant,OKC,21,205.74,104.32616,Texas,USA
Kenyon Martin,DEN,32,205.74,108.86208,Cincinnati,USA
Kenny Thomas,SAC,32,200.66,111.13004,New Mexico,USA
Kendrick Perkins,BOS,25,208.28,127.00576,None,USA
Kelenna Azubuike,GSW,26,195.58,99.79024,Kentucky,England
Keith Bogans,SAS,30,195.58,97.52228,Kentucky,USA
Kareem Rush,LAC,29,198.12,97.52228,Missouri,USA
Juwan Howard,POR,37,205.74,114.758776,Michigan,USA
Julian Wright,NOH,23,203.2,102.0582,Kansas,USA
Jrue Holiday,PHI,20,193.04,81.64656,UCLA,USA
Josh Smith,ATL,24,205.74,108.86208,None,USA
Josh Powell,LAL,27,205.74,108.86208,North Carolina State,USA
Josh McRoberts,IND,23,208.28,108.86208,Duke,USA
Josh Howard,WAS,30,200.66,95.25432,Wake Forest,USA
Josh Boone,NJN,25,208.28,108.86208,Connecticut,USA
Jose Calderon,TOR,28,190.5,95.25432,None,Spain
Jordan Hill,HOU,22,208.28,106.59412,Arizona,USA
Jordan Farmar,LAL,23,187.96,81.64656,UCLA,USA
Jonny Flynn,MIN,21,182.88,83.91452,Syracuse,USA
Jonathan Bender,NYK,29,213.36,104.32616,None,USA
Jonas Jerebko,DET,23,208.28,104.779752,None,Sweden
Jon Brockman,SAC,23,200.66,115.66596,Washington,USA
John Salmons,MIL,30,198.12,93.893544,Miami (FL),USA
Kosta Koufos,UTA,21,213.36,120.20188,Ohio State,USA
Tyrus Thomas,CHA,23,208.28,102.0582,Louisiana State,USA
Matt Carroll,DAL,29,198.12,96.161504,Notre Dame,USA
Udonis Haslem,MIA,30,203.2,106.59412,Florida,USA
Tyson Chandler,CHA,27,215.9,106.59412,None,USA
CJ Miles,UTA,23,198.12,102.965384,None,USA
Zydrunas Ilgauskas,CLE,35,220.98,117.93392,None,Lithuania
Zaza Pachulia,ATL,26,210.82,124.7378,None,Georgia
Zach Randolph,MEM,28,205.74,117.93392,Michigan State,USA
Yi Jianlian,NJN,22,213.36,113.398,None,USA
Yakhouba Diawara,MIA,27,200.66,102.0582,Pepperdine,USA
C.J. Watson,GSW,26,187.96,79.3786,Tennessee,USA
Willie Green,PHI,28,190.5,91.171992,Detroit Mercy,USA
Vince Carter,ORL,33,198.12,99.79024,North Carolina,USA
Wilson Chandler,NYK,23,203.2,102.0582,DePaul,USA
Wayne Ellington,MIN,22,193.04,90.7184,North Carolina,USA
Vladimir Radmanovic,GSW,29,208.28,106.59412,None,Serbia
Will Bynum,DET,27,182.88,83.91452,Georgia Tech,USA
Will Conroy,HOU,27,187.96,88.45044,Washington,USA
Wesley Matthews,UTA,23,195.58,99.79024,Marquette,USA
JR Smith,DEN,25,198.12,99.79024,None,USA
JaVale McGee,WAS,23,213.36,114.305184,Nevada,USA
Jamaal Magloire,MIA,33,210.82,115.66596,Kentucky,Canada
James Posey,IND,34,203.2,98.429464,Xavier,USA
Jamario Moon,LAC,31,203.2,92.98636,Meridian Community College,USA
Jameer Nelson,ORL,29,182.88,86.18248,Saint Joseph's,USA
James Anderson,SAS,22,198.12,97.52228,Oklahoma State,USA
James Harden,OKC,21,195.58,99.79024,Arizona State,USA
James Johnson,TOR,24,205.74,111.13004,Wake Forest,USA
James Jones,MIA,30,203.2,97.52228,Miami (FL),USA
Jamal Crawford,ATL,31,195.58,90.7184,Michigan,USA
Jarrett Jack,NOH,27,190.5,89.357624,Georgia Tech,USA
Jared Jeffries,NYK,29,210.82,108.86208,Indiana,USA
JJ Redick,ORL,27,193.04,86.18248,Duke,USA
Jarron Collins,POR,32,210.82,112.944408,Stanford,USA
Jason Collins,ATL,32,213.36,115.66596,Stanford,USA
Jason Kapono,PHI,30,203.2,97.52228,UCLA,USA
Jason Kidd,DAL,38,193.04,95.25432,California,USA
Jason Maxiell,DET,28,200.66,117.93392,Cincinnati,USA
Jason Richardson,ORL,30,198.12,102.0582,Michigan State,USA
Jason Smith,NOH,25,213.36,108.86208,Colorado State,USA
Jason Terry,DAL,33,187.96,81.64656,Arizona,USA
Jason Thompson,SAC,24,210.82,113.398,Rider,USA
Jared Dudley,PHX,25,200.66,102.0582,Boston College,USA
JJ Hickson,CLE,22,205.74,109.769264,North Carolina State,USA
Ike Diogu,LAC,27,205.74,113.398,Arizona State,USA
Ish Smith,MEM,22,182.88,79.3786,Wake Forest,USA
Gary Forbes,DEN,26,200.66,99.79024,Massachusetts,Panama
Gary Neal,SAS,26,193.04,95.25432,Towson,USA
George Hill,SAS,25,187.96,81.64656,Indiana Purdue-Indianapolis,USA
Gerald Henderson,CHA,23,193.04,97.52228,Duke,USA
Gerald Wallace,POR,28,200.66,99.79024,Alabama,USA
Gilbert Arenas,ORL,29,193.04,97.52228,Arizona,USA
Glen Davis,BOS,25,205.74,131.088088,Louisiana State,USA
Goran Dragic,HOU,25,190.5,86.18248,None,Slovenia
Gordon Hayward,UTA,21,203.2,93.893544,Butler,USA
Grant Hill,PHX,38,203.2,102.0582,Duke,USA
Greg Monroe,DET,21,210.82,113.398,Georgetown,USA
Greivis Vasquez,MEM,24,198.12,95.707912,Maryland,Venezuela
Hakim Warrick,PHX,28,205.74,99.336648,Syracuse,USA
Hamady Ndiaye,WAS,24,213.36,106.59412,Rutgers,Senegal
Hamed Haddadi,MEM,26,218.44,120.20188,None,Iran
Hasheem Thabeet,HOU,24,220.98,119.294696,Connecticut,Tanzania
Hassan Whiteside,SAC,22,213.36,106.59412,Marshall,USA
Hedo Turkoglu,ORL,32,208.28,99.79024,None,Turkey
Henry Walker,NYK,23,198.12,99.79024,Kansas State,USA
Hilton Armstrong,ATL,26,210.82,106.59412,Connecticut,USA
Ian Mahinmi,DAL,24,210.82,104.32616,None,France
Jason Williams,MEM,35,185.42,81.64656,Florida,USA
Ime Udoka,SAS,33,195.58,99.79024,Portland State,USA
J.J. Barea,DAL,27,182.88,79.3786,Northeastern,Puerto Rico
Jawad Williams,CLE,28,205.74,102.0582,North Carolina,USA
Jeff Teague,ATL,23,187.96,81.64656,Wake Forest,USA
Jeff Foster,IND,34,210.82,113.398,Texas State,USA
Josh Howard,WAS,31,200.66,95.25432,Wake Forest,USA
Josh McRoberts,IND,24,208.28,108.86208,Duke,USA
Josh Powell,ATL,28,205.74,108.86208,North Carolina State,USA
Josh Smith,ATL,25,205.74,108.86208,None,USA
Jrue Holiday,PHI,21,193.04,81.64656,UCLA,USA
Julian Wright,TOR,24,203.2,102.0582,Kansas,USA
Juwan Howard,MIA,38,205.74,113.398,Michigan,USA
Keith Bogans,CHI,31,195.58,97.52228,Kentucky,USA
Kendrick Perkins,OKC,26,208.28,127.00576,None,USA
Kenyon Martin,DEN,33,205.74,108.86208,Cincinnati,USA
Kevin Durant,OKC,22,205.74,104.32616,Texas,USA
Kevin Garnett,BOS,35,210.82,114.758776,None,USA
Kevin Love,MIN,22,208.28,117.93392,UCLA,USA
Kevin Martin,HOU,28,200.66,83.91452,Western Carolina,USA
Kevin Seraphin,WAS,21,205.74,124.7378,Le Moyne,France
Keyon Dooling,MIL,31,190.5,88.45044,Missouri,USA
Kirk Hinrich,ATL,30,193.04,86.18248,Kansas,USA
Kobe Bryant,LAL,32,198.12,92.98636,None,USA
Kosta Koufos,DEN,22,213.36,120.20188,Ohio State,USA
Kris Humphries,NJN,26,205.74,106.59412,Minnesota,USA
Kurt Thomas,CHI,38,205.74,104.32616,Texas Christian,USA
Kwame Brown,CHA,29,210.82,122.46984,None,USA
Kyle Korver,CHI,30,200.66,96.161504,Creighton,USA
Josh Childress,PHX,28,203.2,94.800728,Stanford,USA
Jeff Adrien,GSW,25,201,111,Connecticut,USA
Jose Calderon,TOR,29,190.5,95.25432,None,Spain
Jordan Farmar,NJN,24,187.96,81.64656,UCLA,USA
Jeff Green,BOS,24,205.74,106.59412,Georgetown,USA
Garrett Temple,CHA,25,198.12,88.45044,Louisiana State,USA
Jeremy Evans,UTA,23,205.74,88.904032,Western Kentucky,USA
Jeremy Lin,GSW,22,190.5,90.7184,Harvard,USA
Jermaine O'Neal,BOS,32,210.82,115.66596,None,USA
Jermaine Taylor,SAC,24,193.04,95.25432,Central Florida,USA
Jerry Stackhouse,MIA,36,198.12,98.883056,North Carolina,USA
Jerryd Bayless,TOR,22,190.5,90.7184,Arizona,USA
Joakim Noah,CHI,26,210.82,105.233344,Florida,USA
Jodie Meeks,PHI,23,193.04,94.347136,Kentucky,USA
Joe Johnson,ATL,30,200.66,108.86208,Arkansas,USA
Joe Smith,LAL,35,208.28,102.0582,Maryland,USA
Joel Anthony,MIA,28,205.74,111.13004,Nevada-Las Vegas,Canada
Joel Przybilla,CHA,31,215.9,111.13004,Minnesota,USA
Joey Dorsey,TOR,27,203.2,121.562656,Memphis,USA
Joey Graham,CLE,29,200.66,104.32616,Oklahoma State,USA
Johan Petro,NJN,25,213.36,112.037224,None,France
John Lucas III,CHI,28,180.34,74.84268,Oklahoma State,USA
John Salmons,MIL,31,198.12,93.893544,Miami (FL),USA
John Wall,WAS,20,193.04,88.45044,Kentucky,USA
Jon Brockman,MIL,24,200.66,115.66596,Washington,USA
Jonny Flynn,MIN,22,182.88,83.91452,Syracuse,USA
Jordan Crawford,WAS,22,193.04,88.45044,Xavier,USA
Jordan Hill,HOU,23,208.28,106.59412,Arizona,USA
Garret Siler,PHX,24,210.82,138.34556,Augusta State,USA
Francisco Elson,UTA,35,213.36,108.86208,California,Netherlands
Francisco Garcia,SAC,29,200.66,88.45044,Louisville,Dominican Republic
Chris Johnson,POR,25,210.82,95.25432,Louisiana State,USA
Chris Kaman,LAC,29,213.36,120.20188,Central Michigan,USA
Chris Paul,NOH,26,182.88,79.3786,Wake Forest,USA
Chris Quinn,SAS,27,187.96,79.3786,Notre Dame,USA
Chris Wilcox,DET,28,208.28,106.59412,Maryland,USA
Christian Eyenga,CLE,22,195.58,95.25432,None,Congo
Chuck Hayes,HOU,28,198.12,107.954896,Kentucky,USA
Cole Aldrich,OKC,22,210.82,111.13004,Kansas,USA
Corey Brewer,DAL,25,205.74,85.275296,Florida,USA
Corey Maggette,MIL,31,198.12,102.0582,Duke,USA
Courtney Lee,HOU,25,195.58,90.7184,Western Kentucky,USA
Craig Brackins,PHI,23,208.28,104.32616,Iowa State,USA
Craig Smith,LAC,27,200.66,120.20188,Boston College,USA
D.J. Augustin,CHA,23,182.88,81.64656,Texas,USA
DJ Mbenga,NOH,30,213.36,115.66596,None,Democratic Republic of the Congo
DJ White,CHA,24,205.74,113.851592,Indiana,USA
DaJuan Summers,DET,23,203.2,108.86208,Georgetown,USA
Daequan Cook,OKC,24,195.58,95.25432,Ohio State,USA
Dahntay Jones,IND,30,198.12,95.25432,Duke,USA
Damien Wilkins,ATL,31,198.12,102.0582,Georgia,USA
Damion James,NJN,23,200.66,99.79024,Texas,USA
Dan Gadzuric,NJN,33,210.82,108.86208,UCLA,Netherlands
Daniel Gibson,CLE,25,187.96,90.7184,Texas,USA
Chris Duhon,ORL,28,185.42,86.18248,Duke,USA
Chris Douglas-Roberts,MIL,24,200.66,95.25432,Memphis,USA
Chris Bosh,MIA,27,210.82,106.59412,Georgia Tech,USA
Chris Andersen,DEN,32,208.28,103.418976,Blinn,USA
Brandon Jennings,MIL,21,185.42,76.657048,None,USA
Brandon Roy,POR,26,198.12,95.707912,Washington,USA
Brandon Rush,IND,25,198.12,95.25432,Kansas,USA
Brendan Haywood,DAL,31,213.36,119.294696,North Carolina,USA
Brian Cardinal,DAL,34,203.2,108.86208,Purdue,USA
Brian Cook,LAC,30,205.74,113.398,Illinois,USA
Brian Scalabrine,CHI,33,205.74,106.59412,Southern California,USA
Brian Skinner,MIL,35,205.74,115.66596,Baylor,USA
Brook Lopez,NJN,23,213.36,120.20188,Stanford,USA
Byron Mullens,OKC,22,213.36,124.7378,Ohio State,USA
C.J. Watson,CHI,27,187.96,79.3786,Tennessee,USA
Danilo Gallinari,DEN,22,208.28,102.0582,None,Italy
CJ Miles,UTA,24,198.12,105.233344,None,USA
Carlos Arroyo,BOS,31,187.96,90.7184,Florida International,Puerto Rico
Carlos Boozer,CHI,29,205.74,120.655472,Duke,USA
Carlos Delfino,MIL,28,198.12,104.32616,None,Argentina
Carmelo Anthony,NYK,27,203.2,104.32616,Syracuse,USA
Caron Butler,DAL,31,200.66,103.418976,Connecticut,USA
Cartier Martin,WAS,26,200.66,99.79024,Kansas State,USA
Channing Frye,PHX,28,210.82,111.13004,Arizona,USA
Charlie Bell,GSW,32,190.5,90.7184,Michigan State,USA
Charlie Villanueva,DET,26,210.82,105.233344,Connecticut,USA
Chase Budinger,HOU,23,200.66,98.883056,Arizona,USA
Chauncey Billups,NYK,34,190.5,95.25432,Colorado,USA
Carl Landry,NOH,27,205.74,112.490816,Purdue,USA
Danny Granger,IND,28,203.2,103.418976,New Mexico,USA
Danny Green,SAS,24,198.12,95.25432,North Carolina,USA
Dante Cunningham,CHA,24,203.2,104.32616,Villanova,USA
Donte Greene,SAC,23,210.82,102.511792,Syracuse,USA
Dorell Wright,GSW,25,205.74,92.98636,None,USA
Drew Gooden,MIL,29,208.28,113.398,Kansas,USA
Dwight Howard,ORL,25,210.82,120.20188,None,USA
Dwyane Wade,MIA,29,193.04,99.79024,Marquette,USA
Earl Barron,POR,29,213.36,113.398,Memphis,USA
Earl Boykins,MIL,35,165.1,60.327736,Eastern Michigan,USA
Earl Clark,ORL,23,208.28,102.0582,Louisville,USA
Earl Watson,UTA,32,185.42,88.45044,UCLA,USA
Ed Davis,TOR,22,208.28,97.52228,North Carolina,USA
Eddie House,MIA,33,185.42,86.18248,Arizona State,USA
Dominique Jones,DAL,22,195.58,97.52228,South Florida,USA
Eduardo Najera,CHA,34,203.2,106.59412,Oklahoma,Mexico
Elton Brand,PHI,32,205.74,115.212368,Duke,USA
Emeka Okafor,NOH,28,208.28,115.66596,Connecticut,USA
Eric Bledsoe,LAC,21,185.42,88.45044,Kentucky,USA
Eric Gordon,LAC,22,190.5,97.52228,Indiana,USA
Eric Maynor,OKC,24,190.5,79.3786,Virginia Commonwealth,USA
Erick Dampier,MIA,35,210.82,120.20188,Mississippi State,USA
Ersan Ilyasova,MIL,24,208.28,106.59412,None,Turkey
Etan Thomas,ATL,33,208.28,117.93392,Syracuse,USA
Evan Turner,PHI,22,200.66,92.98636,Ohio State,USA
Fabricio Oberto,POR,36,208.28,111.13004,None,Argentina
Kyle Lowry,HOU,25,182.88,92.98636,Villanova,USA
Ekpe Udoh,GSW,24,208.28,111.13004,Baylor,USA
Gani Lawal,PHX,22,205.74,106.140528,Georgia Tech,USA
Dominic McGuire,CHA,25,205.74,99.79024,Fresno State,USA
Dexter Pittman,MIA,23,210.82,139.706336,Texas,USA
Darius Songaila,PHI,33,205.74,112.490816,Wake Forest,Lithuania
Darko Milicic,MIN,26,213.36,124.7378,None,Serbia
Darnell Jackson,SAC,25,205.74,114.758776,Kansas,USA
Darrell Arthur,MEM,23,205.74,106.59412,Kansas,USA
Darren Collison,IND,23,182.88,72.57472,UCLA,USA
David Andersen,NOH,31,210.82,112.037224,None,USA
David Lee,GSW,28,205.74,108.86208,Florida,USA
David West,NOH,30,205.74,108.86208,Xavier,USA
DeAndre Jordan,LAC,22,210.82,120.20188,Texas A&M,USA
DeJuan Blair,SAS,22,200.66,122.46984,Pittsburgh,USA
DeMar DeRozan,TOR,21,200.66,99.79024,Southern California,USA
Dirk Nowitzki,DAL,33,213.36,111.13004,None,Germany
DeMarcus Cousins,SAC,20,210.82,122.46984,Kentucky,USA
DeSagana Diop,CHA,29,213.36,127.00576,None,Senegal
DeShawn Stevenson,DAL,30,195.58,98.883056,None,USA
Delonte West,BOS,27,190.5,81.64656,Saint Joseph's,USA
Derek Fisher,LAL,36,185.42,95.25432,Arkansas-Little Rock,USA
Deron Williams,NJN,27,190.5,94.800728,Illinois,USA
Derrick Brown,NYK,23,203.2,99.79024,Xavier,USA
Derrick Caracter,LAL,23,205.74,124.7378,Texas-El Paso,USA
Derrick Favors,UTA,19,208.28,111.583632,Georgia Tech,USA
Derrick Rose,CHI,22,190.5,86.18248,Memphis,USA
Devin Ebanks,LAL,21,205.74,97.52228,West Virginia,USA
Devin Harris,UTA,28,190.5,86.18248,Wisconsin,USA
DeMarre Carroll,HOU,24,203.2,96.161504,Missouri,USA
Kyle Weaver,UTA,25,198.12,91.171992,Washington State,USA
Lance Stephenson,IND,20,195.58,95.25432,Cincinnati,USA
LaMarcus Aldridge,POR,25,210.82,108.86208,Texas,USA
Steve Nash,PHX,37,190.5,80.739376,Santa Clara,Canada
Steve Novak,SAS,28,208.28,108.86208,Marquette,USA
Sundiata Gaines,NJN,25,185.42,90.7184,Georgia,USA
T.J. Ford,IND,28,182.88,74.84268,Texas,USA
Taj Gibson,CHI,26,205.74,102.0582,Southern California,USA
Tayshaun Prince,DET,31,205.74,97.52228,Kentucky,USA
Terrence Williams,HOU,24,198.12,99.79024,Louisville,USA
Thabo Sefolosha,OKC,27,200.66,97.52228,None,Switzerland
Thaddeus Young,PHI,23,203.2,99.79024,Georgia Tech,USA
Theo Ratliff,LAL,38,208.28,106.59412,Wyoming,USA
Tiago Splitter,SAS,26,210.82,108.86208,None,Brazil
Tim Duncan,SAS,35,210.82,115.66596,Wake Forest,US Virgin Islands
Timofey Mozgov,DEN,24,215.9,113.398,None,Russia
Toney Douglas,NYK,25,187.96,83.91452,Florida State,USA
Tony Allen,MEM,29,193.04,96.615096,Oklahoma State,USA
Tony Battie,PHI,35,210.82,108.86208,Texas Tech,USA
Tony Parker,SAS,29,187.96,83.91452,None,France
Tracy McGrady,DET,32,203.2,101.151016,None,USA
Travis Outlaw,NJN,26,205.74,93.893544,None,USA
Trevor Ariza,NOH,25,203.2,95.25432,UCLA,USA
Trevor Booker,WAS,23,203.2,108.86208,Clemson,USA
Andray Blatche,WAS,24,210.82,117.93392,None,USA
Andre Iguodala,PHI,27,198.12,93.893544,Arizona,USA
Steve Blake,LAL,31,190.5,78.017824,Maryland,USA
Andre Miller,POR,35,187.96,90.7184,Utah,USA
Stephen Jackson,CHA,33,203.2,97.52228,Butler Community College,USA
Stephen Curry,GSW,23,190.5,83.91452,Davidson,USA
Ryan Gomes,LAC,28,200.66,111.13004,Providence,USA
Ryan Hollins,CLE,26,213.36,108.86208,UCLA,USA
Sam Young,MEM,26,198.12,99.79024,Pittsburgh,USA
Samardo Samuels,CLE,22,205.74,117.93392,Louisville,Jamaica
Samuel Dalembert,SAC,31,210.82,113.398,Seton Hall,Haiti
Sasha Pavlovic,BOS,27,200.66,106.59412,None,Montenegro
Sasha Vujacic,NJN,27,200.66,92.98636,None,Slovenia
Sean Marks,POR,35,208.28,113.398,California,New Zealand
Sebastian Telfair,MIN,26,182.88,79.3786,None,USA
Semih Erden,CLE,24,210.82,108.86208,None,Turkey
Serge Ibaka,OKC,21,208.28,106.59412,None,Democratic Republic of the Congo
Shane Battier,MEM,32,203.2,99.79024,Duke,USA
Shannon Brown,LAL,25,193.04,95.25432,Michigan State,USA
Shaquille O'Neal,BOS,39,215.9,147.4174,Louisiana State,USA
Shaun Livingston,CHA,25,200.66,83.91452,None,USA
Shawn Marion,DAL,33,200.66,103.418976,Nevada-Las Vegas,USA
Shawne Williams,NYK,25,205.74,104.32616,Memphis,USA
Shelden Williams,NYK,27,205.74,113.398,Duke,USA
Sherron Collins,CHA,24,180.34,92.98636,Kansas,USA
Solomon Alabi,TOR,23,215.9,113.851592,Florida State,Nigeria
Solomon Jones,IND,26,208.28,111.13004,South Florida,USA
Sonny Weems,TOR,24,198.12,92.079176,Arkansas,USA
Spencer Hawes,PHI,23,215.9,111.13004,Washington,USA
Stephen Graham,NJN,29,198.12,97.52228,Oklahoma State,USA
Andrea Bargnani,TOR,25,213.36,113.398,None,Italy
Andrei Kirilenko,UTA,30,205.74,106.59412,None,Russia
Andres Nocioni,PHI,31,200.66,102.0582,None,Argentina
Udonis Haslem,MIA,31,203.2,106.59412,Florida,USA
Vince Carter,PHX,34,198.12,99.79024,North Carolina,USA
Vladimir Radmanovic,GSW,30,208.28,106.59412,None,Serbia
Von Wafer,BOS,25,195.58,94.800728,Florida State,USA
Wayne Ellington,MIN,23,193.04,90.7184,North Carolina,USA
Wesley Johnson,MIN,23,200.66,92.98636,Syracuse,USA
Wesley Matthews,POR,24,195.58,99.79024,Marquette,USA
Will Bynum,DET,28,182.88,83.91452,Georgia Tech,USA
Willie Green,NOH,29,190.5,91.171992,Detroit Mercy,USA
Willie Warren,LAC,21,193.04,92.079176,Oklahoma,USA
Wilson Chandler,DEN,24,203.2,102.0582,DePaul,USA
Xavier Henry,MEM,20,198.12,99.79024,Kansas,USA
Yao Ming,HOU,30,228.6,140.61352,None,China
Yi Jianlian,WAS,23,213.36,113.398,None,USA
Zabian Dowdell,PHX,26,190.5,86.636072,Virginia Tech,USA
Zach Randolph,MEM,29,205.74,117.93392,Michigan State,USA
Zaza Pachulia,ATL,27,210.82,124.7378,None,Georgia
Zydrunas Ilgauskas,MIA,36,220.98,117.93392,None,Lithuania
Brad Miller,HOU,35,213.36,118.387512,Purdue,USA
Boris Diaw,CHA,29,203.2,106.59412,None,France
Bobby Simmons,SAS,31,198.12,106.59412,DePaul,USA
Blake Griffin,LAC,22,208.28,113.851592,Oklahoma,USA
Beno Udrih,SAC,28,190.5,92.98636,None,Slovenia
Tyson Chandler,DAL,28,215.9,106.59412,None,USA
Tyrus Thomas,CHA,24,208.28,102.0582,Louisiana State,USA
Tyreke Evans,SAC,21,198.12,99.79024,Memphis,USA
Tyler Hansbrough,IND,25,205.74,113.398,North Carolina,USA
Andrew Bogut,MIL,26,213.36,117.93392,Utah,Australia
Andrew Bynum,LAL,23,213.36,129.27372,None,USA
Andris Biedrins,GSW,25,213.36,108.86208,None,Latvia
Andy Rautins,NYK,24,193.04,86.18248,Syracuse,USA
Antawn Jamison,CLE,35,205.74,106.59412,North Carolina,USA
Anthony Carter,NYK,36,187.96,88.45044,Hawaii,USA
Anthony Morrow,NJN,25,195.58,95.25432,Georgia Tech,USA
Anthony Parker,CLE,36,198.12,95.25432,Bradley,USA
Anthony Randolph,MIN,21,210.82,102.0582,Louisiana State,USA
Anthony Tolliver,MIN,26,205.74,110.222856,Creighton,USA
Antoine Wright,SAC,27,200.66,97.52228,Texas A&M,USA
Ryan Anderson,ORL,23,208.28,108.86208,California,USA
Antonio Daniels,PHI,36,193.04,92.98636,Bowling Green,USA
Armon Johnson,POR,22,190.5,88.45044,Nevada,USA
Arron Afflalo,DEN,25,195.58,97.52228,UCLA,USA
Austin Daye,DET,23,210.82,90.7184,Gonzaga,USA
Avery Bradley,BOS,20,187.96,81.64656,Texas,USA
Baron Davis,CLE,32,190.5,97.52228,UCLA,USA
Ben Gordon,DET,28,190.5,90.7184,Connecticut,USA
Ben Uzoh,NJN,23,190.5,92.98636,Tulsa,USA
Ben Wallace,DET,36,205.74,108.86208,Virginia Union,USA
Trey Johnson,LAL,26,195.58,98.883056,Jackson State,USA
Troy Murphy,BOS,31,210.82,111.13004,Notre Dame,USA
Ty Lawson,DEN,23,180.34,88.45044,North Carolina,USA
Antonio McDyess,SAS,36,205.74,111.13004,Alabama,USA
Russell Westbrook,OKC,22,190.5,84.821704,UCLA,USA
Rudy Gay,MEM,24,203.2,104.32616,Connecticut,USA
Rudy Fernandez,POR,26,198.12,83.91452,None,Spain
Marcus Thornton,SAC,24,193.04,92.98636,Louisiana State,USA
Mario Chalmers,MIA,25,187.96,86.18248,Kansas,USA
Mario West,NJN,27,195.58,95.25432,Georgia Tech,USA
Marquis Daniels,BOS,30,198.12,90.7184,Auburn,USA
Marreese Speights,PHI,23,208.28,115.66596,Florida,USA
Martell Webster,MIN,24,200.66,106.59412,None,USA
Marvin Williams,ATL,25,205.74,108.86208,North Carolina,USA
Matt Barnes,LAL,31,200.66,102.511792,UCLA,USA
Matt Bonner,SAS,31,208.28,106.59412,Florida,USA
Matt Carroll,CHA,30,198.12,96.161504,Notre Dame,USA
Maurice Ager,MIN,27,195.58,91.625584,Michigan State,USA
Maurice Evans,WAS,32,195.58,99.79024,Texas,USA
Mehmet Okur,UTA,32,210.82,120.20188,None,Turkey
Melvin Ely,DEN,33,208.28,118.387512,Fresno State,USA
Metta World Peace,LAL,31,200.66,117.93392,St. John's (NY),USA
Michael Beasley,MIN,22,208.28,106.59412,Kansas State,USA
Michael Redd,MIL,31,198.12,97.52228,Ohio State,USA
Mickael Pietrus,PHX,29,198.12,97.52228,None,France
Mike Bibby,MIA,33,187.96,88.45044,Arizona,USA
Mike Conley,MEM,23,185.42,83.91452,Ohio State,USA
Mike Dunleavy,IND,30,205.74,104.32616,Duke,USA
Mike Harris,HOU,28,198.12,106.59412,Rice,USA
Mike Miller,MIA,31,203.2,98.883056,Florida,USA
Marcus Cousin,UTA,24,210.82,111.13004,Houston,USA
Marcus Camby,POR,37,210.82,106.59412,Massachusetts,USA
Marcus Banks,TOR,29,187.96,92.98636,Nevada-Las Vegas,USA
Marco Belinelli,NOH,25,195.58,90.7184,None,Italy
Lamar Odom,LAL,31,208.28,104.32616,Rhode Island,USA
Landry Fields,NYK,23,200.66,95.25432,Stanford,USA
Larry Owens,WAS,28,200.66,95.25432,Oral Roberts,USA
Larry Sanders,MIL,22,210.82,106.59412,Virginia Commonwealth,USA
LeBron James,MIA,26,203.2,113.398,None,USA
Leandro Barbosa,TOR,28,190.5,91.625584,None,Brazil
Leon Powe,MEM,27,203.2,108.86208,California,USA
Lester Hudson,WAS,26,190.5,86.18248,Tennessee-Martin,USA
Linas Kleiza,TOR,26,203.2,111.13004,Missouri,Lithuania
Lou Amundson,GSW,28,205.74,102.0582,Nevada-Las Vegas,USA
Lou Williams,PHI,24,185.42,79.3786,None,USA
Mo Williams,LAC,28,185.42,88.45044,Alabama,USA
Luc Mbah a Moute,MIL,24,203.2,104.32616,UCLA,Cameroon
Luke Babbitt,POR,22,205.74,102.0582,Nevada,USA
Luke Harangody,CLE,23,200.66,113.851592,Notre Dame,USA
Luke Ridnour,MIN,30,187.96,79.3786,Oregon,USA
Luke Walton,LAL,31,203.2,106.59412,Arizona,USA
Luol Deng,CHI,26,205.74,99.79024,Duke,United Kingdom
Luther Head,SAC,28,190.5,83.91452,Illinois,USA
Malik Allen,ORL,33,208.28,115.66596,Villanova,USA
Manny Harris,CLE,21,195.58,83.91452,Michigan,USA
Manu Ginobili,SAS,33,198.12,92.98636,None,Argentina
Marc Gasol,MEM,26,215.9,120.20188,None,Spain
Marcin Gortat,PHX,27,210.82,108.86208,None,Poland
Luis Scola,HOU,31,205.74,111.13004,None,Argentina
Kyrylo Fesenko,UTA,24,215.9,127.00576,None,Ukraine
Monta Ellis,GSW,25,190.5,83.91452,None,USA
Mustafa Shakur,WAS,26,193.04,88.45044,Arizona,USA
Rajon Rondo,BOS,25,185.42,77.564232,Kentucky,USA
Ramon Sessions,CLE,25,190.5,86.18248,Nevada,USA
Randy Foye,LAC,27,193.04,96.615096,Villanova,USA
Rashard Lewis,WAS,31,208.28,104.32616,None,USA
Rasual Butler,CHI,32,200.66,97.52228,La Salle,USA
Ray Allen,BOS,35,195.58,92.98636,Connecticut,USA
Raymond Felton,DEN,27,185.42,92.98636,North Carolina,USA
Reggie Evans,TOR,31,203.2,111.13004,Iowa,USA
Reggie Williams,GSW,24,201,86,Virginia Military Institute,USA
Renaldo Balkman,NYK,26,203.2,94.347136,South Carolina,USA
Richard Hamilton,DET,33,200.66,87.543256,Connecticut,USA
Richard Jefferson,SAS,31,200.66,104.32616,Arizona,USA
Robin Lopez,PHX,23,213.36,115.66596,Stanford,USA
Rodney Carney,MEM,27,200.66,92.98636,Memphis,USA
Rodney Stuckey,DET,25,195.58,92.98636,Eastern Washington,USA
Rodrigue Beaubois,DAL,23,187.96,83.91452,None,France
Roger Mason Jr.,NYK,30,195.58,92.98636,Virginia,USA
Ronald Dupree,TOR,30,200.66,94.800728,Louisiana State,USA
Ronnie Brewer,CHI,26,200.66,102.965384,Arkansas,USA
Ronnie Price,UTA,28,187.96,84.821704,Utah Valley,USA
Ronny Turiaf,NYK,28,208.28,111.13004,Gonzaga,France
Roy Hibbert,IND,24,218.44,126.098576,Georgetown,USA
Royal Ivey,OKC,29,193.04,97.52228,Texas,USA
Raja Bell,UTA,34,195.58,93.439952,Florida International,U.S. Virgin Islands
Quinton Ross,NJN,30,198.12,87.543256,Southern Methodist,USA
Quincy Pondexter,NOH,23,198.12,102.0582,Washington,USA
Quentin Richardson,ORL,31,198.12,103.418976,DePaul,USA
Nate Robinson,OKC,27,175.26,81.64656,Washington,USA
Nazr Mohammed,OKC,33,208.28,113.398,Kentucky,USA
Nenad Krstic,BOS,27,213.36,108.86208,None,Serbia and Montenegro
Nene,DEN,28,210.82,113.398,None,Brazil
Nick Collison,OKC,30,208.28,115.66596,Kansas,USA
Nick Young,WAS,26,200.66,95.25432,Southern California,USA
Nicolas Batum,POR,22,203.2,90.7184,None,France
Nikola Pekovic,MIN,25,210.82,110.222856,None,Montenegro
O.J. Mayo,MEM,23,193.04,95.25432,Southern California,USA
Omer Asik,CHI,24,213.36,115.66596,None,Turkey
Omri Casspi,SAC,23,205.74,102.0582,None,Israel
Morris Peterson,OKC,33,200.66,99.79024,Michigan State,USA
Orien Greene,NJN,29,193.04,94.347136,Louisiana-Lafayette,USA
Pape Sy,ATL,23,200.66,102.0582,None,France
Patrick Ewing,NOH,27,203.2,106.59412,Georgetown,USA
Patrick Patterson,HOU,22,205.74,106.59412,Kentucky,USA
Patty Mills,POR,22,182.88,83.91452,Saint Mary's (CA),Australia
Pau Gasol,LAL,30,213.36,113.398,None,Spain
Paul George,IND,21,203.2,95.25432,Fresno State,USA
Paul Millsap,UTA,26,203.2,113.398,Louisiana Tech,USA
Paul Pierce,BOS,33,200.66,106.59412,Kansas,USA
Peja Stojakovic,DAL,34,208.28,103.872568,None,Serbia and Montenegro
Pooh Jeter,SAC,27,180.34,79.3786,Portland,USA
Pops Mensah-Bonsu,NOH,27,205.74,106.59412,George Washington,USA
Othyus Jeffers,WAS,25,195.58,95.25432,Robert Morris (IL),USA
Lazar Hayward,MIN,24,198.12,102.0582,Marquette,USA
Brandan Wright,NJN,23,208.28,95.25432,North Carolina,USA
Amir Johnson,TOR,24,205.74,95.25432,None,USA
AJ Price,IND,24,187.96,82.100152,Connecticut,USA
Aaron Brooks,PHX,26,182.88,73.028312,Oregon,USA
Aaron Gray,NOH,26,213.36,122.46984,Pittsburgh,USA
Brandon Bass,ORL,26,203.2,113.398,Louisiana State,USA
Acie Law,GSW,26,190.5,91.625584,Texas A&M,USA
Al Harrington,DEN,31,205.74,113.398,None,USA
Al Horford,ATL,25,208.28,111.13004,Florida,Dominican Republic
Al Jefferson,UTA,26,208.28,127.00576,None,USA
Al Thornton,GSW,27,203.2,106.59412,Florida State,USA
Al-Farouq Aminu,LAC,20,205.74,97.52228,Wake Forest,USA
Alexis Ajinca,TOR,23,218.44,112.490816,None,France
Alonzo Gee,CLE,24,198.12,99.79024,Alabama,USA
Amar'e Stoudemire,NYK,28,208.28,108.86208,None,USA
Anderson Varejao,CLE,28,210.82,117.93392,None,Brazil
Jimmer Fredette,SAC,23,187.96,88.45044,Brigham Young,USA
AJ Price,IND,25,187.96,83.91452,Connecticut,USA
Jimmy Butler,CHI,22,200.66,99.79024,Marquette,USA
Joakim Noah,CHI,27,210.82,105.233344,Florida,USA
Jodie Meeks,PHI,24,193.04,94.347136,Kentucky,USA
Joe Johnson,ATL,31,200.66,108.86208,Arkansas,USA
Joel Anthony,MIA,29,205.74,111.13004,Nevada-Las Vegas,Canada
Joel Przybilla,POR,32,215.9,111.13004,Minnesota,USA
Johan Petro,NJN,26,213.36,112.037224,None,France
John Lucas III,CHI,29,180.34,74.84268,Oklahoma State,USA
John Salmons,SAC,32,198.12,93.893544,Miami (FL),USA
John Wall,WAS,21,193.04,88.45044,Kentucky,USA
Jon Brockman,MIL,25,200.66,115.66596,Washington,USA
Jon Leuer,MIL,23,208.28,103.418976,Wisconsin,USA
Jonas Jerebko,DET,25,208.28,104.779752,None,Sweden
Jonny Flynn,POR,23,182.88,83.91452,Syracuse,USA
Jerryd Bayless,TOR,23,190.5,94.347136,Arizona,USA
Jerry Stackhouse,ATL,37,198.12,98.883056,North Carolina,USA
Jerry Smith,NJN,24,187.96,86.18248,Louisville,USA
Jerome Jordan,NYK,25,213.36,108.86208,Tulsa,Jamaica
Dahntay Jones,IND,31,198.12,102.0582,Duke,USA
Daequan Cook,OKC,25,195.58,95.25432,Ohio State,USA
DaJuan Summers,NOH,24,203.2,108.86208,Georgetown,USA
DJ White,CHA,25,205.74,106.59412,Indiana,USA
D.J. Kennedy,CLE,22,195.58,97.068688,St. John's (NY),USA
D.J. Augustin,CHA,24,182.88,81.64656,Texas,USA
Craig Smith,POR,28,200.66,120.20188,Boston College,USA
Craig Brackins,PHI,24,208.28,104.32616,Iowa State,USA
Courtney Lee,HOU,26,195.58,90.7184,Western Kentucky,USA
Courtney Fortson,HOU,24,180.34,83.91452,Arkansas,USA
Cory Joseph,SAS,20,190.5,83.91452,Texas,Canada
Cory Higgins,CHA,23,195.58,81.64656,Colorado,USA
Corey Maggette,CHA,32,198.12,102.0582,Duke,USA
Corey Brewer,DEN,26,205.74,85.275296,Florida,USA
Jason Richardson,ORL,31,198.12,102.0582,Michigan State,USA
Jason Smith,NOH,26,213.36,108.86208,Colorado State,USA
Jason Terry,DAL,34,187.96,81.64656,Arizona,USA
Jason Thompson,SAC,25,210.82,113.398,Rider,USA
Jeff Adrien,HOU,26,201,111,Connecticut,USA
Jeff Ayres,IND,25,205.74,108.86208,Arizona State,USA
Jeff Foote,NOH,24,213.36,120.20188,Cornell,USA
Jeff Foster,IND,35,210.82,113.398,Texas State,USA
Jeff Teague,ATL,24,187.96,82.100152,Wake Forest,USA
Jeremy Evans,UTA,24,205.74,87.996848,Western Kentucky,USA
Jeremy Lin,NYK,23,190.5,90.7184,Harvard,USA
Jeremy Pargo,MEM,26,187.96,99.336648,Gonzaga,USA
Jeremy Tyler,GSW,21,208.28,117.93392,None,USA
Jermaine O'Neal,BOS,33,210.82,115.66596,None,USA
Jerome Dyson,NOH,25,190.5,81.64656,Connecticut,USA
Jordan Crawford,WAS,23,193.04,88.45044,Xavier,USA
Damien Wilkins,DET,32,198.12,102.0582,Georgia,USA
Jordan Farmar,NJN,25,187.96,81.64656,UCLA,USA
Jordan Hill,LAL,24,208.28,106.59412,Arizona,USA
Kwame Brown,GSW,30,210.82,122.46984,None,USA
Kyle Korver,CHI,31,200.66,96.161504,Creighton,USA
Kyle Lowry,HOU,26,182.88,92.98636,Villanova,USA
Kyrie Irving,CLE,20,190.5,86.636072,Duke,Australia
Kyrylo Fesenko,IND,25,215.9,127.00576,None,Ukraine
LaMarcus Aldridge,POR,26,210.82,108.86208,Texas,USA
Lamar Odom,DAL,32,208.28,104.32616,Rhode Island,USA
Lance Stephenson,IND,21,195.58,99.79024,Cincinnati,USA
Lance Thomas,NOH,24,203.2,102.0582,Duke,USA
Landry Fields,NYK,24,200.66,97.52228,Stanford,USA
Larry Hughes,ORL,33,195.58,83.91452,Saint Louis,USA
Larry Owens,NJN,29,200.66,95.25432,Oral Roberts,USA
Larry Sanders,MIL,23,210.82,106.59412,Virginia Commonwealth,USA
Lavoy Allen,PHI,23,205.74,102.0582,Temple,USA
Lazar Hayward,OKC,25,198.12,102.0582,Marquette,USA
LeBron James,MIA,27,203.2,113.398,None,USA
Leandro Barbosa,IND,29,190.5,87.996848,None,Brazil
Lester Hudson,MEM,27,190.5,86.18248,Tennessee-Martin,USA
Linas Kleiza,TOR,27,203.2,106.140528,Missouri,Lithuania
Lou Amundson,IND,29,205.74,102.0582,Nevada-Las Vegas,USA
Lou Williams,PHI,25,185.42,79.3786,None,USA
Luc Mbah a Moute,MIL,25,203.2,104.32616,UCLA,Cameroon
Luis Scola,HOU,32,205.74,111.13004,None,Argentina
Luke Babbitt,POR,23,205.74,102.0582,Nevada,USA
Luke Harangody,CLE,24,200.66,111.13004,Notre Dame,USA
Luke Ridnour,MIN,31,187.96,79.3786,Oregon,USA
Luke Walton,CLE,32,203.2,106.59412,Arizona,USA
Luol Deng,CHI,27,205.74,99.79024,Duke,United Kingdom
Malcolm Lee,MIN,22,195.58,90.7184,UCLA,USA
Kurt Thomas,POR,39,205.74,104.32616,Texas Christian,USA
Kris Humphries,NJN,27,205.74,106.59412,Minnesota,USA
Kosta Koufos,DEN,23,213.36,120.20188,Ohio State,USA
Kobe Bryant,LAL,33,198.12,92.98636,None,USA
Jordan Williams,NJN,21,208.28,117.93392,Maryland,USA
Jose Calderon,TOR,30,190.5,95.707912,None,Spain
Josh Childress,PHX,29,203.2,95.25432,Stanford,USA
Josh Davis,MEM,31,203.2,106.59412,Wyoming,USA
Josh Harrellson,NYK,23,208.28,124.7378,Kentucky,USA
Josh Howard,UTA,32,200.66,95.25432,Wake Forest,USA
Josh McRoberts,LAL,25,208.28,108.86208,Duke,USA
Josh Selby,MEM,21,187.96,83.007336,Kansas,USA
Josh Smith,ATL,26,205.74,102.0582,None,USA
Jrue Holiday,PHI,22,193.04,81.64656,UCLA,USA
Julyan Stone,DEN,23,198.12,90.7184,Texas-El Paso,USA
Justin Dentmon,TOR,26,180.34,83.91452,Washington,USA
Justin Harper,ORL,22,208.28,102.0582,Richmond,USA
Juwan Howard,MIA,39,205.74,113.398,Michigan,USA
Jordan Hamilton,DEN,21,200.66,99.79024,Texas,USA
Kawhi Leonard,SAS,21,200.66,102.0582,San Diego State,USA
Keith Bogans,NJN,32,195.58,97.52228,Kentucky,USA
Kelenna Azubuike,DAL,28,195.58,97.52228,Kentucky,England
Kemba Walker,CHA,22,185.42,83.460928,Connecticut,USA
Kendrick Perkins,OKC,27,208.28,122.46984,None,USA
Kenneth Faried,DEN,22,203.2,103.418976,Morehead State,USA
Kenyon Martin,LAC,34,205.74,108.86208,Cincinnati,USA
Kevin Durant,OKC,23,205.74,106.59412,Texas,USA
Kevin Garnett,BOS,36,210.82,114.758776,None,USA
Kevin Love,MIN,23,208.28,117.93392,UCLA,USA
Kevin Martin,HOU,29,200.66,83.91452,Western Carolina,USA
Kevin Seraphin,WAS,22,205.74,124.7378,Le Moyne,France
Keyon Dooling,BOS,32,190.5,88.45044,Missouri,USA
Kirk Hinrich,ATL,31,193.04,86.18248,Kansas,USA
Klay Thompson,GSW,22,200.66,92.98636,Washington State,USA
Keith Benson,GSW,23,210.82,104.32616,Oakland,USA
Damion James,NJN,24,200.66,102.0582,Texas,USA
Dante Cunningham,MEM,25,203.2,104.32616,Villanova,USA
Daniel Gibson,CLE,26,187.96,90.7184,Texas,USA
Hedo Turkoglu,ORL,33,208.28,99.79024,None,Turkey
Hassan Whiteside,SAC,23,213.36,106.59412,Marshall,USA
Hasheem Thabeet,POR,25,220.98,119.294696,Connecticut,Tanzania
Hamed Haddadi,MEM,27,218.44,120.20188,None,Iran
Hamady Ndiaye,WAS,25,213.36,106.59412,Rutgers,Senegal
Hakim Warrick,PHX,29,205.74,99.336648,Syracuse,USA
Gustavo Ayon,NOH,27,208.28,113.398,None,Mexico
Greivis Vasquez,NOH,25,198.12,95.707912,Maryland,Venezuela
Greg Stiemsma,BOS,26,210.82,117.93392,Wisconsin,USA
Greg Smith,HOU,21,208.28,113.398,Fresno State,USA
Greg Monroe,DET,22,210.82,113.398,Georgetown,USA
Grant Hill,PHX,39,203.2,102.0582,Duke,USA
Henry Walker,NYK,24,198.12,106.59412,Kansas State,USA
Gordon Hayward,UTA,22,203.2,95.25432,Butler,USA
Glen Davis,ORL,26,205.74,131.088088,Louisiana State,USA
Gilbert Arenas,MEM,30,193.04,97.52228,Arizona,USA
Gerald Wallace,NJN,29,200.66,99.79024,Alabama,USA
Gerald Henderson,CHA,24,195.58,97.52228,Duke,USA
Gerald Green,NJN,26,203.2,90.7184,None,USA
George Hill,IND,26,187.96,81.64656,Indiana Purdue-Indianapolis,USA
Gary Neal,SAS,27,193.04,95.25432,Towson,USA
Gary Forbes,TOR,27,200.66,99.79024,Massachusetts,Panama
Francisco Garcia,SAC,30,200.66,88.45044,Louisville,Dominican Republic
Francisco Elson,PHI,36,213.36,108.86208,California,Netherlands
Evan Turner,PHI,23,200.66,92.98636,Ohio State,USA
Ersan Ilyasova,MIL,25,208.28,106.59412,None,Turkey
Goran Dragic,HOU,26,190.5,86.18248,None,Slovenia
Erick Dampier,ATL,36,210.82,120.20188,Mississippi State,USA
Ian Mahinmi,DAL,25,210.82,104.32616,None,France
Iman Shumpert,NYK,22,195.58,99.79024,Georgia Tech,USA
Jason Kapono,LAL,31,203.2,97.52228,UCLA,USA
Jason Collins,ATL,33,213.36,115.66596,Stanford,USA
Jarrett Jack,NOH,28,190.5,89.357624,Georgia Tech,USA
Jared Jeffries,NYK,30,210.82,108.86208,Indiana,USA
Jared Dudley,PHX,26,200.66,102.0582,Boston College,USA
Jannero Pargo,ATL,32,185.42,83.91452,Arkansas,USA
Jan Vesely,WAS,22,210.82,108.86208,None,Czech Republic
James Singleton,WAS,30,203.2,104.32616,Murray State,USA
James Jones,MIA,31,203.2,97.52228,Miami (FL),USA
James Johnson,TOR,25,205.74,112.490816,Wake Forest,USA
James Harden,OKC,22,195.58,99.79024,Arizona State,USA
James Anderson,SAS,23,198.12,97.52228,Oklahoma State,USA
Ike Diogu,SAS,28,205.74,113.398,Arizona State,USA
Jameer Nelson,ORL,30,182.88,86.18248,Saint Joseph's,USA
Jamal Crawford,POR,32,195.58,90.7184,Michigan,USA
Jamaal Tinsley,UTA,34,190.5,89.357624,Iowa State,USA
Jamaal Magloire,TOR,34,210.82,120.20188,Kentucky,Canada
JaVale McGee,DEN,24,213.36,114.305184,Nevada,USA
JaJuan Johnson,BOS,23,208.28,100.243832,Purdue,USA
JR Smith,NYK,26,198.12,99.79024,None,USA
JJ Redick,ORL,28,193.04,86.18248,Duke,USA
JJ Hickson,POR,23,205.74,109.769264,North Carolina State,USA
J.J. Barea,MIN,28,182.88,79.3786,Northeastern,Puerto Rico
Ivan Johnson,ATL,28,203.2,115.66596,Cal State-San Bernardino,USA
Ish Smith,ORL,23,182.88,79.3786,Wake Forest,USA
Isaiah Thomas,SAC,23,175.26,83.91452,Washington,USA
Jamario Moon,CHA,32,203.2,92.98636,Meridian Community College,USA
Dan Gadzuric,NYK,34,210.82,108.86208,UCLA,Netherlands
Eric Maynor,OKC,25,190.5,79.3786,Virginia Commonwealth,USA
Eric Dawson,SAS,27,205.74,113.398,Midwestern State,USA
Derrick Byars,SAS,28,200.66,99.79024,Vanderbilt,USA
Derrick Brown,CHA,24,203.2,105.686936,Xavier,USA
Deron Williams,NJN,28,190.5,94.800728,Illinois,USA
Derek Fisher,OKC,37,185.42,95.25432,Arkansas-Little Rock,USA
Dennis Horner,NJN,24,205.74,104.32616,North Carolina State,USA
Delonte West,DAL,28,190.5,81.64656,Saint Joseph's,USA
DeShawn Stevenson,NJN,31,195.58,98.883056,None,USA
DeSagana Diop,CHA,30,213.36,127.00576,None,Senegal
DeMarre Carroll,UTA,25,203.2,96.161504,Missouri,USA
DeMarcus Cousins,SAC,21,210.82,122.46984,Kentucky,USA
DeMar DeRozan,TOR,22,200.66,97.975872,Southern California,USA
DeJuan Blair,SAS,23,200.66,122.46984,Pittsburgh,USA
Derrick Favors,UTA,20,208.28,112.490816,Georgia Tech,USA
DeAndre Liggins,ORL,24,198.12,94.800728,Kentucky,USA
David West,IND,31,205.74,108.86208,Xavier,USA
David Lee,GSW,29,205.74,108.86208,Florida,USA
Darryl Watkins,NOH,27,210.82,117.026736,Syracuse,USA
Darren Collison,IND,24,182.88,72.57472,UCLA,USA
Darko Milicic,MIN,27,213.36,124.7378,None,Serbia
Darius Morris,LAL,21,193.04,86.18248,Michigan,USA
Darington Hobson,MIL,24,200.66,95.25432,New Mexico,USA
Malcolm Thomas,SAS,23,205.74,102.0582,San Diego State,USA
Danny Green,SAS,25,198.12,95.25432,North Carolina,USA
Danny Granger,IND,29,203.2,103.418976,New Mexico,USA
Danilo Gallinari,DEN,23,208.28,102.0582,None,Italy
Daniel Orton,ORL,21,208.28,115.66596,Kentucky,USA
DeAndre Jordan,LAC,23,210.82,120.20188,Texas A&M,USA
Eric Gordon,NOH,23,190.5,97.52228,Indiana,USA
Derrick Rose,CHI,23,190.5,86.18248,Memphis,USA
Devin Ebanks,LAL,22,205.74,97.52228,West Virginia,USA
Eric Bledsoe,LAC,22,185.42,88.45044,Kentucky,USA
Enes Kanter,UTA,20,210.82,121.109064,Kentucky,Turkey
Emeka Okafor,NOH,29,208.28,115.66596,Connecticut,USA
Elton Brand,PHI,33,205.74,115.212368,Duke,USA
Elliot Williams,POR,23,196,86,Memphis,USA
Ekpe Udoh,MIL,25,208.28,111.13004,Baylor,USA
Edwin Ubiles,WAS,25,198.12,92.532768,Siena,Puerto Rico
Eduardo Najera,CHA,35,203.2,106.59412,Oklahoma,Mexico
Eddy Curry,MIA,29,213.36,133.80964,None,USA
Ed Davis,TOR,23,208.28,105.233344,North Carolina,USA
Earl Watson,UTA,33,185.42,90.264808,UCLA,USA
Earl Clark,ORL,24,208.28,102.0582,Louisville,USA
Derrick Williams,MIN,21,203.2,109.315672,Arizona,USA
Earl Boykins,HOU,36,165.1,60.327736,Eastern Michigan,USA
E'Twaun Moore,BOS,23,193.04,86.636072,Purdue,USA
Dwyane Wade,MIA,30,193.04,99.79024,Marquette,USA
Dwight Howard,ORL,26,210.82,120.20188,None,USA
Drew Gooden,MIL,30,208.28,113.398,Kansas,USA
Dorell Wright,GSW,26,205.74,92.98636,None,USA
Donte Greene,SAC,24,210.82,102.511792,Syracuse,USA
Donald Sloan,CLE,24,190.5,92.98636,Texas A&M,USA
Dominique Jones,DAL,23,195.58,97.52228,South Florida,USA
Dominic McGuire,GSW,26,205.74,106.59412,Fresno State,USA
Dirk Nowitzki,DAL,34,213.36,111.13004,None,Germany
Dexter Pittman,MIA,24,210.82,129.27372,Texas,USA
Devin Harris,UTA,29,190.5,87.089664,Wisconsin,USA
Earl Barron,GSW,30,213.36,113.398,Memphis,USA
Manny Harris,CLE,22,195.58,83.91452,Michigan,USA
Marcus Thornton,SAC,25,193.04,92.98636,Louisiana State,USA
MarShon Brooks,NJN,23,195.58,90.7184,Providence,USA
Xavier Henry,NOH,21,198.12,99.79024,Kansas,USA
Xavier Silas,PHI,24,195.58,92.98636,Northern Illinois,USA
Yi Jianlian,DAL,24,213.36,113.398,None,USA
Zach Randolph,MEM,30,205.74,117.93392,Michigan State,USA
Zaza Pachulia,ATL,28,210.82,124.7378,None,Georgia
Cole Aldrich,OKC,23,210.82,108.86208,Kansas,USA
Chuck Hayes,SAC,29,198.12,113.398,Kentucky,USA
Christian Eyenga,LAL,23,200.66,95.25432,None,Congo
Chris Wright,GSW,23,203.2,102.511792,Dayton,USA
Chris Wilcox,BOS,29,208.28,106.59412,Maryland,USA
Chris Singleton,WAS,22,203.2,104.32616,Florida State,USA
Chris Paul,LAC,27,182.88,79.3786,Wake Forest,USA
Wilson Chandler,DEN,25,203.2,102.0582,DePaul,USA
Chris Kaman,NOH,30,213.36,120.20188,Central Michigan,USA
Chris Duhon,ORL,29,185.42,86.18248,Duke,USA
Chris Bosh,MIA,28,210.82,106.59412,Georgia Tech,USA
Chris Andersen,DEN,33,208.28,103.418976,Blinn,USA
Chauncey Billups,LAC,35,190.5,95.25432,Colorado,USA
Chase Budinger,HOU,24,200.66,98.883056,Arizona,USA
Charlie Villanueva,DET,27,210.82,105.233344,Connecticut,USA
Charles Jenkins,GSW,23,190.5,99.79024,Hofstra,USA
Channing Frye,PHX,29,210.82,111.13004,Arizona,USA
Chandler Parsons,HOU,23,205.74,102.965384,Florida,USA
Cartier Martin,WAS,27,200.66,99.79024,Kansas State,USA
Caron Butler,LAC,32,200.66,103.418976,Connecticut,USA
Carmelo Anthony,NYK,28,203.2,104.32616,Syracuse,USA
Chris Johnson,NOH,26,210.82,95.25432,Louisiana State,USA
Carlos Delfino,MIL,29,198.12,104.32616,None,Argentina
Willie Green,ATL,30,190.5,91.171992,Detroit Mercy,USA
Wesley Matthews,POR,25,195.58,99.79024,Marquette,USA
Tony Allen,MEM,30,193.04,96.615096,Oklahoma State,USA
Tony Battie,PHI,36,210.82,108.86208,Texas Tech,USA
Tony Parker,SAS,30,187.96,83.91452,None,France
Tracy McGrady,ATL,33,203.2,102.0582,None,USA
Travis Leslie,LAC,22,193.04,92.98636,Georgia,USA
Travis Outlaw,SAC,27,205.74,93.893544,None,USA
Trevor Ariza,NOH,27,203.2,95.25432,UCLA,USA
Trevor Booker,WAS,24,203.2,108.86208,Clemson,USA
Trey Johnson,NOH,27,195.58,97.52228,Jackson State,USA
Trey Thompkins,LAC,22,208.28,111.13004,Georgia,USA
Tristan Thompson,CLE,21,205.74,102.965384,Texas,Canada
Troy Murphy,LAL,32,210.82,111.13004,Notre Dame,USA
Will Bynum,DET,29,182.88,83.91452,Georgia Tech,USA
Ty Lawson,DEN,24,180.34,88.45044,North Carolina,USA
Tyler Honeycutt,SAC,21,203.2,85.275296,UCLA,USA
Tyreke Evans,SAC,22,198.12,99.79024,Memphis,USA
Tyrus Thomas,CHA,25,208.28,102.0582,Louisiana State,USA
Tyson Chandler,NYK,29,215.9,108.86208,None,USA
Udonis Haslem,MIA,32,203.2,106.59412,Florida,USA
Vernon Macklin,DET,25,208.28,102.965384,Florida,USA
Vince Carter,DAL,35,198.12,99.79024,North Carolina,USA
Vladimir Radmanovic,ATL,31,208.28,106.59412,None,Serbia
Von Wafer,ORL,26,195.58,94.800728,Florida State,USA
Walker Russell,DET,29,182.88,77.11064,Jacksonville State,USA
Wayne Ellington,MIN,24,193.04,90.7184,North Carolina,USA
Wesley Johnson,MIN,24,200.66,97.52228,Syracuse,USA
Tyler Hansbrough,IND,26,205.74,113.398,North Carolina,USA
Toney Douglas,NYK,26,187.96,83.91452,Florida State,USA
Carlos Boozer,CHI,30,205.74,120.655472,Duke,USA
Carl Landry,NOH,28,205.74,112.490816,Purdue,USA
Anthony Randolph,MIN,22,210.82,102.0582,Louisiana State,USA
Anthony Parker,CLE,37,198.12,95.25432,Bradley,USA
Anthony Morrow,NJN,26,195.58,95.25432,Georgia Tech,USA
Anthony Carter,TOR,37,185.42,86.18248,Hawaii,USA
Antawn Jamison,CLE,36,205.74,106.59412,North Carolina,USA
Andris Biedrins,GSW,26,213.36,109.769264,None,Latvia
Andrew Goudelock,LAL,23,190.5,90.7184,College of Charleston,USA
Andrew Bynum,LAL,24,213.36,129.27372,None,USA
Andrew Bogut,MIL,27,213.36,117.93392,Utah,Australia
Andres Nocioni,PHI,32,200.66,102.0582,None,Argentina
Andrea Bargnani,TOR,26,213.36,116.119552,None,Italy
Andre Miller,DEN,36,187.96,90.7184,Utah,USA
Anthony Tolliver,MIN,27,203.2,108.86208,Creighton,USA
Andre Iguodala,PHI,28,198.12,93.893544,Arizona,USA
Andray Blatche,WAS,25,210.82,117.93392,None,USA
Anderson Varejao,CLE,29,210.82,117.93392,None,Brazil
Amir Johnson,TOR,25,205.74,95.25432,None,USA
Amar'e Stoudemire,NYK,29,210.82,117.93392,None,USA
Alonzo Gee,CLE,25,198.12,99.336648,Alabama,USA
Alec Burks,UTA,20,198.12,91.625584,Colorado,USA
Alan Anderson,TOR,29,198.12,99.79024,Michigan State,USA
Al-Farouq Aminu,NOH,21,205.74,97.52228,Wake Forest,USA
Al Jefferson,UTA,27,208.28,131.088088,None,USA
Al Horford,ATL,26,208.28,113.398,Florida,Dominican Republic
Al Harrington,DEN,32,205.74,113.398,None,USA
Aaron Gray,TOR,27,213.36,122.46984,Pittsburgh,USA
Andre Emmett,NJN,29,195.58,104.32616,Texas Tech,USA
Carldell Johnson,NOH,29,177.8,81.64656,Alabama-Birmingham,USA
Armon Johnson,NJN,23,190.5,88.45044,Nevada,USA
Austin Daye,DET,24,210.82,90.7184,Gonzaga,USA
CJ Miles,UTA,25,198.12,100.697424,None,USA
C.J. Watson,CHI,28,187.96,79.3786,Tennessee,USA
Byron Mullens,CHA,23,213.36,124.7378,Ohio State,USA
Brook Lopez,NJN,24,213.36,120.20188,Stanford,USA
Brian Skinner,MEM,36,205.74,115.66596,Baylor,USA
Brian Scalabrine,CHI,34,205.74,106.59412,Southern California,USA
Brian Cook,WAS,31,205.74,113.398,Illinois,USA
Brian Cardinal,DAL,35,203.2,108.86208,Purdue,USA
Brendan Haywood,DAL,32,213.36,119.294696,North Carolina,USA
Brandon Rush,GSW,26,198.12,102.0582,Kansas,USA
Brandon Knight,DET,20,190.5,85.728888,Kentucky,USA
Brandon Jennings,MIL,22,185.42,76.657048,None,USA
Arron Afflalo,DEN,26,195.58,97.52228,UCLA,USA
Brandon Bass,BOS,27,203.2,113.398,Louisiana State,USA
Brad Miller,MIN,36,213.36,118.387512,Purdue,USA
Boris Diaw,SAS,30,203.2,106.59412,None,France
Bobby Simmons,LAC,32,198.12,106.59412,DePaul,USA
Blake Griffin,LAC,23,208.28,113.851592,Oklahoma,USA
Blake Ahearn,UTA,28,187.96,86.18248,Missouri State,USA
Bismack Biyombo,CHA,19,205.74,111.13004,None,Democratic Republic of the Congo
Beno Udrih,MIL,29,190.5,92.079176,None,Slovenia
Ben Wallace,DET,37,205.74,108.86208,Virginia Union,USA
Ben Uzoh,TOR,24,190.5,92.98636,Tulsa,USA
Ben Gordon,DET,29,190.5,90.7184,Connecticut,USA
Baron Davis,NYK,33,190.5,96.161504,UCLA,USA
Avery Bradley,BOS,21,187.96,81.64656,Texas,USA
Brandan Wright,DAL,24,208.28,95.25432,North Carolina,USA
Manu Ginobili,SAS,34,198.12,92.98636,None,Argentina
Tobias Harris,MIL,19,203.2,102.511792,Tennessee,USA
Tim Duncan,SAS,36,210.82,115.66596,Wake Forest,US Virgin Islands
Morris Almond,WAS,27,198.12,102.0582,Rice,USA
Mychel Thompson,CLE,24,198.12,95.707912,Pepperdine,USA
Nate Robinson,GSW,28,175.26,81.64656,Washington,USA
Nazr Mohammed,OKC,34,208.28,113.398,Kentucky,USA
Nene,WAS,29,210.82,113.398,None,Brazil
Nick Collison,OKC,31,208.28,115.66596,Kansas,USA
Nick Young,LAC,27,200.66,95.25432,Southern California,USA
Nicolas Batum,POR,23,203.2,90.7184,None,France
Nikola Pekovic,MIN,26,210.82,131.54168,None,Montenegro
Nikola Vucevic,PHI,21,213.36,108.86208,Southern California,Montenegro
Nolan Smith,POR,23,187.96,83.91452,Duke,USA
Norris Cole,MIA,23,187.96,79.3786,Cleveland State,USA
Monta Ellis,MIL,26,190.5,83.91452,None,USA
O.J. Mayo,MEM,24,193.04,95.25432,Southern California,USA
Omri Casspi,CLE,24,205.74,102.0582,None,Israel
Patrick Patterson,HOU,23,205.74,106.59412,Kentucky,USA
Patty Mills,SAS,23,182.88,83.91452,Saint Mary's (CA),Australia
Pau Gasol,LAL,31,213.36,113.398,None,Spain
Paul George,IND,22,203.2,97.52228,Fresno State,USA
Paul Millsap,UTA,27,203.2,114.758776,Louisiana Tech,USA
Paul Pierce,BOS,34,200.66,106.59412,Kansas,USA
Quentin Richardson,ORL,32,198.12,103.418976,DePaul,USA
Quincy Pondexter,MEM,24,198.12,102.0582,Washington,USA
Raja Bell,UTA,35,195.58,95.25432,Florida International,U.S. Virgin Islands
Rajon Rondo,BOS,26,185.42,84.368112,Kentucky,USA
Ramon Sessions,LAL,26,190.5,86.18248,Nevada,USA
Omer Asik,CHI,25,213.36,115.66596,None,Turkey
Randy Foye,LAC,28,193.04,96.615096,Villanova,USA
Mo Williams,LAC,29,185.42,88.45044,Alabama,USA
Mike Miller,MIA,32,203.2,95.25432,Florida,USA
Marc Gasol,MEM,27,215.9,120.20188,None,Spain
Marcin Gortat,PHX,28,210.82,108.86208,None,Poland
Marco Belinelli,NOH,26,195.58,88.45044,None,Italy
Marcus Camby,HOU,38,210.82,106.59412,Massachusetts,USA
Marcus Morris,HOU,22,205.74,106.59412,Kansas,USA
Jason Maxiell,DET,29,200.66,117.93392,Cincinnati,USA
Mario Chalmers,MIA,26,187.96,86.18248,Kansas,USA
Markieff Morris,PHX,22,208.28,111.13004,Kansas,USA
Marquis Daniels,BOS,31,198.12,90.7184,Auburn,USA
Marreese Speights,MEM,24,208.28,115.66596,Florida,USA
Martell Webster,MIN,25,200.66,104.32616,None,USA
Marvin Williams,ATL,26,205.74,111.13004,North Carolina,USA
Mikki Moore,GSW,36,213.36,102.0582,Nebraska,USA
Matt Barnes,LAL,32,200.66,102.511792,UCLA,USA
Matt Carroll,CHA,31,198.12,96.161504,Notre Dame,USA
Maurice Evans,WAS,33,195.58,99.79024,Texas,USA
Mehmet Okur,NJN,33,210.82,117.93392,None,Turkey
Metta World Peace,LAL,32,200.66,117.93392,St. John's (NY),USA
Michael Beasley,MIN,23,208.28,106.59412,Kansas State,USA
Michael Redd,PHX,32,198.12,97.52228,Ohio State,USA
Mickael Pietrus,BOS,30,198.12,97.52228,None,France
Mickell Gladness,GSW,25,210.82,99.79024,Alabama A&M,USA
Mike Bibby,NYK,34,187.96,88.45044,Arizona,USA
Mike Conley,MEM,24,185.42,83.91452,Ohio State,USA
Mike Dunleavy,MIL,31,205.74,104.32616,Duke,USA
Mike James,CHI,37,187.96,85.275296,Duquesne,USA
Matt Bonner,SAS,32,208.28,106.59412,Florida,USA
Timofey Mozgov,DEN,25,215.9,113.398,None,Russia
Rashard Lewis,WAS,32,208.28,104.32616,None,USA
Ray Allen,BOS,36,195.58,92.98636,Connecticut,USA
Semih Erden,CLE,25,213.36,108.86208,None,Turkey
Serge Ibaka,OKC,22,208.28,106.59412,None,Democratic Republic of the Congo
Shane Battier,MIA,33,203.2,102.0582,Duke,USA
Shannon Brown,PHX,26,193.04,95.25432,Michigan State,USA
Shaun Livingston,MIL,26,200.66,79.3786,None,USA
Shawn Marion,DAL,34,200.66,103.418976,Nevada-Las Vegas,USA
Shawne Williams,NJN,26,205.74,104.32616,Memphis,USA
Shelden Williams,NJN,28,205.74,113.398,Duke,USA
Shelvin Mack,WAS,22,190.5,93.893544,Butler,USA
Solomon Alabi,TOR,24,215.9,114.305184,Florida State,Nigeria
Solomon Jones,NOH,27,208.28,111.13004,South Florida,USA
Spencer Hawes,PHI,24,215.9,111.13004,Washington,USA
Sebastian Telfair,PHX,27,182.88,77.11064,None,USA
Stephen Curry,GSW,24,190.5,83.91452,Davidson,USA
Steve Blake,LAL,32,190.5,78.017824,Maryland,USA
Steve Nash,PHX,38,190.5,80.739376,Santa Clara,Canada
Steve Novak,NYK,29,208.28,108.86208,Marquette,USA
Sundiata Gaines,NJN,26,185.42,90.7184,Georgia,USA
T.J. Ford,SAS,29,182.88,74.84268,Texas,USA
Taj Gibson,CHI,27,205.74,102.0582,Southern California,USA
Tayshaun Prince,DET,32,205.74,97.52228,Kentucky,USA
Terrel Harris,MIA,24,193.04,86.18248,Oklahoma State,USA
Terrence Williams,SAC,25,198.12,99.79024,Louisville,USA
Thabo Sefolosha,OKC,28,200.66,97.52228,None,Switzerland
Thaddeus Young,PHI,24,203.2,99.79024,Georgia Tech,USA
Tiago Splitter,SAS,27,210.82,108.86208,None,Brazil
Stephen Jackson,SAS,34,203.2,99.79024,Butler Community College,USA
Rasual Butler,TOR,33,200.66,97.52228,La Salle,USA
Sean Williams,BOS,25,208.28,106.59412,Boston College,USA
Samuel Dalembert,HOU,32,210.82,113.398,Seton Hall,Haiti
Raymond Felton,POR,28,185.42,92.98636,North Carolina,USA
Reggie Evans,LAC,32,203.2,111.13004,Iowa,USA
Reggie Jackson,OKC,22,190.5,94.347136,Boston College,USA
Reggie Williams,CHA,25,201,86,Virginia Military Institute,USA
Renaldo Balkman,NYK,27,203.2,102.0582,South Carolina,USA
Richard Hamilton,CHI,34,200.66,87.543256,Connecticut,USA
Richard Jefferson,GSW,32,200.66,104.32616,Arizona,USA
Ricky Rubio,MIN,21,193.04,81.64656,None,Spain
Robin Lopez,PHX,24,213.36,115.66596,Stanford,USA
Rodney Stuckey,DET,26,195.58,92.98636,Eastern Washington,USA
Rodrigue Beaubois,DAL,24,187.96,83.91452,None,France
Roger Mason Jr.,WAS,31,195.58,92.98636,Virginia,USA
Sasha Pavlovic,BOS,28,200.66,106.59412,None,Montenegro
Ronnie Brewer,CHI,27,200.66,102.965384,Arkansas,USA
Ronny Turiaf,MIA,29,208.28,111.13004,Gonzaga,France
Roy Hibbert,IND,25,218.44,117.93392,Georgetown,USA
Royal Ivey,OKC,30,193.04,97.52228,Texas,USA
Rudy Fernandez,DEN,27,198.12,83.91452,None,Spain
Rudy Gay,MEM,25,203.2,104.32616,Connecticut,USA
Russell Westbrook,OKC,23,190.5,84.821704,UCLA,USA
Ryan Anderson,ORL,24,208.28,108.86208,California,USA
Ryan Gomes,LAC,29,200.66,111.13004,Providence,USA
Ryan Hollins,BOS,27,213.36,108.86208,UCLA,USA
Ryan Reid,OKC,25,203.2,106.59412,Florida State,USA
Sam Young,PHI,27,198.12,99.79024,Pittsburgh,USA
Samardo Samuels,CLE,23,205.74,117.93392,Louisville,Jamaica
Ronnie Price,PHX,29,187.96,86.18248,Utah Valley,USA
Jason Kidd,DAL,39,193.04,95.25432,California,USA
Earl Barron,NYK,31,213.36,113.398,Memphis,USA
Aaron Brooks,HOU,28,182.88,73.028312,Oregon,USA
Tristan Thompson,CLE,22,205.74,102.965384,Texas,Canada
Trevor Booker,WAS,25,203.2,108.86208,Clemson,USA
Trevor Ariza,WAS,28,203.2,95.25432,UCLA,USA
Travis Outlaw,SAC,28,205.74,93.893544,None,USA
Tornike Shengelia,BKN,21,205.74,108.86208,None,Georgia
Tony Wroten,MEM,20,198.12,94.347136,Washington,USA
Tony Parker,SAS,31,187.96,83.91452,None,France
Tony Allen,MEM,31,193.04,96.615096,Oklahoma State,USA
Toney Douglas,SAC,27,187.96,83.91452,Florida State,USA
Tobias Harris,ORL,20,203.2,102.511792,Tennessee,USA
Timofey Mozgov,DEN,26,215.9,113.398,None,Russia
Troy Murphy,DAL,33,210.82,111.13004,Notre Dame,USA
Tim Ohlbrecht,HOU,24,210.82,115.66596,None,Germany
Tiago Splitter,SAS,28,210.82,108.86208,None,Brazil
Thomas Robinson,HOU,22,208.28,107.501304,Kansas,USA
Thaddeus Young,PHI,25,203.2,106.59412,Georgia Tech,USA
Thabo Sefolosha,OKC,29,200.66,97.52228,None,Switzerland
Terrence Williams,BOS,26,198.12,99.79024,Louisville,USA
Terrence Ross,TOR,22,198.12,88.45044,Washington,USA
Terrence Jones,HOU,21,205.74,114.305184,Kentucky,USA
Terrel Harris,NOH,25,193.04,86.18248,Oklahoma State,USA
Tayshaun Prince,MEM,33,205.74,97.52228,Kentucky,USA
Taj Gibson,CHI,28,205.74,102.0582,Southern California,USA
Steve Novak,NYK,30,208.28,106.59412,Marquette,USA
Tim Duncan,SAS,37,210.82,115.66596,Wake Forest,US Virgin Islands
Steve Nash,LAL,39,190.5,80.739376,Santa Clara,Canada
Ty Lawson,DEN,25,180.34,88.45044,North Carolina,USA
Tyler Honeycutt,SAC,22,203.2,85.275296,UCLA,USA
Drew Gooden,MIL,31,208.28,113.398,Kansas,USA
Dwight Howard,LAL,27,210.82,120.20188,None,USA
Dwyane Wade,MIA,31,193.04,99.79024,Marquette,USA
Zaza Pachulia,ATL,29,210.82,124.7378,None,Georgia
Zach Randolph,MEM,31,205.74,117.93392,Michigan State,USA
Xavier Henry,NOH,22,198.12,99.79024,Kansas,USA
Wilson Chandler,DEN,26,203.2,102.0582,DePaul,USA
Willie Green,LAC,31,190.5,91.171992,Detroit Mercy,USA
Will Conroy,MIN,30,187.96,88.45044,Washington,USA
Will Bynum,DET,30,182.88,83.91452,Georgia Tech,USA
Will Barton,POR,22,195.58,77.11064,Memphis,USA
Tyler Hansbrough,IND,27,205.74,113.398,North Carolina,USA
Wesley Matthews,POR,26,195.58,99.79024,Marquette,USA
Wayne Ellington,CLE,25,193.04,90.7184,North Carolina,USA
Vladimir Radmanovic,CHI,32,208.28,106.59412,None,Serbia
Vince Carter,DAL,36,198.12,99.79024,North Carolina,USA
Victor Claver,POR,24,205.74,101.604608,None,Spain
Viacheslav Kravtsov,DET,25,210.82,112.037224,None,Ukraine
Udonis Haslem,MIA,33,203.2,106.59412,Florida,USA
Tyson Chandler,NYK,30,215.9,108.86208,None,USA
Tyshawn Taylor,BKN,23,190.5,83.91452,Kansas,USA
Tyrus Thomas,CHA,26,208.28,102.0582,Louisiana State,USA
Tyreke Evans,SAC,23,198.12,99.79024,Memphis,USA
Tyler Zeller,CLE,23,213.36,113.398,North Carolina,USA
Wesley Johnson,PHX,25,200.66,97.52228,Syracuse,USA
Draymond Green,GSW,23,200.66,104.32616,Michigan State,USA
Steve Blake,LAL,33,190.5,78.017824,Maryland,USA
Stephen Curry,GSW,25,190.5,83.91452,Davidson,USA
Robert Sacre,LAL,24,213.36,117.93392,Gonzaga,Canada
Ricky Rubio,MIN,22,193.04,81.64656,None,Spain
Richard Jefferson,GSW,33,200.66,104.32616,Arizona,USA
Richard Hamilton,CHI,35,200.66,87.543256,Connecticut,USA
Reggie Williams,CHA,26,201,86,Virginia Military Institute,USA
Reggie Jackson,OKC,23,190.5,94.347136,Boston College,USA
Reggie Evans,BKN,33,203.2,111.13004,Iowa,USA
Raymond Felton,NYK,29,185.42,92.98636,North Carolina,USA
Ray Allen,MIA,37,195.58,92.98636,Connecticut,USA
Rasheed Wallace,NYK,38,210.82,104.32616,North Carolina,USA
Rashard Lewis,MIA,33,208.28,104.32616,None,USA
Robin Lopez,NOH,25,213.36,115.66596,Stanford,USA
AJ Price,WAS,26,187.96,83.91452,Connecticut,USA
Rajon Rondo,BOS,27,185.42,84.368112,Kentucky,USA
Quincy Pondexter,MEM,25,198.12,102.0582,Washington,USA
Quincy Miller,DEN,20,205.74,95.25432,Baylor,USA
Quincy Acy,TOR,22,200.66,102.0582,Baylor,USA
Quentin Richardson,NYK,33,198.12,103.418976,DePaul,USA
Perry Jones III,OKC,21,210.82,106.59412,Baylor,USA
Paul Pierce,BOS,35,200.66,106.59412,Kansas,USA
Paul Millsap,UTA,28,203.2,114.758776,Louisiana Tech,USA
Paul George,IND,23,203.2,100.243832,Fresno State,USA
Pau Gasol,LAL,32,213.36,113.398,None,Spain
Patty Mills,SAS,24,182.88,83.91452,Saint Mary's (CA),Australia
Ramon Sessions,CHA,27,190.5,86.18248,Nevada,USA
Stephen Jackson,SAS,35,203.2,99.79024,Butler Community College,USA
Rodney Stuckey,DET,27,195.58,92.98636,Eastern Washington,USA
Roger Mason Jr.,NOH,32,195.58,92.98636,Virginia,USA
Spencer Hawes,PHI,25,215.9,111.13004,Washington,USA
Solomon Jones,NYK,28,208.28,111.13004,South Florida,USA
Shelvin Mack,ATL,23,190.5,93.893544,Butler,USA
Shawn Marion,DAL,35,200.66,103.418976,Nevada-Las Vegas,USA
Shavlik Randolph,BOS,29,208.28,107.047712,Duke,USA
Shaun Livingston,CLE,27,200.66,79.3786,None,USA
Shannon Brown,PHX,27,193.04,95.25432,Michigan State,USA
Shane Battier,MIA,34,203.2,102.0582,Duke,USA
Serge Ibaka,OKC,23,208.28,106.59412,None,Democratic Republic of the Congo
Sebastian Telfair,TOR,28,182.88,77.11064,None,USA
Scott Machado,GSW,23,185.42,92.98636,Iona,USA
Rodrigue Beaubois,DAL,25,187.96,83.91452,None,France
Sasha Pavlovic,POR,29,200.66,106.59412,None,Montenegro
Samardo Samuels,CLE,24,205.74,117.93392,Louisville,Jamaica
Sam Young,IND,28,198.12,102.0582,Pittsburgh,USA
Ryan Hollins,LAC,28,213.36,108.86208,UCLA,USA
Ryan Anderson,NOH,25,208.28,108.86208,California,USA
Russell Westbrook,OKC,24,190.5,84.821704,UCLA,USA
Rudy Gay,TOR,26,203.2,104.32616,Connecticut,USA
Royal Ivey,PHI,31,193.04,90.7184,Texas,USA
Roy Hibbert,IND,26,218.44,127.00576,Georgetown,USA
Ronny Turiaf,LAC,30,208.28,112.944408,Gonzaga,France
Ronnie Price,POR,30,187.96,86.18248,Utah Valley,USA
Ronnie Brewer,OKC,28,200.66,102.0582,Arkansas,USA
Samuel Dalembert,MIL,33,210.82,113.398,Seton Hall,Haiti
Patrick Patterson,SAC,24,205.74,106.59412,Kentucky,USA
Doron Lamb,ORL,21,193.04,95.25432,Kentucky,USA
Donatas Motiejunas,HOU,22,213.36,100.697424,None,Lithuania
Brian Roberts,NOH,27,185.42,81.64656,Dayton,USA
Brook Lopez,BKN,25,213.36,120.20188,Stanford,USA
Byron Mullens,CHA,24,213.36,124.7378,Ohio State,USA
C.J. Watson,BKN,29,187.96,79.3786,Tennessee,USA
CJ Miles,CLE,26,198.12,100.697424,None,USA
Carl Landry,GSW,29,205.74,112.490816,Purdue,USA
Carlos Boozer,CHI,31,205.74,120.655472,Duke,USA
Carlos Delfino,HOU,30,198.12,104.32616,None,Argentina
Carmelo Anthony,NYK,29,203.2,104.32616,Syracuse,USA
Caron Butler,LAC,33,200.66,103.418976,Connecticut,USA
Cartier Martin,WAS,28,200.66,99.79024,Kansas State,USA
Brendan Haywood,CHA,33,213.36,119.294696,North Carolina,USA
Chandler Parsons,HOU,24,205.74,102.965384,Florida,USA
Charlie Villanueva,DET,28,210.82,105.233344,Connecticut,USA
Chase Budinger,MIN,25,200.66,98.883056,Arizona,USA
Chauncey Billups,LAC,36,190.5,95.25432,Colorado,USA
Chris Andersen,MIA,34,208.28,103.418976,Blinn,USA
Chris Bosh,MIA,29,210.82,106.59412,Georgia Tech,USA
Chris Copeland,NYK,29,203.2,102.0582,Colorado,USA
Chris Douglas-Roberts,DAL,26,200.66,95.25432,Memphis,USA
Chris Duhon,LAL,30,185.42,86.18248,Duke,USA
Chris Johnson,MIN,27,210.82,95.25432,Louisiana State,USA
Chris Johnson,MEM,23,198.12,91.171992,Dayton,USA
Chris Kaman,DAL,31,213.36,120.20188,Central Michigan,USA
Charles Jenkins,PHI,24,190.5,97.52228,Hofstra,USA
Chris Paul,LAC,28,182.88,79.3786,Wake Forest,USA
Brandon Rush,GSW,27,198.12,95.25432,Kansas,USA
Brandon Knight,DET,21,190.5,85.728888,Kentucky,USA
Andrew Nicholson,ORL,23,205.74,113.398,St. Bonaventure,Canada
Andris Biedrins,GSW,27,213.36,109.769264,None,Latvia
Antawn Jamison,LAL,37,205.74,106.59412,North Carolina,USA
Anthony Davis,NOH,20,208.28,99.79024,Kentucky,USA
Anthony Morrow,DAL,27,195.58,95.25432,Georgia Tech,USA
Anthony Randolph,DEN,23,210.82,102.0582,Louisiana State,USA
Anthony Tolliver,ATL,28,203.2,108.86208,Creighton,USA
Arnett Moultrie,PHI,22,208.28,111.13004,Mississippi State,USA
Aron Baynes,SAS,26,208.28,117.93392,Washington State,Australia
Arron Afflalo,ORL,27,195.58,97.52228,UCLA,USA
Austin Daye,MEM,25,210.82,90.7184,Gonzaga,USA
Brandon Roy,MIN,28,198.12,95.707912,Washington,USA
Austin Rivers,NOH,20,193.04,90.7184,Duke,USA
Ben Gordon,CHA,30,190.5,90.7184,Connecticut,USA
Ben Hansbrough,IND,25,190.5,92.079176,Notre Dame,USA
Beno Udrih,ORL,30,190.5,92.079176,None,Slovenia
Bernard James,DAL,28,208.28,108.86208,Florida State,USA
Bismack Biyombo,CHA,20,205.74,111.13004,None,Democratic Republic of the Congo
Blake Griffin,LAC,24,208.28,113.851592,Oklahoma,USA
Boris Diaw,SAS,31,203.2,106.59412,None,France
Bradley Beal,WAS,20,195.58,93.893544,Florida,USA
Brandan Wright,DAL,25,208.28,95.25432,North Carolina,USA
Brandon Bass,BOS,28,203.2,113.398,Louisiana State,USA
Brandon Jennings,MIL,23,185.42,76.657048,None,USA
Avery Bradley,BOS,22,187.96,81.64656,Texas,USA
Dorell Wright,PHI,27,205.74,92.98636,None,USA
Chris Quinn,CLE,29,187.96,79.3786,Notre Dame,USA
Chris Wilcox,BOS,30,208.28,106.59412,Maryland,USA
David Lee,GSW,30,205.74,108.86208,Florida,USA
David West,IND,32,205.74,113.398,Xavier,USA
DeAndre Jordan,LAC,24,210.82,120.20188,Texas A&M,USA
DeAndre Liggins,OKC,25,198.12,94.800728,Kentucky,USA
DeJuan Blair,SAS,24,200.66,122.46984,Pittsburgh,USA
DeMar DeRozan,TOR,23,200.66,97.975872,Southern California,USA
DeMarcus Cousins,SAC,22,210.82,122.46984,Kentucky,USA
DeMarre Carroll,UTA,26,203.2,96.161504,Missouri,USA
DeQuan Jones,ORL,23,203.2,100.243832,Miami (FL),USA
DeSagana Diop,CHA,31,213.36,127.00576,None,Senegal
DeShawn Stevenson,ATL,32,195.58,98.883056,None,USA
Darren Collison,DAL,25,182.88,79.3786,UCLA,USA
Derek Fisher,OKC,38,185.42,95.25432,Arkansas-Little Rock,USA
Derrick Favors,UTA,21,208.28,112.490816,Georgia Tech,USA
Derrick Williams,MIN,22,203.2,109.315672,Arizona,USA
Devin Ebanks,LAL,23,205.74,97.52228,West Virginia,USA
Devin Harris,ATL,30,190.5,87.089664,Wisconsin,USA
Dexter Pittman,MEM,25,210.82,129.27372,Texas,USA
Diante Garrett,PHX,24,193.04,86.18248,Iowa State,USA
Dion Waiters,CLE,21,193.04,97.52228,Syracuse,USA
Dirk Nowitzki,DAL,35,213.36,111.13004,None,Germany
Dominic McGuire,IND,27,205.74,106.59412,Fresno State,USA
Dominique Jones,DAL,24,195.58,97.52228,South Florida,USA
Donald Sloan,NOH,25,190.5,92.98636,Texas A&M,USA
Deron Williams,BKN,29,190.5,94.800728,Illinois,USA
Chris Singleton,WAS,23,203.2,104.32616,Florida State,USA
Darrell Arthur,MEM,25,205.74,106.59412,Kansas,USA
Darius Morris,LAL,22,193.04,86.18248,Michigan,USA
Chris Wright,DAL,23,185.42,95.25432,Georgetown,USA
Chuck Hayes,SAC,30,198.12,113.398,Kentucky,USA
Cole Aldrich,SAC,24,210.82,108.86208,Kansas,USA
Corey Brewer,DEN,27,205.74,85.275296,Florida,USA
Corey Maggette,DET,33,198.12,102.0582,Duke,USA
Cory Higgins,CHA,24,195.58,81.64656,Colorado,USA
Cory Joseph,SAS,21,190.5,83.91452,Texas,Canada
Courtney Lee,BOS,27,195.58,90.7184,Western Kentucky,USA
D.J. Augustin,IND,25,182.88,83.007336,Texas,USA
DJ White,BOS,26,205.74,113.398,Indiana,USA
DaJuan Summers,LAC,25,203.2,108.86208,Georgetown,USA
Darko Milicic,BOS,28,213.36,124.7378,None,Serbia
Daequan Cook,CHI,26,195.58,95.25432,Ohio State,USA
Damian Lillard,POR,22,190.5,88.45044,Weber State,USA
Damien Wilkins,PHI,33,198.12,102.0582,Georgia,USA
Damion James,BKN,25,200.66,102.0582,Texas,USA
Daniel Gibson,CLE,27,187.96,90.7184,Texas,USA
Daniel Orton,OKC,22,208.28,115.66596,Kentucky,USA
Danilo Gallinari,DEN,24,208.28,102.0582,None,Italy
Danny Granger,IND,30,203.2,103.418976,New Mexico,USA
Danny Green,SAS,26,198.12,95.25432,North Carolina,USA
Dante Cunningham,MIN,26,203.2,104.32616,Villanova,USA
Darius Johnson-Odom,LAL,23,187.96,97.52228,Marquette,USA
Darius Miller,NOH,23,203.2,106.59412,Kentucky,USA
Dahntay Jones,ATL,32,198.12,102.0582,Duke,USA
Patrick Beverley,HOU,24,185.42,83.91452,Arkansas,USA
Pablo Prigioni,NYK,36,190.5,83.91452,None,Argentina
PJ Tucker,PHX,28,198.12,101.604608,Texas,USA
Jeremy Lin,HOU,24,190.5,90.7184,Harvard,USA
Jeremy Lamb,OKC,21,195.58,81.64656,Connecticut,USA
Jeremy Evans,UTA,25,205.74,87.996848,Western Kentucky,USA
Jeffery Taylor,CHA,24,200.66,102.0582,Vanderbilt,Sweden
Jeff Teague,ATL,25,187.96,82.100152,Wake Forest,USA
Jeff Green,BOS,26,205.74,106.59412,Georgetown,USA
Jeff Ayres,IND,26,205.74,113.398,Arizona State,USA
Jeff Adrien,CHA,27,201,111,Connecticut,USA
Jason Thompson,SAC,26,210.82,113.398,Rider,USA
Jason Terry,BOS,35,187.96,81.64656,Arizona,USA
Jason Smith,NOH,27,213.36,108.86208,Colorado State,USA
Jeremy Pargo,PHI,27,187.96,99.336648,Gonzaga,USA
Jason Richardson,PHI,32,198.12,102.0582,Michigan State,USA
Jason Kidd,NYK,40,193.04,95.25432,California,USA
Jason Collins,WAS,34,213.36,115.66596,Stanford,USA
Jarvis Varnado,MIA,25,205.74,104.32616,Mississippi State,USA
Jarrett Jack,GSW,29,190.5,89.357624,Georgia Tech,USA
Jared Sullinger,BOS,21,205.74,117.93392,Ohio State,USA
Jared Jeffries,POR,31,210.82,108.86208,Indiana,USA
Jared Dudley,PHX,27,200.66,102.0582,Boston College,USA
Jared Cunningham,DAL,22,193.04,88.45044,Oregon State,USA
Jannero Pargo,CHA,33,185.42,83.91452,Arkansas,USA
Jan Vesely,WAS,23,210.82,108.86208,None,Czech Republic
James White,NYK,30,200.66,97.52228,Cincinnati,USA
Jason Maxiell,DET,30,200.66,117.93392,Cincinnati,USA
James Jones,MIA,32,203.2,97.52228,Miami (FL),USA
Jeremy Tyler,ATL,22,208.28,117.93392,None,USA
Jerry Stackhouse,BKN,38,198.12,98.883056,North Carolina,USA
Josh Childress,BKN,30,203.2,95.25432,Stanford,USA
Josh Akognon,DAL,27,180.34,83.91452,Cal State-Fullerton,USA
Jose Calderon,DET,31,190.5,95.707912,None,Spain
Jordan Hill,LAL,25,208.28,106.59412,Arizona,USA
Jordan Hamilton,DEN,22,200.66,99.79024,Texas,USA
Jordan Crawford,BOS,24,193.04,88.45044,Xavier,USA
Jonas Valanciunas,TOR,21,210.82,104.779752,None,Lithuania
Jonas Jerebko,DET,26,208.28,104.779752,None,Sweden
Jon Leuer,MEM,24,208.28,103.418976,Wisconsin,USA
John Wall,WAS,22,193.04,88.45044,Kentucky,USA
John Salmons,SAC,33,198.12,93.893544,Miami (FL),USA
Jermaine O'Neal,PHX,34,210.82,115.66596,None,USA
John Lucas III,TOR,30,180.34,74.84268,Oklahoma State,USA
John Henson,MIL,22,210.82,99.79024,North Carolina,USA
Johan Petro,ATL,27,213.36,112.037224,None,France
Joel Przybilla,MIL,33,215.9,111.13004,Minnesota,USA
Joel Freeland,POR,26,208.28,102.0582,None,Great Britain
Joel Anthony,MIA,30,205.74,111.13004,Nevada-Las Vegas,Canada
Joe Johnson,BKN,32,200.66,108.86208,Arkansas,USA
Jodie Meeks,LAL,25,193.04,94.347136,Kentucky,USA
Joakim Noah,CHI,28,210.82,105.233344,Florida,USA
Jimmy Butler,CHI,23,200.66,99.79024,Marquette,USA
Jimmer Fredette,SAC,24,187.96,88.45044,Brigham Young,USA
Jerryd Bayless,MEM,24,190.5,90.7184,Arizona,USA
John Jenkins,ATL,22,193.04,97.52228,Vanderbilt,USA
Josh Harrellson,MIA,24,208.28,124.7378,Kentucky,USA
James Johnson,SAC,26,205.74,112.490816,Wake Forest,USA
James Anderson,HOU,24,198.12,97.52228,Oklahoma State,USA
Glen Davis,ORL,27,205.74,131.088088,Louisiana State,USA
Gerald Wallace,BKN,30,200.66,99.79024,Alabama,USA
Gerald Henderson,CHA,25,195.58,97.52228,Duke,USA
Gerald Green,IND,27,203.2,95.25432,None,USA
George Hill,IND,27,187.96,86.18248,Indiana Purdue-Indianapolis,USA
Gary Neal,SAS,28,193.04,95.25432,Towson,USA
Garrett Temple,WAS,27,198.12,88.45044,Louisiana State,USA
Francisco Garcia,HOU,31,200.66,88.45044,Louisville,Dominican Republic
Festus Ezeli,GSW,23,210.82,115.66596,Vanderbilt,Nigeria
Fab Melo,BOS,23,213.36,115.66596,Syracuse,Brazil
Evan Turner,PHI,24,200.66,99.79024,Ohio State,USA
Goran Dragic,PHX,27,190.5,86.18248,None,Slovenia
Evan Fournier,DEN,20,198.12,90.7184,None,France
Eric Maynor,POR,26,190.5,79.3786,Virginia Commonwealth,USA
Eric Gordon,NOH,24,190.5,97.52228,Indiana,USA
Eric Bledsoe,LAC,23,185.42,88.45044,Kentucky,USA
Enes Kanter,UTA,21,210.82,121.109064,Kentucky,Turkey
Emeka Okafor,WAS,30,208.28,115.66596,Connecticut,USA
Elton Brand,DAL,34,205.74,115.212368,Duke,USA
Ekpe Udoh,MIL,26,208.28,111.13004,Baylor,USA
Eddy Curry,DAL,30,213.36,133.80964,None,USA
Ed Davis,MEM,24,208.28,105.233344,North Carolina,USA
Earl Watson,UTA,34,185.42,90.264808,UCLA,USA
Earl Clark,LAL,25,208.28,102.0582,Louisville,USA
Ersan Ilyasova,MIL,26,208.28,106.59412,None,Turkey
James Harden,HOU,23,195.58,99.79024,Arizona State,USA
Gordon Hayward,UTA,23,203.2,95.25432,Butler,USA
Greg Monroe,DET,23,210.82,113.398,Georgetown,USA
Jameer Nelson,ORL,31,182.88,86.18248,Saint Joseph's,USA
Jamal Crawford,LAC,33,195.58,90.7184,Michigan,USA
Jamaal Tinsley,UTA,35,190.5,89.357624,Iowa State,USA
Jae Crowder,DAL,22,198.12,106.59412,Marquette,USA
JaVale McGee,DEN,25,213.36,114.305184,Nevada,USA
JR Smith,NYK,27,198.12,99.79024,None,USA
JJ Redick,MIL,29,193.04,86.18248,Duke,USA
JJ Hickson,POR,24,205.74,109.769264,North Carolina State,USA
J.J. Barea,MIN,29,182.88,79.3786,Northeastern,Puerto Rico
Ivan Johnson,ATL,29,203.2,115.66596,Cal State-San Bernardino,USA
Ish Smith,MIL,24,182.88,79.3786,Wake Forest,USA
Grant Hill,LAC,40,203.2,102.0582,Duke,USA
Isaiah Thomas,SAC,24,175.26,83.91452,Washington,USA
Ian Mahinmi,IND,26,210.82,104.32616,None,France
Henry Sims,NOH,23,208.28,111.13004,Georgetown,USA
Hedo Turkoglu,ORL,34,208.28,99.79024,None,Turkey
Hasheem Thabeet,OKC,26,220.98,119.294696,Connecticut,Tanzania
Harrison Barnes,GSW,21,203.2,95.25432,North Carolina,USA
Hamed Haddadi,PHX,28,218.44,120.20188,None,Iran
Hakim Warrick,CHA,30,205.74,99.336648,Syracuse,USA
Gustavo Ayon,MIL,28,208.28,113.398,None,Mexico
Greivis Vasquez,NOH,26,198.12,95.707912,Maryland,Venezuela
Greg Stiemsma,MIN,27,210.82,117.93392,Wisconsin,USA
Greg Smith,HOU,22,208.28,113.398,Fresno State,USA
Iman Shumpert,NYK,23,195.58,99.79024,Georgia Tech,USA
Josh Howard,MIN,33,200.66,95.25432,Wake Forest,USA
Josh McRoberts,CHA,26,208.28,108.86208,Duke,USA
Josh Selby,MEM,22,187.96,83.007336,Kansas,USA
Meyers Leonard,POR,21,215.9,111.13004,Illinois,USA
Metta World Peace,LAL,33,200.66,117.93392,St. John's (NY),USA
Maurice Harkless,ORL,20,203.2,95.25432,St. John's (NY),USA
Matt Carroll,CHA,32,198.12,96.161504,Notre Dame,USA
Matt Bonner,SAS,33,208.28,106.59412,Florida,USA
Matt Barnes,LAC,33,200.66,102.511792,UCLA,USA
Marvin Williams,UTA,27,205.74,111.13004,North Carolina,USA
Martell Webster,WAS,26,200.66,104.32616,None,USA
Marreese Speights,CLE,25,208.28,115.66596,Florida,USA
Marquis Teague,CHI,20,187.96,86.18248,Kentucky,USA
Marquis Daniels,MIL,32,198.12,90.7184,Auburn,USA
Michael Beasley,PHX,24,208.28,106.59412,Kansas State,USA
Markieff Morris,PHX,23,208.28,111.13004,Kansas,USA
Marcus Thornton,SAC,26,193.04,92.98636,Louisiana State,USA
Marcus Morris,PHX,23,205.74,106.59412,Kansas,USA
Marcus Camby,NYK,39,210.82,108.86208,Massachusetts,USA
Marco Belinelli,CHI,27,195.58,88.45044,None,Italy
Marcin Gortat,PHX,29,210.82,108.86208,None,Poland
Marc Gasol,MEM,28,215.9,120.20188,None,Spain
MarShon Brooks,BKN,24,195.58,90.7184,Providence,USA
Manu Ginobili,SAS,35,198.12,92.98636,None,Argentina
Malcolm Thomas,CHI,24,205.74,102.0582,San Diego State,USA
Malcolm Lee,MIN,23,195.58,90.7184,UCLA,USA
Maalik Wayns,LAC,22,185.42,88.45044,Villanova,USA
Mario Chalmers,MIA,27,187.96,86.18248,Kansas,USA
Luol Deng,CHI,28,205.74,99.79024,Duke,United Kingdom
Michael Kidd-Gilchrist,CHA,19,200.66,105.233344,Kentucky,USA
Mickael Pietrus,TOR,31,198.12,97.52228,None,France
Orlando Johnson,IND,24,195.58,99.79024,California-Santa Barbara,USA
Omri Casspi,CLE,25,205.74,102.0582,None,Israel
Omer Asik,HOU,26,213.36,115.66596,None,Turkey
O.J. Mayo,DAL,25,193.04,95.25432,Southern California,USA
Norris Cole,MIA,24,187.96,79.3786,Cleveland State,USA
Nolan Smith,POR,24,187.96,83.91452,Duke,USA
Nikola Vucevic,ORL,22,213.36,108.86208,Southern California,Montenegro
Nikola Pekovic,MIN,27,210.82,131.54168,None,Montenegro
Nicolas Batum,POR,24,203.2,90.7184,None,France
Nick Young,PHI,28,200.66,95.25432,Southern California,USA
Nick Collison,OKC,32,208.28,115.66596,Kansas,USA
Mickael Gelabale,MIN,30,200.66,97.52228,None,USA
Nene,WAS,30,210.82,113.398,None,Brazil
Nate Robinson,CHI,29,175.26,81.64656,Washington,USA
Nando De Colo,SAS,26,195.58,90.7184,None,France
Monta Ellis,MIL,27,190.5,83.91452,None,USA
Mo Williams,UTA,30,185.42,88.45044,Alabama,USA
Mirza Teletovic,BKN,27,205.74,115.66596,None,Bosnia
Miles Plumlee,IND,24,210.82,115.66596,Duke,USA
Mike Scott,ATL,24,203.2,107.501304,Virginia,USA
Mike Miller,MIA,33,203.2,95.25432,Florida,USA
Mike James,DAL,38,187.96,85.275296,Duquesne,USA
Mike Dunleavy,MIL,32,205.74,104.32616,Duke,USA
Mike Conley,MEM,25,185.42,83.91452,Ohio State,USA
Nazr Mohammed,CHI,35,208.28,113.398,Kentucky,USA
Luke Zeller,PHX,26,210.82,111.13004,Notre Dame,USA
Luke Walton,CLE,33,203.2,106.59412,Arizona,USA
Luke Ridnour,MIN,32,187.96,79.3786,Oregon,USA
Kim English,DET,24,198.12,90.7184,Missouri,USA
Khris Middleton,DET,21,200.66,97.52228,Texas A&M,USA
Keyon Dooling,MEM,33,190.5,88.45044,Missouri,USA
Kevin Seraphin,WAS,23,205.74,124.7378,Le Moyne,France
Kevin Murphy,UTA,23,198.12,83.91452,Tennessee Tech,USA
Kevin Martin,OKC,30,200.66,83.91452,Western Carolina,USA
Kevin Love,MIN,24,208.28,117.93392,UCLA,USA
Kevin Jones,CLE,23,203.2,117.93392,West Virginia,USA
Kevin Garnett,BOS,37,210.82,114.758776,None,USA
Kevin Durant,OKC,24,205.74,106.59412,Texas,USA
Kenyon Martin,NYK,35,205.74,108.86208,Cincinnati,USA
Kirk Hinrich,CHI,32,193.04,86.18248,Kansas,USA
Kent Bazemore,GSW,23,195.58,91.171992,Old Dominion,USA
Kendrick Perkins,OKC,28,208.28,122.46984,None,USA
Kendall Marshall,PHX,21,193.04,88.45044,North Carolina,USA
Kemba Walker,CHA,23,185.42,83.460928,Connecticut,USA
Keith Bogans,BKN,33,195.58,97.52228,Kentucky,USA
Kawhi Leonard,SAS,22,200.66,102.0582,San Diego State,USA
Juwan Howard,MIA,40,205.74,113.398,Michigan,USA
Justin Holiday,PHI,24,198.12,83.91452,Washington,USA
Justin Dentmon,DAL,27,180.34,83.91452,Washington,USA
Julyan Stone,DEN,24,198.12,90.7184,Texas-El Paso,USA
Jrue Holiday,PHI,23,193.04,92.98636,UCLA,USA
Josh Smith,ATL,27,205.74,102.0582,None,USA
Kenneth Faried,DEN,23,203.2,103.418976,Morehead State,USA
Klay Thompson,GSW,23,200.66,92.98636,Washington State,USA
Kobe Bryant,LAL,34,198.12,92.98636,None,USA
Kosta Koufos,DEN,24,213.36,120.20188,Ohio State,USA
Luke Babbitt,POR,24,205.74,102.0582,Nevada,USA
Luis Scola,PHX,33,205.74,111.13004,None,Argentina
Luc Mbah a Moute,MIL,26,203.2,104.32616,UCLA,Cameroon
Lou Williams,ATL,26,185.42,79.3786,None,USA
Lou Amundson,NOH,30,205.74,102.0582,Nevada-Las Vegas,USA
Linas Kleiza,TOR,28,203.2,106.140528,Missouri,Lithuania
Leandro Barbosa,BOS,30,190.5,87.996848,None,Brazil
LeBron James,MIA,28,203.2,113.398,None,USA
Lazar Hayward,MIN,26,198.12,102.0582,Marquette,USA
Lavoy Allen,PHI,24,205.74,115.66596,Temple,USA
Larry Sanders,MIL,24,210.82,106.59412,Virginia Commonwealth,USA
Landry Fields,TOR,25,200.66,97.52228,Stanford,USA
Lance Thomas,NOH,25,203.2,102.0582,Duke,USA
Lance Stephenson,IND,22,195.58,103.418976,Cincinnati,USA
Lamar Odom,LAC,33,208.28,104.32616,Rhode Island,USA
LaMarcus Aldridge,POR,27,210.82,108.86208,Texas,USA
Kyrie Irving,CLE,21,190.5,86.636072,Duke,Australia
Kyle Singler,DET,25,203.2,104.32616,Duke,USA
Kyle O'Quinn,ORL,23,208.28,108.86208,Norfolk State,USA
Kyle Lowry,TOR,27,182.88,92.98636,Villanova,USA
Kyle Korver,ATL,32,200.66,96.161504,Creighton,USA
Kwame Brown,PHI,31,210.82,131.54168,None,USA
Kurt Thomas,NYK,40,205.74,108.86208,Texas Christian,USA
Kris Joseph,BKN,24,200.66,95.25432,Syracuse,USA
Kris Humphries,BKN,28,205.74,106.59412,Minnesota,USA
Andrew Goudelock,LAL,24,190.5,90.7184,College of Charleston,USA
Andrew Bogut,GSW,28,213.36,117.93392,Utah,Australia
Randy Foye,UTA,29,193.04,96.615096,Villanova,USA
Al Jefferson,UTA,28,208.28,131.088088,None,USA
Andrei Kirilenko,MIN,32,205.74,106.59412,None,Russia
Andrea Bargnani,TOR,27,213.36,116.119552,None,Italy
Andre Miller,DEN,37,187.96,90.7184,Utah,USA
Andre Drummond,DET,19,208.28,122.46984,Connecticut,USA
Andray Blatche,BKN,26,210.82,117.93392,None,USA
Anderson Varejao,CLE,30,210.82,117.93392,None,Brazil
Amir Johnson,TOR,26,205.74,95.25432,None,USA
Amar'e Stoudemire,NYK,30,210.82,111.13004,None,USA
Andre Iguodala,DEN,29,198.12,93.893544,Arizona,USA
Alexey Shved,MIN,24,198.12,82.553744,None,Russia
Alec Burks,UTA,21,198.12,91.625584,Colorado,USA
Alan Anderson,TOR,30,198.12,99.79024,Michigan State,USA
Al-Farouq Aminu,NOH,22,205.74,97.52228,Wake Forest,USA
E'Twaun Moore,ORL,24,193.04,86.636072,Purdue,USA
Al Horford,ATL,27,208.28,113.398,Florida,Dominican Republic
Al Harrington,ORL,33,205.74,111.13004,None,USA
Aaron Gray,TOR,28,213.36,122.46984,Pittsburgh,USA
Alonzo Gee,CLE,26,198.12,99.336648,Alabama,USA
Hedo Turkoglu,LAC,35,208.28,99.79024,None,Turkey
Hasheem Thabeet,OKC,27,220.98,119.294696,Connecticut,Tanzania
Harrison Barnes,GSW,22,203.2,95.25432,North Carolina,USA
Hamady Ndiaye,SAC,27,213.36,106.59412,Rutgers,Senegal
Gustavo Ayon,ATL,29,208.28,113.398,None,Mexico
Greg Oden,MIA,26,213.36,123.830616,Ohio State,USA
Greg Stiemsma,NOP,28,210.82,117.93392,Wisconsin,USA
Greg Smith,HOU,23,208.28,113.398,Fresno State,USA
Greg Monroe,DET,24,210.82,113.398,Georgetown,USA
Henry Sims,PHI,24,208.28,112.490816,Georgetown,USA
Greivis Vasquez,TOR,27,198.12,95.707912,Maryland,Venezuela
Hilton Armstrong,GSW,29,210.82,106.59412,Connecticut,USA
JJ Redick,LAC,30,193.04,86.18248,Duke,USA
Ian Clark,UTA,23,190.5,78.471416,Belmont,USA
Ian Mahinmi,IND,27,210.82,113.398,None,France
Iman Shumpert,NYK,24,195.58,99.79024,Georgia Tech,USA
Isaiah Canaan,HOU,23,182.88,85.275296,Murray State,USA
Isaiah Thomas,SAC,25,175.26,83.91452,Washington,USA
Ish Smith,PHX,25,182.88,79.3786,Wake Forest,USA
J.J. Barea,MIN,30,182.88,80.739376,Northeastern,Puerto Rico
JJ Hickson,DEN,25,205.74,109.769264,North Carolina State,USA
Gorgui Dieng,MIN,24,210.82,107.954896,Louisville,Senegal
JR Smith,NYK,28,198.12,99.79024,None,USA
JaVale McGee,DEN,26,213.36,122.46984,Nevada,USA
Jae Crowder,DAL,23,198.12,106.59412,Marquette,USA
Hollis Thompson,PHI,23,203.2,93.439952,Georgetown,USA
Gordon Hayward,UTA,24,203.2,99.79024,Butler,USA
George Hill,IND,28,190.5,85.275296,Indiana Purdue-Indianapolis,USA
Glen Rice,WAS,23,198.12,93.439952,Georgia Tech,USA
Earl Watson,POR,35,185.42,90.264808,UCLA,USA
Ed Davis,MEM,25,208.28,102.0582,North Carolina,USA
Ekpe Udoh,MIL,27,208.28,111.13004,Baylor,USA
Elias Harris,LAL,24,203.2,108.408488,Gonzaga,Germany
Elliot Williams,PHI,25,196,86,Memphis,USA
Elton Brand,ATL,35,205.74,115.212368,Duke,USA
Enes Kanter,UTA,22,210.82,112.037224,Kentucky,Turkey
Eric Bledsoe,PHX,24,185.42,88.45044,Kentucky,USA
Eric Gordon,NOP,25,193.04,97.52228,Indiana,USA
Eric Maynor,PHI,27,190.5,79.3786,Virginia Commonwealth,USA
Erik Murphy,CHI,23,208.28,104.32616,Florida,USA
Ersan Ilyasova,MIL,27,208.28,106.59412,None,Turkey
Evan Fournier,DEN,21,198.12,90.7184,None,France
Evan Turner,IND,25,200.66,99.79024,Ohio State,USA
Francisco Garcia,HOU,32,200.66,88.45044,Louisville,Dominican Republic
Gal Mekel,DAL,26,190.5,86.636072,Wichita State,Israel
Garrett Temple,WAS,28,198.12,88.45044,Louisiana State,USA
Gary Neal,CHA,29,193.04,95.25432,Towson,USA
Jamaal Franklin,MEM,22,195.58,86.636072,San Diego State,USA
Gerald Green,PHX,28,203.2,95.25432,None,USA
Gerald Henderson,CHA,26,195.58,97.52228,Duke,USA
Gerald Wallace,BOS,31,200.66,99.79024,Alabama,USA
Giannis Antetokounmpo,MIL,19,205.74,92.98636,None,Greece
Gigi Datome,DET,26,203.2,97.52228,None,Italy
Glen Davis,LAC,28,205.74,131.088088,Louisiana State,USA
Goran Dragic,PHX,28,190.5,86.18248,None,Slovenia
Jamaal Tinsley,UTA,36,190.5,85.275296,Iowa State,USA
Jan Vesely,DEN,24,213.36,109.769264,None,Czech Republic
Jameer Nelson,ORL,32,182.88,86.18248,Saint Joseph's,USA
Jerryd Bayless,BOS,25,190.5,90.7184,Arizona,USA
Jimmer Fredette,CHI,25,187.96,88.45044,Brigham Young,USA
Jimmy Butler,CHI,24,200.66,99.79024,Marquette,USA
Joakim Noah,CHI,29,210.82,105.233344,Florida,USA
Jodie Meeks,LAL,26,193.04,94.347136,Kentucky,USA
Joe Johnson,BKN,33,200.66,108.86208,Arkansas,USA
Joel Anthony,BOS,31,205.74,111.13004,Nevada-Las Vegas,Canada
Joel Freeland,POR,27,208.28,102.0582,None,Great Britain
John Henson,MIL,23,210.82,99.79024,North Carolina,USA
John Jenkins,ATL,23,193.04,97.52228,Vanderbilt,USA
John Lucas III,UTA,31,180.34,75.296272,Oklahoma State,USA
John Salmons,TOR,34,198.12,93.893544,Miami (FL),USA
John Wall,WAS,23,193.04,88.45044,Kentucky,USA
Jon Leuer,MEM,25,208.28,103.418976,Wisconsin,USA
Jonas Jerebko,DET,27,208.28,104.779752,None,Sweden
Jonas Valanciunas,TOR,22,210.82,104.779752,None,Lithuania
Jordan Crawford,GSW,25,193.04,88.45044,Xavier,USA
Jordan Farmar,LAL,27,187.96,81.64656,UCLA,USA
Jordan Hamilton,HOU,23,200.66,99.79024,Texas,USA
Jordan Hill,LAL,26,208.28,106.59412,Arizona,USA
Jorge Gutierrez,BKN,25,190.5,88.45044,California-Berkeley,Mexico
Jose Calderon,DAL,32,190.5,95.707912,None,Spain
Josh Childress,NOP,31,203.2,95.25432,Stanford,USA
Josh Harrellson,DET,25,208.28,124.7378,Kentucky,USA
Josh McRoberts,CHA,27,208.28,108.86208,Duke,USA
Jermaine O'Neal,GSW,35,210.82,115.66596,None,USA
Jamal Crawford,LAC,34,195.58,90.7184,Michigan,USA
Jeremy Tyler,NYK,23,208.28,113.398,None,USA
Jeremy Lamb,OKC,22,195.58,83.91452,Connecticut,USA
James Anderson,PHI,25,198.12,95.25432,Oklahoma State,USA
James Harden,HOU,24,195.58,99.79024,Arizona State,USA
James Johnson,MEM,27,205.74,112.490816,Wake Forest,USA
James Jones,MIA,33,203.2,97.52228,Miami (FL),USA
James Nunnally,PHI,23,200.66,92.98636,California-Santa Barbara,USA
James Southerland,NOP,24,203.2,97.52228,Syracuse,USA
Earl Clark,NYK,26,208.28,106.140528,Louisville,USA
Jannero Pargo,CHA,34,185.42,83.91452,Arkansas,USA
Jared Cunningham,SAC,23,193.04,88.45044,Oregon State,USA
Jared Dudley,LAC,28,200.66,102.0582,Boston College,USA
Jared Sullinger,BOS,22,205.74,117.93392,Ohio State,USA
Jarrett Jack,CLE,30,190.5,90.7184,Georgia Tech,USA
Jarvis Varnado,PHI,26,205.74,104.32616,Mississippi State,USA
Jason Collins,BKN,35,213.36,115.66596,Stanford,USA
Jason Maxiell,ORL,31,200.66,117.93392,Cincinnati,USA
Jason Smith,NOP,28,213.36,108.86208,Colorado State,USA
Jason Terry,BKN,36,187.96,81.64656,Arizona,USA
Jason Thompson,SAC,27,210.82,113.398,Rider,USA
Jeff Adrien,MIL,28,201,111,Connecticut,USA
Jeff Ayres,SAS,27,205.74,113.398,Arizona State,USA
Jeff Green,BOS,27,205.74,106.59412,Georgetown,USA
Jeff Teague,ATL,26,187.96,82.100152,Wake Forest,USA
Jeff Withey,NOP,24,213.36,106.59412,Kansas,USA
Jeffery Taylor,CHA,25,200.66,102.0582,Vanderbilt,Sweden
Jeremy Evans,UTA,26,205.74,89.357624,Western Kentucky,USA
Jeremy Lin,HOU,25,190.5,90.7184,Harvard,USA
E'Twaun Moore,ORL,25,193.04,86.636072,Purdue,USA
Donald Sloan,IND,26,190.5,92.98636,Texas A&M,USA
Dwight Howard,HOU,28,210.82,120.20188,None,USA
Brandan Wright,DAL,26,208.28,95.25432,North Carolina,USA
Brandon Bass,BOS,29,203.2,113.398,Louisiana State,USA
Brandon Davies,PHI,22,208.28,108.86208,Brigham Young,USA
Brandon Jennings,DET,24,185.42,76.657048,None,USA
Brandon Knight,MIL,22,190.5,85.728888,Kentucky,USA
Brandon Rush,UTA,28,198.12,105.686936,Kansas,USA
Brian Roberts,NOP,28,185.42,78.471416,Dayton,USA
Brook Lopez,BKN,26,213.36,124.7378,Stanford,USA
Byron Mullens,PHI,25,213.36,124.7378,Ohio State,USA
C.J. Watson,IND,30,187.96,79.3786,Tennessee,USA
CJ McCollum,POR,22,193.04,90.7184,Lehigh,USA
CJ Miles,CLE,27,198.12,104.779752,None,USA
Carl Landry,SAC,30,205.74,112.490816,Purdue,USA
Carlos Boozer,CHI,32,205.74,120.655472,Duke,USA
Carmelo Anthony,NYK,30,203.2,106.59412,Syracuse,USA
Caron Butler,OKC,34,200.66,103.418976,Connecticut,USA
Carrick Felix,CLE,23,198.12,91.171992,Arizona State,USA
Cartier Martin,ATL,29,200.66,99.79024,Kansas State,USA
Casper Ware,PHI,24,177.8,79.3786,Long Beach State,USA
Chandler Parsons,HOU,25,205.74,102.965384,Florida,USA
Channing Frye,PHX,31,210.82,111.13004,Arizona,USA
Charlie Villanueva,DET,29,210.82,105.233344,Connecticut,USA
Chase Budinger,MIN,26,200.66,94.800728,Arizona,USA
Chauncey Billups,DET,37,190.5,95.25432,Colorado,USA
Chris Andersen,MIA,35,208.28,111.13004,Blinn,USA
Bradley Beal,WAS,21,195.58,93.893544,Florida,USA
Chris Babb,BOS,24,195.58,102.0582,Iowa State,USA
Boris Diaw,SAS,32,203.2,113.398,None,France
Bismack Biyombo,CHA,21,205.74,111.13004,None,Democratic Republic of the Congo
Andre Miller,WAS,38,187.96,90.7184,Utah,USA
Andre Roberson,OKC,22,200.66,95.25432,Colorado,USA
Andrea Bargnani,NYK,28,213.36,113.398,None,Italy
Andrei Kirilenko,BKN,33,205.74,106.59412,None,Russia
Andrew Bogut,GSW,29,213.36,117.93392,Utah,Australia
Andrew Bynum,IND,26,213.36,129.27372,None,USA
Andrew Nicholson,ORL,24,205.74,113.398,St. Bonaventure,Canada
Andris Biedrins,UTA,28,213.36,113.398,None,Latvia
Antawn Jamison,LAC,38,205.74,106.59412,North Carolina,USA
Anthony Bennett,CLE,21,203.2,117.480328,Nevada-Las Vegas,Canada
Anthony Davis,NOP,21,208.28,99.79024,Kentucky,USA
Anthony Morrow,NOP,28,195.58,95.25432,Georgia Tech,USA
Anthony Tolliver,CHA,29,203.2,108.86208,Creighton,USA
Archie Goodwin,PHX,19,195.58,89.811216,Kentucky,USA
Arinze Onuaku,CLE,26,205.74,124.7378,Syracuse,USA
Arnett Moultrie,PHI,23,208.28,108.86208,Mississippi State,USA
Aron Baynes,SAS,27,208.28,117.93392,Washington State,Australia
Arron Afflalo,ORL,28,195.58,97.52228,UCLA,USA
Austin Daye,SAS,26,210.82,90.7184,Gonzaga,USA
Austin Rivers,NOP,21,193.04,90.7184,Duke,USA
Avery Bradley,BOS,23,187.96,81.64656,Texas,USA
Ben Gordon,CHA,31,190.5,90.7184,Connecticut,USA
Ben McLemore,SAC,21,195.58,88.45044,Kansas,USA
Beno Udrih,MEM,31,190.5,95.25432,None,Slovenia
Bernard James,DAL,29,208.28,108.86208,Florida State,USA
Blake Griffin,LAC,25,208.28,113.851592,Oklahoma,USA
Dwyane Wade,MIA,32,193.04,99.79024,Marquette,USA
Chris Bosh,MIA,30,210.82,106.59412,Georgia Tech,USA
Chris Douglas-Roberts,CHA,27,200.66,95.25432,Memphis,USA
DeAndre Liggins,MIA,26,198.12,94.800728,Kentucky,USA
DeJuan Blair,DAL,25,200.66,122.46984,Pittsburgh,USA
DeMar DeRozan,TOR,24,200.66,97.975872,Southern California,USA
DeMarcus Cousins,SAC,23,210.82,122.46984,Kentucky,USA
DeMarre Carroll,ATL,27,203.2,96.161504,Missouri,USA
Dennis Schroder,ATL,20,185.42,76.203456,None,Germany
Derek Fisher,OKC,39,185.42,95.25432,Arkansas-Little Rock,USA
Deron Williams,BKN,30,190.5,94.800728,Illinois,USA
Derrick Favors,UTA,22,208.28,121.562656,Georgia Tech,USA
Derrick Rose,CHI,25,190.5,86.18248,Memphis,USA
Derrick Williams,SAC,23,203.2,108.86208,Arizona,USA
Devin Harris,DAL,31,190.5,87.089664,Wisconsin,USA
Dewayne Dedmon,ORL,24,213.36,115.66596,Southern California,USA
Dexter Pittman,ATL,26,210.82,129.27372,Texas,USA
Diante Garrett,UTA,25,193.04,86.18248,Iowa State,USA
Dion Waiters,CLE,22,193.04,102.0582,Syracuse,USA
Dionte Christmas,PHX,27,195.58,92.98636,Temple,USA
Dirk Nowitzki,DAL,36,213.36,111.13004,None,Germany
Josh Powell,HOU,31,205.74,108.86208,North Carolina State,USA
Donatas Motiejunas,HOU,23,213.36,100.697424,None,Lithuania
Dorell Wright,POR,28,205.74,92.98636,None,USA
Doron Lamb,ORL,22,193.04,90.7184,Kentucky,USA
Draymond Green,GSW,24,200.66,104.32616,Michigan State,USA
Drew Gooden,WAS,32,208.28,113.398,Kansas,USA
Dwight Buycks,TOR,25,190.5,86.18248,Marquette,USA
DeAndre Jordan,LAC,25,210.82,120.20188,Texas A&M,USA
Chris Copeland,IND,30,203.2,106.59412,Colorado,USA
David West,IND,33,205.74,113.398,Xavier,USA
Darren Collison,LAC,26,182.88,79.3786,UCLA,USA
Chris Johnson,BOS,24,198.12,91.171992,Dayton,USA
Chris Kaman,LAL,32,213.36,120.20188,Central Michigan,USA
Chris Paul,LAC,29,182.88,79.3786,Wake Forest,USA
Chris Singleton,WAS,24,205.74,103.418976,Florida State,USA
Chris Smith,NYK,26,187.96,90.7184,Louisville,USA
Chris Wright,MIL,25,205.74,102.511792,Dayton,USA
Chuck Hayes,TOR,31,198.12,113.398,Kentucky,USA
Cody Zeller,CHA,21,213.36,108.86208,Indiana,USA
Cole Aldrich,NYK,25,210.82,111.13004,Kansas,USA
Corey Brewer,MIN,28,205.74,83.91452,Florida,USA
Cory Joseph,SAS,22,190.5,86.18248,Texas,Canada
Courtney Lee,MEM,28,195.58,90.7184,Western Kentucky,USA
D.J. Augustin,CHI,26,182.88,83.007336,Texas,USA
DJ Stephens,MIL,23,195.58,85.275296,Memphis,USA
DJ White,CHA,27,205.74,113.398,Indiana,USA
Damian Lillard,POR,23,190.5,88.45044,Weber State,USA
Damion James,SAS,26,200.66,102.0582,Texas,USA
Daniel Orton,PHI,23,208.28,124.7378,Kentucky,USA
Danny Granger,LAC,31,205.74,103.418976,New Mexico,USA
Danny Green,SAS,27,198.12,97.52228,North Carolina,USA
Dante Cunningham,MIN,27,203.2,100.243832,Villanova,USA
Darius Johnson-Odom,PHI,24,187.96,97.52228,Marquette,USA
Darius Miller,NOP,24,203.2,102.0582,Kentucky,USA
Darius Morris,MEM,23,193.04,88.45044,Michigan,USA
Darrell Arthur,DEN,26,205.74,106.59412,Kansas,USA
David Lee,GSW,31,205.74,108.86208,Florida,USA
Josh Smith,DET,28,205.74,102.0582,None,USA
Kendrick Perkins,OKC,29,208.28,122.46984,None,USA
Julyan Stone,TOR,25,198.12,90.7184,Texas-El Paso,USA
Royce White,SAC,23,203.2,117.93392,Iowa State,USA
Rudy Gay,SAC,27,203.2,104.32616,Connecticut,USA
Rudy Gobert,UTA,22,215.9,111.13004,None,France
Russell Westbrook,OKC,25,190.5,90.7184,UCLA,USA
Ryan Anderson,NOP,26,208.28,108.86208,California,USA
Ryan Gomes,OKC,31,200.66,111.13004,Providence,USA
Ryan Hollins,LAC,29,213.36,108.86208,UCLA,USA
Ryan Kelly,LAL,23,210.82,104.32616,Duke,USA
Samuel Dalembert,DAL,34,210.82,113.398,Seton Hall,Haiti
Sasha Vujacic,LAC,30,200.66,92.98636,None,Slovenia
Scotty Hopson,CLE,24,200.66,92.532768,Tennessee,USA
Serge Ibaka,OKC,24,208.28,111.13004,None,Democratic Republic of the Congo
Sergey Karasev,CLE,20,200.66,88.904032,None,Russia
Seth Curry,CLE,23,187.96,83.91452,Duke,USA
Shabazz Muhammad,MIN,21,198.12,100.697424,UCLA,USA
Shane Battier,MIA,35,203.2,99.79024,Duke,USA
Shane Edwards,CLE,27,200.66,99.79024,Arkansas-Little Rock,USA
Shane Larkin,DAL,21,180.34,79.832192,Miami (FL),USA
Shannon Brown,NYK,28,193.04,95.25432,Michigan State,USA
Shaun Livingston,BKN,28,200.66,79.3786,None,USA
Shavlik Randolph,PHX,30,208.28,107.047712,Duke,USA
Shawn Marion,DAL,36,200.66,103.418976,Nevada-Las Vegas,USA
Shawne Williams,LAL,28,205.74,104.32616,Memphis,USA
Shelvin Mack,ATL,24,190.5,93.893544,Butler,USA
Solomon Hill,IND,23,200.66,102.0582,Arizona,USA
Royal Ivey,OKC,32,193.04,90.7184,Texas,USA
Solomon Jones,ORL,29,208.28,106.59412,South Florida,USA
Roy Hibbert,IND,27,218.44,131.54168,Georgetown,USA
Ronnie Price,ORL,31,187.96,86.18248,Utah Valley,USA
Quincy Acy,SAC,23,200.66,102.0582,Baylor,USA
Quincy Miller,DEN,21,205.74,95.25432,Baylor,USA
Quincy Pondexter,MEM,26,198.12,102.0582,Washington,USA
Rajon Rondo,BOS,28,185.42,84.368112,Kentucky,USA
Ramon Sessions,MIL,28,190.5,86.18248,Nevada,USA
Randy Foye,DEN,30,193.04,96.615096,Villanova,USA
Rashard Lewis,MIA,34,208.28,106.59412,None,USA
Rasual Butler,IND,35,200.66,97.52228,La Salle,USA
Ray Allen,MIA,38,195.58,92.98636,Connecticut,USA
Ray McCallum,SAC,23,190.5,86.18248,Detroit Mercy,USA
Raymond Felton,NYK,30,185.42,92.98636,North Carolina,USA
Reggie Bullock,LAC,23,200.66,92.98636,North Carolina,USA
Reggie Evans,SAC,34,203.2,111.13004,Iowa,USA
Reggie Jackson,OKC,24,190.5,94.347136,Boston College,USA
Reggie Williams,OKC,27,201,86,Virginia Military Institute,USA
Richard Jefferson,UTA,34,200.66,106.140528,Arizona,USA
Ricky Ledo,DAL,21,200.66,88.45044,Providence,USA
Ricky Rubio,MIN,23,193.04,83.91452,None,Spain
Robbie Hummel,MIN,25,203.2,99.79024,Purdue,USA
Robert Covington,HOU,23,205.74,97.52228,Tennessee State,USA
Robert Sacre,LAL,25,213.36,117.93392,Gonzaga,Canada
Robin Lopez,POR,26,213.36,115.66596,Stanford,USA
Rodney Stuckey,DET,28,195.58,92.98636,Eastern Washington,USA
Roger Mason Jr.,MIA,33,195.58,92.98636,Virginia,USA
Ronnie Brewer,CHI,29,200.66,106.59412,Arkansas,USA
Ronny Turiaf,MIN,31,208.28,109.315672,Gonzaga,France
Phil Pressey,BOS,23,180.34,79.3786,Missouri,USA
Spencer Hawes,CLE,26,215.9,111.13004,Washington,USA
Stephen Jackson,LAC,36,203.2,99.79024,Butler Community College,USA
Tristan Thompson,CLE,23,205.74,107.954896,Texas,Canada
Troy Daniels,HOU,22,193.04,92.532768,Virginia Commonwealth,USA
Ty Lawson,DEN,26,180.34,88.45044,North Carolina,USA
Tyler Hansbrough,TOR,28,205.74,113.398,North Carolina,USA
Tyler Zeller,CLE,24,213.36,114.758776,North Carolina,USA
Tyreke Evans,NOP,24,198.12,99.79024,Memphis,USA
Tyshawn Taylor,BKN,24,190.5,83.91452,Kansas,USA
Tyson Chandler,NYK,31,215.9,108.86208,None,USA
Udonis Haslem,MIA,34,203.2,106.59412,Florida,USA
Vander Blue,BOS,21,193.04,90.7184,Marquette,USA
Viacheslav Kravtsov,PHX,26,210.82,115.212368,None,Ukraine
Victor Claver,POR,25,205.74,101.604608,None,Spain
Victor Oladipo,ORL,22,193.04,97.52228,Indiana,USA
Vince Carter,DAL,37,198.12,99.79024,North Carolina,USA
Vitor Faverani,BOS,26,210.82,117.93392,None,Brazil
Wayne Ellington,DAL,26,193.04,90.7184,North Carolina,USA
Wesley Johnson,LAL,26,200.66,97.52228,Syracuse,USA
Wesley Matthews,POR,27,195.58,99.79024,Marquette,USA
Will Barton,POR,23,198.12,79.3786,Memphis,USA
Will Bynum,DET,31,182.88,83.91452,Georgia Tech,USA
Willie Green,LAC,32,190.5,91.171992,Detroit Mercy,USA
Wilson Chandler,DEN,27,203.2,102.0582,DePaul,USA
Xavier Henry,LAL,23,198.12,99.79024,Kansas,USA
Zach Randolph,MEM,32,205.74,117.93392,Michigan State,USA
Zaza Pachulia,MIL,30,210.82,124.7378,None,Georgia
Trey Burke,UTA,21,185.42,86.18248,Michigan,USA
Stephen Curry,GSW,26,190.5,83.91452,Davidson,USA
Trevor Booker,WAS,26,203.2,106.59412,Clemson,USA
Travis Outlaw,SAC,29,205.74,93.893544,None,USA
Steve Blake,GSW,34,190.5,78.017824,Maryland,USA
Steve Nash,LAL,40,190.5,80.739376,Santa Clara,Canada
Steve Novak,TOR,31,208.28,106.59412,Marquette,USA
Steven Adams,OKC,20,213.36,115.66596,Pittsburgh,New Zealand
Taj Gibson,CHI,29,205.74,102.0582,Southern California,USA
Tayshaun Prince,MEM,34,205.74,97.52228,Kentucky,USA
Terrence Jones,HOU,22,205.74,114.305184,Kentucky,USA
Terrence Ross,TOR,23,198.12,88.45044,Washington,USA
Thabo Sefolosha,OKC,30,200.66,100.697424,None,Switzerland
Thaddeus Young,PHI,26,203.2,104.32616,Georgia Tech,USA
Thomas Robinson,POR,23,208.28,107.501304,Kansas,USA
Tiago Splitter,SAS,29,210.82,111.13004,None,Brazil
Tim Duncan,SAS,38,210.82,113.398,Wake Forest,US Virgin Islands
Tim Hardaway Jr.,NYK,22,198.12,92.98636,Michigan,USA
Timofey Mozgov,DEN,27,215.9,113.398,None,Russia
Tobias Harris,ORL,21,205.74,106.59412,Tennessee,USA
Toney Douglas,MIA,28,187.96,88.45044,Florida State,USA
Tony Allen,MEM,32,193.04,96.615096,Oklahoma State,USA
Tony Mitchell,MIL,24,198.12,97.975872,Alabama,USA
Tony Mitchell,DET,22,203.2,106.59412,North Texas,USA
Tony Parker,SAS,32,187.96,83.91452,None,France
Tony Snell,CHI,22,200.66,90.7184,New Mexico,USA
Tony Wroten,PHI,21,198.12,92.98636,Washington,USA
Tornike Shengelia,CHI,22,205.74,99.79024,None,Georgia
Toure' Murry,NYK,24,195.58,88.45044,Wichita State,USA
Trevor Ariza,WAS,28,203.2,99.79024,UCLA,USA
Jrue Holiday,NOP,24,193.04,92.98636,UCLA,USA
Peyton Siva,DET,23,182.88,83.91452,Louisville,USA
Pero Antic,ATL,31,210.82,117.93392,None,Macedonia
Lance Thomas,NOP,26,203.2,102.0582,Duke,USA
Landry Fields,TOR,26,200.66,97.52228,Stanford,USA
Larry Sanders,MIL,25,210.82,106.59412,Virginia Commonwealth,USA
Lavoy Allen,IND,25,205.74,115.66596,Temple,USA
LeBron James,MIA,29,203.2,113.398,None,USA
Leandro Barbosa,PHX,31,190.5,87.996848,None,Brazil
Lorenzo Brown,PHI,23,195.58,88.45044,North Carolina State,USA
Lou Amundson,CHI,31,205.74,102.0582,Nevada-Las Vegas,USA
Lou Williams,ATL,27,185.42,79.3786,None,USA
Luc Mbah a Moute,MIN,27,203.2,104.32616,UCLA,Cameroon
Luis Scola,IND,34,205.74,108.86208,None,Argentina
Luke Babbitt,NOP,25,205.74,102.0582,Nevada,USA
Luke Ridnour,CHA,33,187.96,79.3786,Oregon,USA
Luol Deng,CLE,29,205.74,99.79024,Duke,United Kingdom
Maalik Wayns,LAC,23,185.42,88.45044,Villanova,USA
Malcolm Thomas,UTA,25,205.74,102.0582,San Diego State,USA
Manny Harris,LAL,24,195.58,83.91452,Michigan,USA
Manu Ginobili,SAS,36,198.12,92.98636,None,Argentina
MarShon Brooks,LAL,25,195.58,90.7184,Providence,USA
Marc Gasol,MEM,29,215.9,120.20188,None,Spain
Marcin Gortat,WAS,30,210.82,108.86208,None,Poland
Marco Belinelli,SAS,28,195.58,95.25432,None,Italy
Marcus Morris,PHX,24,205.74,106.59412,Kansas,USA
Marcus Thornton,BKN,27,193.04,92.98636,Louisiana State,USA
Mario Chalmers,MIA,28,187.96,86.18248,Kansas,USA
Lance Stephenson,IND,23,195.58,104.32616,Cincinnati,USA
Markieff Morris,PHX,24,208.28,111.13004,Kansas,USA
LaMarcus Aldridge,POR,28,210.82,108.86208,Texas,USA
Kyle Singler,DET,26,203.2,104.32616,Duke,USA
Justin Hamilton,MIA,24,213.36,115.66596,Louisiana State,USA
Kawhi Leonard,SAS,23,200.66,104.32616,San Diego State,USA
Keith Bogans,BOS,34,195.58,97.52228,Kentucky,USA
Kelly Olynyk,BOS,23,213.36,107.954896,Gonzaga,Canada
Kemba Walker,CHA,24,185.42,83.460928,Connecticut,USA
Kendall Marshall,LAL,22,193.04,88.45044,North Carolina,USA
Andre Iguodala,GSW,30,198.12,93.893544,Arizona,USA
Kenneth Faried,DEN,24,203.2,103.418976,Morehead State,USA
Kent Bazemore,LAL,24,195.58,91.171992,Old Dominion,USA
Kentavious Caldwell-Pope,DET,21,195.58,92.98636,Georgia,USA
Kenyon Martin,NYK,36,205.74,102.0582,Cincinnati,USA
Kevin Durant,OKC,25,205.74,108.86208,Texas,USA
Kevin Garnett,BKN,38,210.82,114.758776,None,USA
Kevin Love,MIN,25,208.28,110.222856,UCLA,USA
Kevin Martin,MIN,31,200.66,89.357624,Western Carolina,USA
Kevin Seraphin,WAS,24,208.28,126.098576,Le Moyne,France
Khris Middleton,MIL,22,203.2,98.429464,Texas A&M,USA
Kirk Hinrich,CHI,33,193.04,86.18248,Kansas,USA
Klay Thompson,GSW,24,200.66,92.98636,Washington State,USA
Kobe Bryant,LAL,35,198.12,92.98636,None,USA
Kosta Koufos,MEM,25,213.36,120.20188,Ohio State,USA
Kris Humphries,BOS,29,205.74,106.59412,Minnesota,USA
Kyle Korver,ATL,33,200.66,96.161504,Creighton,USA
Kyle Lowry,TOR,28,182.88,92.98636,Villanova,USA
Kyle O'Quinn,ORL,24,208.28,113.398,Norfolk State,USA
Kyrie Irving,CLE,22,190.5,87.543256,Duke,Australia
Perry Jones III,OKC,22,210.82,106.59412,Baylor,USA
Marquis Teague,BKN,21,187.96,86.18248,Kentucky,USA
Martell Webster,WAS,27,200.66,104.32616,None,USA
Nemanja Nedovic,GSW,23,190.5,87.089664,None,Serbia
Nene,WAS,31,210.82,113.398,None,Brazil
Nick Calathes,MEM,25,198.12,96.615096,Florida,USA
Nick Collison,OKC,33,208.28,115.66596,Kansas,USA
Nick Young,LAL,29,200.66,95.25432,Southern California,USA
Nicolas Batum,POR,25,203.2,90.7184,None,France
Nikola Pekovic,MIN,28,210.82,129.27372,None,Montenegro
Nikola Vucevic,ORL,23,213.36,113.398,Southern California,Montenegro
Norris Cole,MIA,25,187.96,79.3786,Cleveland State,USA
O.J. Mayo,MIL,26,193.04,95.25432,Southern California,USA
Ognjen Kuzmic,GSW,24,213.36,113.851592,None,Bosnia
Omer Asik,HOU,27,213.36,115.66596,None,Turkey
Omri Casspi,HOU,26,205.74,102.0582,None,Israel
Orlando Johnson,SAC,25,195.58,99.79024,California-Santa Barbara,USA
Othyus Jeffers,MIN,28,195.58,95.25432,Robert Morris (IL),USA
Otto Porter Jr.,WAS,21,203.2,89.811216,Georgetown,USA
PJ Tucker,PHX,29,198.12,101.604608,Texas,USA
Pablo Prigioni,NYK,37,190.5,83.91452,None,Argentina
Patrick Beverley,HOU,25,185.42,83.91452,Arkansas,USA
Patrick Patterson,TOR,25,205.74,106.59412,Kentucky,USA
Patty Mills,SAS,25,182.88,83.91452,Saint Mary's (CA),Australia
Pau Gasol,LAL,33,213.36,113.398,None,Spain
Paul George,IND,24,205.74,99.79024,Fresno State,USA
Paul Millsap,ATL,29,203.2,114.758776,Louisiana Tech,USA
Paul Pierce,BKN,36,200.66,106.59412,Kansas,USA
Nazr Mohammed,CHI,36,208.28,113.398,Kentucky,USA
Marreese Speights,GSW,26,208.28,115.66596,Florida,USA
Nate Wolters,MIL,23,193.04,86.18248,South Dakota State,USA
Nando De Colo,TOR,27,195.58,88.45044,None,France
Marvin Williams,UTA,28,205.74,107.501304,North Carolina,USA
Mason Plumlee,BKN,24,210.82,106.59412,Duke,USA
Matt Barnes,LAC,34,200.66,102.511792,UCLA,USA
Matt Bonner,SAS,34,208.28,106.59412,Florida,USA
Matthew Dellavedova,CLE,23,193.04,90.7184,Saint Mary's (CA),Australia
Maurice Harkless,ORL,21,205.74,99.79024,St. John's (NY),USA
Melvin Ely,NOP,36,208.28,117.93392,Fresno State,USA
Metta World Peace,NYK,34,200.66,117.93392,St. John's (NY),USA
Meyers Leonard,POR,22,215.9,111.13004,Illinois,USA
Michael Beasley,MIA,25,208.28,106.59412,Kansas State,USA
Michael Carter-Williams,PHI,22,198.12,83.91452,Syracuse,USA
Michael Kidd-Gilchrist,CHA,20,200.66,105.233344,Kentucky,USA
Mike Conley,MEM,26,185.42,83.91452,Ohio State,USA
Mike Dunleavy,CHI,33,205.74,104.32616,Duke,USA
Mike Harris,UTA,31,198.12,109.769264,Rice,USA
Mike James,CHI,39,187.96,85.275296,Duquesne,USA
Mike Miller,MEM,34,203.2,98.883056,Florida,USA
Mike Muscala,ATL,22,210.82,108.408488,Bucknell,USA
Mike Scott,ATL,25,203.2,107.501304,Virginia,USA
Miles Plumlee,PHX,25,210.82,115.66596,Duke,USA
Miroslav Raduljica,MIL,26,213.36,113.398,None,Serbia
Mirza Teletovic,BKN,28,205.74,109.769264,None,Bosnia
Mo Williams,POR,31,185.42,88.45044,Alabama,USA
Monta Ellis,DAL,28,190.5,83.91452,None,USA
Mustafa Shakur,OKC,29,190.5,86.18248,Arizona,USA
Nate Robinson,DEN,30,175.26,81.64656,Washington,USA
Andre Drummond,DET,20,208.28,122.46984,Connecticut,USA
Anthony Randolph,DEN,24,210.82,102.0582,Louisiana State,USA
Anderson Varejao,CLE,31,210.82,121.109064,None,Brazil
Andray Blatche,BKN,27,210.82,117.93392,None,USA
AJ Price,MIN,27,187.96,88.45044,Connecticut,USA
Aaron Brooks,DEN,29,182.88,73.028312,Oregon,USA
Aaron Gray,SAC,29,213.36,122.46984,Pittsburgh,USA
Al Harrington,WAS,34,205.74,111.13004,None,USA
Al Horford,ATL,28,208.28,113.398,Florida,Dominican Republic
Al Jefferson,CHA,29,208.28,131.088088,None,USA
Al-Farouq Aminu,NOP,23,205.74,97.52228,Wake Forest,USA
Adonis Thomas,PHI,21,200.66,108.86208,Memphis,USA
Alec Burks,UTA,22,198.12,95.707912,Colorado,USA
Alex Len,PHX,21,215.9,115.66596,Maryland,Ukraine
Alexey Shved,MIN,25,198.12,84.821704,None,Russia
Alexis Ajinca,NOP,26,218.44,112.490816,None,France
Allen Crabbe,POR,22,198.12,95.25432,California,USA
Alonzo Gee,CLE,27,198.12,102.0582,Alabama,USA
Amar'e Stoudemire,NYK,31,210.82,111.13004,None,USA
Alan Anderson,BKN,31,198.12,99.79024,Michigan State,USA
Amir Johnson,TOR,27,205.74,95.25432,None,USA
Patrick Patterson,TOR,26,205.74,106.59412,Kentucky,USA
Patty Mills,SAS,26,182.88,83.91452,Saint Mary's (CA),Australia
Pau Gasol,CHI,34,213.36,113.398,None,Spain
Paul George,IND,25,205.74,99.79024,Fresno State,USA
Paul Millsap,ATL,30,203.2,114.758776,Louisiana Tech,USA
Phil Pressey,BOS,24,180.34,79.3786,Missouri,USA
Pero Antic,ATL,32,210.82,117.93392,None,Macedonia
Perry Jones III,OKC,23,210.82,106.59412,Baylor,USA
Quincy Acy,NYK,24,200.66,108.86208,Baylor,USA
Patrick Christopher,MEM,27,196,94,California,USA
Quincy Miller,DET,22,205.74,95.25432,Baylor,USA
Paul Pierce,WAS,37,200.66,106.59412,Kansas,USA
Patrick Beverley,HOU,26,185.42,95.25432,Arkansas,USA
O.J. Mayo,MIL,27,195.58,95.25432,Southern California,USA
PJ Tucker,PHX,30,198.12,101.604608,Texas,USA
PJ Hairston,CHA,22,198.12,104.32616,North Carolina,USA
Otto Porter Jr.,WAS,22,203.2,89.811216,Georgetown,USA
Omri Casspi,SAC,27,205.74,102.0582,None,Israel
Omer Asik,NOP,28,213.36,115.66596,None,Turkey
Ognjen Kuzmic,GSW,25,213.36,117.93392,None,Bosnia
Quincy Pondexter,NOP,27,200.66,99.79024,Washington,USA
Norris Cole,NOP,26,187.96,79.3786,Cleveland State,USA
Noah Vonleh,CHA,19,208.28,108.86208,Indiana,USA
Nikola Vucevic,ORL,24,213.36,117.93392,Southern California,Montenegro
Nikola Pekovic,MIN,29,210.82,133.80964,None,Montenegro
Nikola Mirotic,CHI,24,208.28,99.79024,None,Montenegro
Pablo Prigioni,HOU,38,190.5,83.91452,None,Argentina
Rajon Rondo,DAL,29,185.42,84.368112,Kentucky,USA
Richard Jefferson,DAL,35,200.66,106.140528,Arizona,USA
Randy Foye,DEN,31,193.04,96.615096,Villanova,USA
Samuel Dalembert,NYK,35,210.82,115.66596,Seton Hall,Haiti
Ryan Kelly,LAL,24,210.82,104.32616,Duke,USA
Ryan Hollins,SAC,30,213.36,108.86208,UCLA,USA
Ryan Anderson,NOP,27,208.28,108.86208,California,USA
Russell Westbrook,OKC,26,190.5,90.7184,UCLA,USA
Russ Smith,MEM,24,182.88,74.84268,Louisville,USA
Rudy Gobert,UTA,23,215.9,111.13004,None,France
Rudy Gay,SAC,28,203.2,104.32616,Connecticut,USA
Roy Hibbert,IND,28,218.44,131.54168,Georgetown,USA
Ronny Turiaf,MIN,32,208.28,112.944408,Gonzaga,France
Ronnie Price,LAL,32,187.96,86.18248,Utah Valley,USA
Rodney Stuckey,IND,29,195.58,92.98636,Eastern Washington,USA
Rodney Hood,UTA,22,203.2,97.52228,Duke,USA
Robin Lopez,POR,27,213.36,115.66596,Stanford,USA
Robert Sacre,LAL,26,213.36,122.46984,Gonzaga,Canada
Robert Covington,PHI,24,205.74,97.52228,Tennessee State,USA
Robbie Hummel,MIN,26,205.74,99.336648,Purdue,USA
Ricky Rubio,MIN,24,193.04,87.089664,None,Spain
Ricky Ledo,NYK,22,200.66,88.45044,Providence,USA
Nik Stauskas,SAC,21,198.12,92.98636,Michigan,Canada
Reggie Williams,SAS,28,201,86,Virginia Military Institute,USA
Reggie Jackson,DET,25,190.5,94.347136,Boston College,USA
Reggie Evans,SAC,35,203.2,111.13004,Iowa,USA
Reggie Bullock,PHX,24,200.66,92.98636,North Carolina,USA
Raymond Felton,DAL,31,185.42,92.98636,North Carolina,USA
Ray McCallum,SAC,24,190.5,86.18248,Detroit Mercy,USA
Rasual Butler,WAS,36,200.66,97.52228,La Salle,USA
Ramon Sessions,WAS,29,190.5,86.18248,Nevada,USA
Nicolas Batum,POR,26,203.2,90.7184,None,France
Monta Ellis,DAL,29,190.5,83.91452,None,USA
Nick Johnson,HOU,22,190.5,91.625584,Arizona,USA
Markel Brown,BKN,23,190.5,86.18248,Oklahoma State,USA
Mario Chalmers,MIA,29,187.96,86.18248,Kansas,USA
Marcus Thornton,PHX,28,193.04,92.98636,Louisiana State,USA
Marcus Smart,BOS,21,193.04,99.79024,Oklahoma State,USA
Marcus Morris,PHX,25,205.74,106.59412,Kansas,USA
Marco Belinelli,SAS,29,195.58,95.25432,None,Italy
Marcin Gortat,WAS,31,210.82,108.86208,None,Poland
Marc Gasol,MEM,30,215.9,120.20188,None,Spain
Manu Ginobili,SAS,37,198.12,92.98636,None,Argentina
Malcolm Thomas,PHI,26,205.74,102.0582,San Diego State,USA
Malcolm Lee,PHI,25,195.58,90.7184,UCLA,USA
Luol Deng,MIA,30,205.74,99.79024,Duke,United Kingdom
Luke Ridnour,ORL,34,187.96,79.3786,Oregon,USA
Luke Babbitt,NOP,26,205.74,102.0582,Nevada,USA
Luis Scola,IND,35,205.74,108.86208,None,Argentina
Lucas Nogueira,TOR,22,213.36,99.79024,None,Brazil
Luc Mbah a Moute,PHI,28,203.2,104.32616,UCLA,Cameroon
Lou Williams,TOR,28,185.42,79.3786,None,USA
Lou Amundson,NYK,32,205.74,102.0582,Nevada-Las Vegas,USA
Lorenzo Brown,MIN,24,195.58,85.728888,North Carolina State,USA
Lester Hudson,LAC,30,190.5,86.18248,Tennessee-Martin,USA
Leandro Barbosa,GSW,32,190.5,87.996848,None,Brazil
LeBron James,CLE,30,203.2,113.398,None,USA
Lavoy Allen,IND,26,205.74,115.66596,Temple,USA
Larry Sanders,MIL,26,210.82,104.32616,Virginia Commonwealth,USA
Larry Drew II,PHI,25,187.96,81.64656,UCLA,USA
Langston Galloway,NYK,23,187.96,90.7184,Saint Joseph's,USA
Markieff Morris,PHX,25,208.28,111.13004,Kansas,USA
Nick Young,LAL,30,200.66,95.25432,Southern California,USA
Marreese Speights,GSW,27,208.28,115.66596,Florida,USA
Marvin Williams,CHA,29,205.74,107.501304,North Carolina,USA
Nick Collison,OKC,34,208.28,115.66596,Kansas,USA
Nick Calathes,MEM,26,198.12,96.615096,Florida,USA
Nerlens Noel,PHI,21,210.82,103.418976,Kentucky,USA
Nene,WAS,32,210.82,113.398,None,Brazil
Nazr Mohammed,CHI,37,208.28,113.398,Kentucky,USA
Nate Wolters,MIL,24,193.04,86.18248,South Dakota State,USA
Nate Robinson,DEN,31,175.26,81.64656,Washington,USA
Sean Kilpatrick,MIN,25,193.04,95.25432,Cincinnati,USA
Mo Williams,CHA,32,185.42,89.811216,Alabama,USA
Mitch McGary,OKC,23,208.28,115.66596,Michigan,USA
Mirza Teletovic,BKN,29,205.74,109.769264,None,Bosnia
Miroslav Raduljica,MIN,27,213.36,113.398,None,Serbia
Miles Plumlee,MIL,26,210.82,115.66596,Duke,USA
Mike Scott,ATL,26,203.2,107.501304,Virginia,USA
Mike Muscala,ATL,23,210.82,104.32616,Bucknell,USA
Mike Miller,CLE,35,203.2,98.883056,Florida,USA
Mike Dunleavy,CHI,34,205.74,104.32616,Duke,USA
Mike Conley,MEM,27,185.42,79.3786,Ohio State,USA
Michael Kidd-Gilchrist,CHA,21,200.66,105.233344,Kentucky,USA
Michael Carter-Williams,MIL,23,198.12,86.18248,Syracuse,USA
Michael Beasley,MIA,26,208.28,106.59412,Kansas State,USA
Meyers Leonard,POR,23,215.9,111.13004,Illinois,USA
Maurice Harkless,ORL,22,205.74,97.52228,St. John's (NY),USA
Matthew Dellavedova,CLE,24,193.04,90.7184,Saint Mary's (CA),Australia
Matt Bonner,SAS,35,208.28,106.59412,Florida,USA
Matt Barnes,LAC,35,200.66,102.511792,UCLA,USA
Mason Plumlee,BKN,25,210.82,106.59412,Duke,USA
Martell Webster,WAS,28,200.66,104.32616,None,USA
Sebastian Telfair,OKC,30,182.88,77.11064,None,USA
Shavlik Randolph,PHX,31,208.28,107.047712,Duke,USA
Sergey Karasev,BKN,21,200.66,94.347136,None,Russia
Arron Afflalo,POR,29,195.58,97.52228,UCLA,USA
Austin Daye,ATL,27,210.82,99.79024,Gonzaga,USA
Austin Rivers,LAC,22,193.04,90.7184,Duke,USA
Avery Bradley,BOS,24,187.96,81.64656,Texas,USA
Ben Gordon,ORL,32,190.5,92.98636,Connecticut,USA
Ben McLemore,SAC,22,195.58,88.45044,Kansas,USA
Beno Udrih,MEM,32,190.5,92.98636,None,Slovenia
Bernard James,DAL,30,208.28,106.59412,Florida State,USA
Bismack Biyombo,CHA,22,205.74,111.13004,None,Democratic Republic of the Congo
Blake Griffin,LAC,26,208.28,113.851592,Oklahoma,USA
Bojan Bogdanovic,BKN,26,203.2,97.975872,None,Croatia
Boris Diaw,SAS,33,203.2,113.398,None,France
Bradley Beal,WAS,22,195.58,93.893544,Florida,USA
Brandan Wright,PHX,27,208.28,95.25432,North Carolina,USA
Brandon Bass,BOS,30,203.2,113.398,Louisiana State,USA
Tyreke Evans,NOP,25,198.12,99.79024,Memphis,USA
Tyrus Thomas,MEM,28,208.28,102.0582,Louisiana State,USA
Tyson Chandler,DAL,32,215.9,108.86208,None,USA
Udonis Haslem,MIA,35,203.2,106.59412,Florida,USA
Vander Blue,LAL,22,193.04,90.7184,Marquette,USA
Andre Miller,SAC,39,187.96,90.7184,Utah,USA
Andre Iguodala,GSW,31,198.12,97.52228,Arizona,USA
Andre Drummond,DET,21,210.82,126.552168,Connecticut,USA
Andre Dawkins,MIA,23,195.58,99.336648,Duke,USA
Anderson Varejao,CLE,32,210.82,121.109064,None,Brazil
Amir Johnson,TOR,28,205.74,108.86208,None,USA
Amar'e Stoudemire,DAL,32,208.28,111.13004,None,USA
Aron Baynes,SAS,28,208.28,117.93392,Washington State,Australia
Alonzo Gee,POR,28,198.12,102.0582,Alabama,USA
Arinze Onuaku,MIN,27,205.74,124.7378,Syracuse,USA
Anthony Tolliver,DET,30,203.2,108.86208,Creighton,USA
Tobias Harris,ORL,22,205.74,106.59412,Tennessee,USA
Toney Douglas,NOP,29,187.96,88.45044,Florida State,USA
Tony Allen,MEM,33,193.04,96.615096,Oklahoma State,USA
Tony Parker,SAS,33,187.96,83.91452,None,France
Tony Snell,CHI,23,200.66,90.7184,New Mexico,USA
Tony Wroten,PHI,22,198.12,92.98636,Washington,USA
Toure' Murry,UTA,25,195.58,88.45044,Wichita State,USA
Travis Wear,NYK,24,208.28,102.0582,UCLA,USA
Trevor Ariza,HOU,29,203.2,97.52228,UCLA,USA
Trevor Booker,UTA,27,203.2,104.32616,Clemson,USA
Trey Burke,UTA,22,185.42,83.91452,Michigan,USA
Tristan Thompson,CLE,24,205.74,107.954896,Texas,Canada
Troy Daniels,CHA,23,193.04,92.98636,Virginia Commonwealth,USA
Ty Lawson,DEN,27,180.34,88.45044,North Carolina,USA
Tyler Ennis,MIL,20,190.5,79.3786,Syracuse,Canada
Tyler Hansbrough,TOR,29,205.74,113.398,North Carolina,USA
Tyler Johnson,MIA,23,190.5,86.18248,Fresno State,USA
Tyler Zeller,BOS,25,213.36,114.758776,North Carolina,USA
Andre Roberson,OKC,23,200.66,95.25432,Colorado,USA
Andrea Bargnani,NYK,29,213.36,111.13004,None,Italy
Andrei Kirilenko,BKN,34,205.74,106.59412,None,Russia
Andrew Bogut,GSW,30,213.36,117.93392,Utah,Australia
Andrew Nicholson,ORL,25,205.74,113.398,St. Bonaventure,Canada
Andrew Wiggins,MIN,20,203.2,90.264808,Kansas,Canada
Anthony Bennett,MIN,22,203.2,111.13004,Nevada-Las Vegas,Canada
Anthony Davis,NOP,22,208.28,99.79024,Kentucky,USA
Anthony Morrow,OKC,29,195.58,95.25432,Georgia Tech,USA
Archie Goodwin,PHX,20,195.58,89.811216,Kentucky,USA
Serge Ibaka,OKC,25,208.28,111.13004,None,Democratic Republic of the Congo
Allen Crabbe,POR,23,198.12,95.25432,California,USA
Alexey Shved,NYK,26,198.12,84.821704,None,Russia
Thaddeus Young,BKN,27,203.2,100.243832,Georgia Tech,USA
Thabo Sefolosha,ATL,31,200.66,100.697424,None,Switzerland
Terrence Ross,TOR,24,200.66,88.45044,Washington,USA
Terrence Jones,HOU,23,205.74,115.66596,Kentucky,USA
Tayshaun Prince,DET,35,205.74,97.52228,Kentucky,USA
Tarik Black,LAL,23,210.82,116.573144,Kansas,USA
Taj Gibson,CHI,30,205.74,102.0582,Southern California,USA
TJ Warren,PHX,21,203.2,97.52228,North Carolina State,USA
Steven Adams,OKC,21,213.36,115.66596,Pittsburgh,New Zealand
Steve Novak,OKC,32,208.28,102.0582,Marquette,USA
Steve Blake,POR,35,190.5,78.017824,Maryland,USA
Stephen Curry,GSW,27,190.5,86.18248,Davidson,USA
Spencer Hawes,LAC,27,215.9,111.13004,Washington,USA
Spencer Dinwiddie,DET,22,198.12,90.7184,Colorado,USA
Solomon Hill,IND,24,200.66,102.0582,Arizona,USA
Sim Bhullar,SAC,22,226.06,163.29312,New Mexico State,Canada
Shelvin Mack,ATL,25,190.5,93.893544,Butler,USA
Shayne Whittington,IND,24,210.82,113.398,Western Michigan,USA
Shawne Williams,DET,29,208.28,104.32616,Memphis,USA
Shawn Marion,CLE,37,200.66,103.418976,Nevada-Las Vegas,USA
Landry Fields,TOR,27,200.66,97.52228,Stanford,USA
Shaun Livingston,GSW,29,200.66,87.089664,None,USA
Shannon Brown,MIA,29,190.5,97.52228,Michigan State,USA
Shane Larkin,NYK,22,180.34,79.3786,Miami (FL),USA
Shabazz Napier,MIA,23,185.42,79.3786,Connecticut,USA
Shabazz Muhammad,MIN,22,198.12,102.965384,UCLA,USA
Seth Curry,PHX,24,187.96,83.91452,Duke,USA
Thomas Robinson,PHI,24,208.28,107.501304,Kansas,USA
Alexis Ajinca,NOP,27,218.44,112.490816,None,France
Tiago Splitter,SAS,30,210.82,111.13004,None,Brazil
Tim Frazier,POR,24,185.42,77.11064,None,USA
Alex Len,PHX,22,215.9,115.66596,Maryland,Ukraine
Alex Kirk,CLE,23,213.36,111.13004,New Mexico,USA
Alec Burks,UTA,23,198.12,95.707912,Colorado,USA
Alan Anderson,BKN,32,198.12,99.79024,Michigan State,USA
Al-Farouq Aminu,DAL,24,205.74,97.52228,Wake Forest,USA
Al Jefferson,CHA,30,208.28,131.088088,None,USA
Al Horford,ATL,29,208.28,113.398,Florida,Dominican Republic
Adreian Payne,MIN,24,208.28,111.13004,Michigan State,USA
Aaron Gordon,ORL,19,205.74,99.79024,Arizona,USA
Aaron Brooks,CHI,30,182.88,73.028312,Oregon,USA
AJ Price,CLE,28,187.96,88.45044,Connecticut,USA
Victor Claver,POR,26,205.74,101.604608,None,Spain
Victor Oladipo,ORL,23,193.04,95.25432,Indiana,USA
Vince Carter,MEM,38,198.12,99.79024,North Carolina,USA
Wayne Ellington,LAL,27,193.04,90.7184,North Carolina,USA
Wesley Johnson,LAL,27,200.66,97.52228,Syracuse,USA
Wesley Matthews,POR,28,195.58,99.79024,Marquette,USA
Will Barton,DEN,24,198.12,79.3786,Memphis,USA
Will Bynum,WAS,32,182.88,83.91452,Georgia Tech,USA
Will Cherry,TOR,24,183,83,Montana,USA
Willie Green,ORL,33,190.5,92.98636,Detroit Mercy,USA
Wilson Chandler,DEN,28,203.2,102.0582,DePaul,USA
Xavier Henry,LAL,24,198.12,99.79024,Kansas,USA
Zach LaVine,MIN,20,195.58,83.007336,UCLA,USA
Zach Randolph,MEM,33,205.74,117.93392,Michigan State,USA
Zaza Pachulia,MIL,31,210.82,122.46984,None,Georgia
Zoran Dragic,MIA,26,195.58,90.7184,None,Slovenia
Tim Duncan,SAS,39,210.82,113.398,Wake Forest,US Virgin Islands
Lance Thomas,NYK,27,203.2,102.0582,Duke,USA
Kris Humphries,WAS,30,205.74,106.59412,Minnesota,USA
LaMarcus Aldridge,POR,29,210.82,108.86208,Texas,USA
Ekpe Udoh,LAC,28,208.28,111.13004,Baylor,USA
Ed Davis,LAL,26,208.28,108.86208,North Carolina,USA
Earl Clark,BKN,27,208.28,106.140528,Louisville,USA
Earl Barron,PHX,33,213.36,113.398,Memphis,USA
E'Twaun Moore,CHI,26,193.04,86.636072,Purdue,USA
Dwyane Wade,MIA,33,193.04,99.79024,Marquette,USA
Dwight Powell,DAL,23,210.82,108.86208,Stanford,Canada
Dwight Howard,HOU,29,210.82,124.7378,None,USA
Dwight Buycks,LAL,26,190.5,86.18248,Marquette,USA
Drew Gordon,PHI,24,205.74,111.13004,New Mexico,USA
Drew Gooden,WAS,33,208.28,113.398,Kansas,USA
Draymond Green,GSW,25,200.66,104.32616,Michigan State,USA
Elfrid Payton,ORL,21,193.04,83.91452,Louisiana-Lafayette,USA
Doug McDermott,CHI,23,203.2,102.0582,Creighton,USA
Donatas Motiejunas,HOU,24,213.36,115.66596,None,Lithuania
Donald Sloan,IND,27,190.5,92.98636,Texas A&M,USA
Dirk Nowitzki,DAL,37,213.36,111.13004,None,Germany
Dion Waiters,OKC,23,193.04,102.0582,Syracuse,USA
Dewayne Dedmon,ORL,25,213.36,111.13004,Southern California,USA
Devyn Marble,ORL,22,198.12,90.7184,Iowa,USA
Devin Harris,DAL,32,190.5,87.089664,Wisconsin,USA
Derrick Williams,SAC,24,203.2,108.86208,Arizona,USA
Derrick Rose,CHI,26,190.5,86.18248,Memphis,USA
Derrick Favors,UTA,23,208.28,118.841104,Georgia Tech,USA
Deron Williams,BKN,31,190.5,90.7184,Illinois,USA
Dennis Schroder,ATL,21,185.42,76.203456,None,Germany
Dorell Wright,POR,29,205.74,92.98636,None,USA
Elijah Millsap,UTA,27,198.12,97.52228,Alabama-Birmingham,USA
Elliot Williams,PHI,26,196,86,Memphis,USA
Elton Brand,ATL,36,205.74,115.212368,Duke,USA
Gorgui Dieng,MIN,25,210.82,105.686936,Louisville,Senegal
Gordon Hayward,UTA,25,203.2,102.0582,Butler,USA
Goran Dragic,MIA,29,190.5,86.18248,None,Slovenia
Glenn Robinson III,PHI,21,200.66,100.697424,Michigan,USA
Glen Rice,WAS,24,198.12,93.439952,Georgia Tech,USA
Glen Davis,LAC,29,205.74,131.088088,Louisiana State,USA
Gigi Datome,BOS,27,203.2,97.52228,None,Italy
Giannis Antetokounmpo,MIL,20,210.82,98.429464,None,Greece
Gerald Wallace,BOS,32,200.66,99.79024,Alabama,USA
Gerald Henderson,CHA,27,195.58,97.52228,Duke,USA
Gerald Green,PHX,29,203.2,95.25432,None,USA
George Hill,IND,29,190.5,85.275296,Indiana Purdue-Indianapolis,USA
Gary Neal,MIN,30,193.04,95.25432,Towson,USA
Gary Harris,DEN,20,193.04,95.25432,Michigan State,USA
Garrett Temple,WAS,29,198.12,88.45044,Louisiana State,USA
Gal Mekel,DAL,27,190.5,86.636072,Wichita State,Israel
Furkan Aldemir,PHI,23,208.28,108.86208,None,Turkey
Francisco Garcia,HOU,33,200.66,97.52228,Louisville,Dominican Republic
Festus Ezeli,GSW,25,210.82,120.20188,Vanderbilt,Nigeria
Evan Turner,BOS,26,200.66,99.79024,Ohio State,USA
Evan Fournier,ORL,22,200.66,92.98636,None,France
Ersan Ilyasova,MIL,28,208.28,106.59412,None,Turkey
Erick Green,DEN,24,193.04,83.91452,Virginia Tech,USA
Eric Moreland,SAC,23,208.28,98.883056,Oregon State,USA
Eric Gordon,NOP,26,193.04,97.52228,Indiana,USA
Eric Bledsoe,PHX,25,185.42,88.45044,Kentucky,USA
Enes Kanter,OKC,23,210.82,111.13004,Kentucky,Turkey
DeMarre Carroll,ATL,28,203.2,96.161504,Missouri,USA
DeMarcus Cousins,SAC,24,210.82,122.46984,Kentucky,USA
DeMar DeRozan,TOR,25,200.66,99.79024,Southern California,USA
DeJuan Blair,WAS,26,200.66,122.46984,Pittsburgh,USA
Chris Copeland,IND,31,203.2,106.59412,Colorado,USA
Chris Bosh,MIA,31,210.82,106.59412,Georgia Tech,USA
Chris Andersen,MIA,36,208.28,111.13004,Blinn,USA
Chase Budinger,MIN,27,200.66,94.800728,Arizona,USA
Charlie Villanueva,DAL,30,210.82,105.233344,Connecticut,USA
Channing Frye,ORL,32,210.82,115.66596,Arizona,USA
Chandler Parsons,DAL,26,205.74,102.965384,Florida,USA
Cartier Martin,DET,30,200.66,99.79024,Kansas State,USA
Caron Butler,DET,35,200.66,103.418976,Connecticut,USA
Carmelo Anthony,NYK,31,203.2,108.86208,Syracuse,USA
Carlos Boozer,LAL,33,205.74,117.026736,Duke,USA
Carl Landry,SAC,31,205.74,112.490816,Purdue,USA
Cameron Bairstow,CHI,24,205.74,113.398,New Mexico,Australia
CJ Wilcox,LAC,24,195.58,88.45044,Washington,USA
CJ Miles,IND,28,198.12,104.779752,None,USA
CJ McCollum,POR,23,193.04,90.7184,Lehigh,USA
C.J. Watson,IND,31,187.96,79.3786,Tennessee,USA
Bryce Cotton,UTA,22,185.42,74.84268,Providence,USA
Bruno Caboclo,TOR,19,205.74,92.98636,None,Brazil
Brook Lopez,BKN,27,213.36,124.7378,Stanford,USA
Brian Roberts,CHA,29,185.42,78.471416,Dayton,USA
Brendan Haywood,CLE,35,213.36,119.294696,North Carolina,USA
Brandon Rush,GSW,29,198.12,99.79024,Kansas,USA
Brandon Knight,PHX,23,190.5,85.728888,Kentucky,USA
Brandon Jennings,DET,25,185.42,76.657048,None,USA
Brandon Davies,PHI,23,208.28,108.86208,Brigham Young,USA
Tim Hardaway Jr.,NYK,23,198.12,95.25432,Michigan,USA
Chris Douglas-Roberts,LAC,28,200.66,95.25432,Memphis,USA
Grant Jerrett,UTA,21,208.28,105.233344,Arizona,USA
Chris Johnson,UTA,25,198.12,91.171992,Dayton,USA
Chris Paul,LAC,30,182.88,79.3786,Wake Forest,USA
DeAndre Jordan,LAC,26,210.82,120.20188,Texas A&M,USA
David West,IND,34,205.74,113.398,Xavier,USA
David Wear,SAC,24,208.28,104.32616,UCLA,USA
David Stockton,SAC,24,180.34,74.84268,Gonzaga,USA
David Lee,GSW,32,205.74,111.13004,Florida,USA
Darren Collison,SAC,27,182.88,79.3786,UCLA,USA
Darrell Arthur,DEN,27,205.74,106.59412,Kansas,USA
Darius Morris,BKN,24,193.04,88.45044,Michigan,USA
Darius Miller,NOP,25,203.2,102.0582,Kentucky,USA
Dante Exum,UTA,19,198.12,86.18248,None,Australia
Dante Cunningham,NOP,28,203.2,104.32616,Villanova,USA
Danny Green,SAS,28,198.12,97.52228,North Carolina,USA
Danny Granger,PHX,32,205.74,100.697424,New Mexico,USA
Danilo Gallinari,DEN,26,208.28,102.0582,None,Italy
Damjan Rudez,IND,29,208.28,90.7184,None,Croatia
Damian Lillard,POR,24,190.5,88.45044,Weber State,USA
Dahntay Jones,LAC,34,198.12,102.0582,Duke,USA
D.J. Augustin,OKC,27,182.88,83.007336,Texas,USA
Courtney Lee,MEM,29,195.58,90.7184,Western Kentucky,USA
Cory Joseph,SAS,23,190.5,86.18248,Texas,Canada
Cory Jefferson,BKN,24,205.74,98.883056,Baylor,USA
Corey Brewer,HOU,29,205.74,84.368112,Florida,USA
Cole Aldrich,NYK,26,210.82,113.398,Kansas,USA
Cody Zeller,CHA,22,213.36,108.86208,Indiana,USA
Clint Capela,HOU,21,208.28,108.86208,None,Switzerland
Cleanthony Early,NYK,24,203.2,99.79024,Wichita State,USA
Chuck Hayes,TOR,32,198.12,108.86208,Kentucky,USA
Chris Kaman,POR,33,213.36,120.20188,Central Michigan,USA
Greg Monroe,DET,25,210.82,113.398,Georgetown,USA
Greg Smith,DAL,24,208.28,113.398,Fresno State,USA
Greg Stiemsma,TOR,29,210.82,117.93392,Wisconsin,USA
Julius Randle,LAL,20,205.74,113.398,Kentucky,USA
Jrue Holiday,NOP,25,193.04,92.98636,UCLA,USA
Josh Smith,HOU,29,205.74,102.0582,None,USA
Josh McRoberts,MIA,28,208.28,108.86208,Duke,USA
Jose Calderon,NYK,33,190.5,90.7184,None,Spain
Jorge Gutierrez,MIL,26,190.5,88.45044,California-Berkeley,Mexico
Jordan Hill,LAL,27,208.28,106.59412,Arizona,USA
Jordan Hamilton,LAC,24,200.66,99.79024,Texas,USA
Jordan Farmar,LAC,28,187.96,81.64656,UCLA,USA
Jordan Clarkson,LAL,23,195.58,83.91452,Missouri,USA
Jordan Adams,MEM,20,195.58,94.800728,UCLA,USA
Jonas Valanciunas,TOR,23,213.36,115.66596,None,Lithuania
Jonas Jerebko,BOS,28,208.28,104.779752,None,Sweden
Jon Leuer,MEM,26,208.28,103.418976,Wisconsin,USA
Johnny O'Bryant III,MIL,22,205.74,120.20188,Louisiana State,USA
John Wall,WAS,24,193.04,88.45044,Kentucky,USA
John Salmons,NOP,35,198.12,95.25432,Miami (FL),USA
John Lucas III,DET,32,180.34,75.296272,Oklahoma State,USA
John Jenkins,ATL,24,193.04,97.52228,Vanderbilt,USA
John Henson,MIL,24,210.82,104.32616,North Carolina,USA
Joffrey Lauvergne,DEN,23,210.82,99.79024,None,France
Joey Dorsey,HOU,31,205.74,124.7378,Memphis,USA
Joel Freeland,POR,28,208.28,102.0582,None,Great Britain
Joel Anthony,DET,32,205.74,111.13004,Nevada-Las Vegas,Canada
Joe Johnson,BKN,34,200.66,108.86208,Arkansas,USA
Joe Ingles,UTA,27,203.2,97.975872,None,Australia
Joe Harris,CLE,23,198.12,102.0582,Virginia,USA
Justin Hamilton,MIN,25,213.36,115.66596,Louisiana State,USA
Jodie Meeks,DET,27,193.04,95.25432,Kentucky,USA
Justin Holiday,GSW,26,198.12,83.91452,Washington,USA
KJ McDaniels,HOU,22,198.12,92.98636,Clemson,USA
Kyrie Irving,CLE,23,190.5,87.543256,Duke,Australia
Kyle Singler,OKC,27,203.2,103.418976,Duke,USA
Kyle O'Quinn,ORL,25,208.28,113.398,Norfolk State,USA
Kyle Lowry,TOR,29,182.88,92.98636,Villanova,USA
Kyle Korver,ATL,34,200.66,96.161504,Creighton,USA
Kyle Anderson,SAS,21,205.74,104.32616,UCLA,USA
Kostas Papanikolaou,HOU,24,203.2,106.59412,None,Greece
Kosta Koufos,MEM,26,213.36,120.20188,Ohio State,USA
Kobe Bryant,LAL,36,198.12,96.161504,None,USA
Klay Thompson,GSW,25,200.66,97.52228,Washington State,USA
Kirk Hinrich,CHI,34,193.04,86.18248,Kansas,USA
Khris Middleton,MIL,23,200.66,102.0582,Texas A&M,USA
Kevin Seraphin,WAS,25,208.28,126.098576,Le Moyne,France
Kevin Martin,MIN,32,200.66,92.532768,Western Carolina,USA
Kevin Love,CLE,26,208.28,110.222856,UCLA,USA
Kevin Garnett,MIN,39,210.82,114.758776,None,USA
Kevin Durant,OKC,26,205.74,108.86208,Texas,USA
Kenyon Martin,MIL,37,205.74,102.0582,Cincinnati,USA
Kentavious Caldwell-Pope,DET,22,195.58,92.98636,Georgia,USA
Kent Bazemore,ATL,25,195.58,91.171992,Old Dominion,USA
Kenneth Faried,DEN,25,203.2,103.418976,Morehead State,USA
Kendrick Perkins,CLE,30,208.28,122.46984,None,USA
Kendall Marshall,MIL,23,193.04,90.7184,North Carolina,USA
Kemba Walker,CHA,25,185.42,83.460928,Connecticut,USA
Kelly Olynyk,BOS,24,213.36,107.954896,Gonzaga,Canada
Kawhi Leonard,SAS,24,200.66,104.32616,San Diego State,USA
Kalin Lucas,MEM,26,185.42,84.368112,Michigan State,USA
Jusuf Nurkic,DEN,20,210.82,127.00576,None,Bosnia & Herzegovina
Lance Stephenson,CHA,24,195.58,104.32616,Cincinnati,USA
Joakim Noah,CHI,30,210.82,105.233344,Florida,USA
Jimmer Fredette,NOP,26,187.96,88.45044,Brigham Young,USA
Jameer Nelson,DEN,33,182.88,86.18248,Saint Joseph's,USA
Jamal Crawford,LAC,35,195.58,90.7184,Michigan,USA
Jamaal Franklin,DEN,23,195.58,86.636072,San Diego State,USA
Jae Crowder,BOS,24,198.12,106.59412,Marquette,USA
Jack Cooley,UTA,24,205.74,111.583632,Notre Dame,USA
Jabari Parker,MIL,20,203.2,108.86208,Duke,USA
Jabari Brown,LAL,22,195.58,97.068688,Missouri,USA
JaVale McGee,DEN,27,213.36,122.46984,Nevada,USA
JaMychal Green,MEM,25,203.2,104.32616,Alabama,USA
JaKarr Sampson,PHI,22,205.74,97.068688,St. John's (NY),USA
JR Smith,CLE,29,198.12,102.0582,None,USA
JJ Redick,LAC,31,193.04,86.18248,Duke,USA
JJ Hickson,DEN,26,205.74,109.769264,North Carolina State,USA
J.J. Barea,DAL,31,182.88,83.91452,Northeastern,Puerto Rico
Ish Smith,PHI,26,182.88,79.3786,Wake Forest,USA
Isaiah Thomas,BOS,26,175.26,83.91452,Washington,USA
Isaiah Canaan,PHI,24,182.88,91.171992,Murray State,USA
Iman Shumpert,CLE,25,195.58,99.79024,Georgia Tech,USA
Ian Mahinmi,IND,28,210.82,113.398,None,France
Ian Clark,DEN,24,190.5,81.64656,Belmont,USA
Hollis Thompson,PHI,24,203.2,93.439952,Georgetown,USA
Henry Walker,MIA,27,198.12,106.59412,Kansas State,USA
Henry Sims,PHI,25,208.28,112.490816,Georgetown,USA
Hedo Turkoglu,LAC,36,208.28,99.79024,None,Turkey
Hassan Whiteside,MIA,26,213.36,120.20188,Marshall,USA
Harrison Barnes,GSW,23,203.2,102.0582,North Carolina,USA
Greivis Vasquez,TOR,28,198.12,90.7184,Maryland,Venezuela
James Ennis III,MIA,24,200.66,94.347136,Long Beach State,USA
Jimmy Butler,CHI,25,200.66,99.79024,Marquette,USA
James Harden,HOU,25,195.58,102.0582,Arizona State,USA
James Jones,CLE,34,203.2,97.52228,Miami (FL),USA
Jerryd Bayless,MIL,26,190.5,90.7184,Arizona,USA
Jerrelle Benimon,DEN,23,203,111,None,USA
Jerome Jordan,BKN,28,213.36,114.758776,Tulsa,Jamaica
Jeremy Lin,LAL,26,190.5,90.7184,Harvard,USA
Jeremy Lamb,OKC,23,195.58,83.91452,Connecticut,USA
Jeremy Evans,UTA,27,205.74,90.7184,Western Kentucky,USA
Jerel McNeal,PHX,28,190.5,90.7184,Marquette,USA
Jerami Grant,PHI,21,203.2,95.25432,Syracuse,USA
Jeffery Taylor,CHA,26,200.66,102.0582,Vanderbilt,Sweden
Jeff Withey,NOP,25,213.36,100.697424,Kansas,USA
Jeff Teague,ATL,27,187.96,82.100152,Wake Forest,USA
Jeff Green,MEM,28,205.74,106.59412,Georgetown,USA
Jeff Ayres,SAS,28,205.74,113.398,Arizona State,USA
Jeff Adrien,HOU,29,201,111,Connecticut,USA
Jason Thompson,SAC,28,210.82,113.398,Rider,USA
Jason Terry,HOU,37,187.96,83.91452,Arizona,USA
Jason Smith,NYK,29,213.36,111.13004,Colorado State,USA
Jason Richardson,PHI,34,198.12,102.0582,Michigan State,USA
Jason Maxiell,CHA,32,200.66,117.93392,Cincinnati,USA
Jarrett Jack,BKN,31,190.5,90.7184,Georgia Tech,USA
Jarnell Stokes,MEM,21,205.74,119.294696,Tennessee,USA
Jared Sullinger,BOS,23,205.74,117.93392,Ohio State,USA
Jared Dudley,MIL,29,200.66,102.0582,Boston College,USA
Jared Cunningham,LAC,24,193.04,88.45044,Oregon State,USA
Jannero Pargo,CHA,35,185.42,83.91452,Arkansas,USA
James Young,BOS,19,198.12,97.52228,Kentucky,USA
James Michael McAdoo,GSW,22,205.74,104.32616,North Carolina,USA
James Johnson,TOR,28,205.74,113.398,Wake Forest,USA
Timofey Mozgov,CLE,28,215.9,113.398,None,Russia
Hollis Thompson,PHI,25,203.2,93.439952,Georgetown,USA
Zach Randolph,MEM,34,205.74,117.93392,Michigan State,USA
Garrett Temple,WAS,30,198.12,88.45044,Louisiana State,USA
Gary Harris,DEN,21,193.04,95.25432,Michigan State,USA
Gary Neal,WAS,31,193.04,95.25432,Towson,USA
George Hill,IND,30,190.5,85.275296,Indiana Purdue-Indianapolis,USA
Gerald Green,MIA,30,200.66,92.98636,None,USA
Gerald Henderson,POR,28,195.58,97.52228,Duke,USA
Giannis Antetokounmpo,MIL,21,210.82,100.697424,None,Greece
Glenn Robinson III,IND,22,200.66,100.697424,Michigan,USA
Goran Dragic,MIA,30,190.5,86.18248,None,Slovenia
Gordon Hayward,UTA,26,203.2,102.511792,Butler,USA
Gorgui Dieng,MIN,26,210.82,109.315672,Louisville,Senegal
Greg Monroe,MIL,26,210.82,120.20188,Georgetown,USA
Greg Smith,MIN,25,208.28,113.398,Fresno State,USA
Greivis Vasquez,MIL,29,198.12,98.429464,Maryland,Venezuela
Harrison Barnes,GSW,24,203.2,102.0582,North Carolina,USA
Hassan Whiteside,MIA,27,213.36,120.20188,Marshall,USA
Henry Sims,BKN,26,208.28,112.490816,Georgetown,USA
Zaza Pachulia,DAL,32,210.82,124.7378,None,Georgia
Ian Clark,GSW,25,190.5,79.3786,Belmont,USA
Ian Mahinmi,IND,29,210.82,113.398,None,France
Iman Shumpert,CLE,26,195.58,99.79024,Georgia Tech,USA
Isaiah Canaan,PHI,25,182.88,91.171992,Murray State,USA
Isaiah Thomas,BOS,27,175.26,83.91452,Washington,USA
Ish Smith,PHI,27,182.88,79.3786,Wake Forest,USA
J.J. Barea,DAL,32,182.88,83.91452,Northeastern,Puerto Rico
Frank Kaminsky,CHA,23,213.36,108.86208,Wisconsin,USA
Festus Ezeli,GSW,26,210.82,120.20188,Vanderbilt,Nigeria
Evan Turner,BOS,27,200.66,99.79024,Ohio State,USA
Evan Fournier,ORL,23,200.66,92.98636,None,France
Dewayne Dedmon,ORL,26,213.36,111.13004,Southern California,USA
Dion Waiters,OKC,24,193.04,99.79024,Syracuse,USA
Dirk Nowitzki,DAL,38,213.36,111.13004,None,Germany
Donald Sloan,BKN,28,190.5,92.98636,Texas A&M,USA
Donatas Motiejunas,HOU,25,213.36,100.697424,None,Lithuania
Doug McDermott,CHI,24,203.2,102.0582,Creighton,USA
Draymond Green,GSW,26,200.66,104.32616,Michigan State,USA
Drew Gooden,WAS,34,208.28,113.398,Kansas,USA
Duje Dukan,SAC,24,205.74,99.79024,Wisconsin,Croatia
Dwight Howard,HOU,30,210.82,120.20188,None,USA
Dwight Powell,DAL,24,210.82,108.86208,Stanford,Canada
Dwyane Wade,MIA,34,193.04,99.79024,Marquette,USA
JJ Hickson,WAS,27,205.74,109.769264,North Carolina State,USA
E'Twaun Moore,CHI,27,193.04,86.636072,Purdue,USA
Edy Tavares,ATL,24,220.98,117.93392,None,Cabo Verde
Elfrid Payton,ORL,22,193.04,83.91452,Louisiana-Lafayette,USA
Elijah Millsap,UTA,28,198.12,102.0582,Alabama-Birmingham,USA
Elliot Williams,CHA,27,196,86,Memphis,USA
Elton Brand,PHI,37,205.74,115.212368,Duke,USA
Emmanuel Mudiay,DEN,20,195.58,90.7184,None,Democratic Republic of the Congo
Enes Kanter,OKC,24,210.82,111.13004,Kentucky,Turkey
Eric Bledsoe,PHX,26,185.42,86.18248,Kentucky,USA
Eric Gordon,NOP,27,193.04,97.52228,Indiana,USA
Eric Moreland,SAC,24,208.28,107.954896,Oregon State,USA
Erick Green,DEN,25,193.04,83.91452,Virginia Tech,USA
Ersan Ilyasova,ORL,29,208.28,106.59412,None,Turkey
Ed Davis,POR,27,208.28,108.86208,North Carolina,USA
JJ O'Brien,UTA,24,200.66,99.79024,San Diego State,USA
JJ Redick,LAC,32,193.04,86.18248,Duke,USA
JR Smith,CLE,30,198.12,102.0582,None,USA
Jeremy Evans,DAL,28,205.74,90.7184,Western Kentucky,USA
Jeremy Lamb,CHA,24,195.58,83.91452,Connecticut,USA
Jeremy Lin,CHA,27,190.5,90.7184,Harvard,USA
Jerian Grant,NYK,23,193.04,88.45044,Notre Dame,USA
Jerryd Bayless,MIL,27,190.5,90.7184,Arizona,USA
Jimmer Fredette,SAS,27,187.96,88.45044,Brigham Young,USA
Jimmy Butler,CHI,26,200.66,99.79024,Marquette,USA
Joakim Noah,CHI,31,210.82,105.233344,Florida,USA
Jodie Meeks,DET,28,193.04,95.25432,Kentucky,USA
Joe Harris,CLE,24,198.12,99.336648,Virginia,USA
Joe Ingles,UTA,28,203.2,102.511792,None,Australia
Joe Johnson,MIA,35,200.66,108.86208,Arkansas,USA
Jerami Grant,PHI,22,203.2,95.25432,Syracuse,USA
Joe Young,IND,24,187.96,81.64656,Oregon,USA
Joffrey Lauvergne,DEN,24,210.82,99.79024,None,France
John Henson,MIL,25,210.82,103.872568,North Carolina,USA
John Jenkins,PHX,25,193.04,97.52228,Vanderbilt,USA
John Wall,WAS,25,193.04,88.45044,Kentucky,USA
Johnny O'Bryant III,MIL,23,205.74,116.573144,Louisiana State,USA
Jon Leuer,PHX,27,208.28,103.418976,Wisconsin,USA
Jonas Jerebko,BOS,29,208.28,104.779752,None,Sweden
Jonas Valanciunas,TOR,24,213.36,115.66596,None,Lithuania
Jonathon Simmons,SAS,26,198.12,88.45044,Houston,USA
Jordan Adams,MEM,21,195.58,94.800728,UCLA,USA
Jordan Clarkson,LAL,24,195.58,87.996848,Missouri,USA
Jordan Farmar,MEM,29,187.96,81.64656,UCLA,USA
Joel Anthony,DET,33,205.74,111.13004,Nevada-Las Vegas,Canada
Devyn Marble,ORL,23,198.12,90.7184,Iowa,USA
Jeff Withey,UTA,26,213.36,104.779752,Kansas,USA
Jeff Green,LAC,29,205.74,106.59412,Georgetown,USA
JaKarr Sampson,DEN,23,205.74,97.068688,St. John's (NY),USA
JaMychal Green,MEM,26,205.74,102.965384,Alabama,USA
JaVale McGee,DAL,28,213.36,122.46984,Nevada,USA
Jabari Parker,MIL,21,203.2,113.398,Duke,USA
Jae Crowder,BOS,25,198.12,106.59412,Marquette,USA
Jahlil Okafor,PHI,20,210.82,124.7378,Duke,USA
Jamal Crawford,LAC,36,195.58,88.45044,Michigan,USA
Jameer Nelson,DEN,34,182.88,86.18248,Saint Joseph's,USA
James Anderson,SAC,27,198.12,96.615096,Oklahoma State,USA
James Ennis III,NOP,25,200.66,95.25432,Long Beach State,USA
James Harden,HOU,26,195.58,99.79024,Arizona State,USA
James Johnson,TOR,29,205.74,113.398,Wake Forest,USA
Jeff Teague,ATL,28,187.96,84.368112,Wake Forest,USA
James Jones,CLE,35,203.2,98.883056,Miami (FL),USA
James Young,BOS,20,198.12,97.52228,Kentucky,USA
Jared Cunningham,CLE,25,193.04,88.45044,Oregon State,USA
Jared Dudley,WAS,30,200.66,102.0582,Boston College,USA
Jared Sullinger,BOS,24,205.74,117.93392,Ohio State,USA
Jarell Eddie,WAS,24,200.66,98.883056,Virginia Tech,USA
Jarell Martin,MEM,22,208.28,108.408488,Louisiana State,USA
Jarnell Stokes,MEM,22,205.74,119.294696,Tennessee,USA
Jarrett Jack,BKN,32,190.5,90.7184,Georgia Tech,USA
Jason Smith,ORL,30,213.36,108.86208,Colorado State,USA
Jason Terry,HOU,38,187.96,83.91452,Arizona,USA
Jason Thompson,TOR,29,210.82,113.398,Rider,USA
Jeff Ayres,LAC,29,205.74,113.398,Arizona State,USA
James Michael McAdoo,GSW,23,205.74,108.86208,North Carolina,USA
Jordan Hamilton,NOP,25,200.66,99.79024,Texas,USA
Devin Harris,DAL,33,190.5,83.91452,Wisconsin,USA
Derrick Rose,CHI,27,190.5,86.18248,Memphis,USA
Anthony Morrow,OKC,30,195.58,95.25432,Georgia Tech,USA
Anthony Tolliver,DET,31,203.2,108.86208,Creighton,USA
Archie Goodwin,PHX,21,195.58,90.7184,Kentucky,USA
Aron Baynes,DET,29,208.28,117.93392,Washington State,Australia
Arron Afflalo,NYK,30,195.58,95.25432,UCLA,USA
Austin Rivers,LAC,23,193.04,90.7184,Duke,USA
Avery Bradley,BOS,25,187.96,81.64656,Texas,USA
Axel Toupane,DEN,23,200.66,95.25432,None,France
Ben McLemore,SAC,23,195.58,88.45044,Kansas,USA
Beno Udrih,MEM,33,190.5,92.98636,None,Slovenia
Bismack Biyombo,TOR,23,205.74,111.13004,None,Democratic Republic of the Congo
Blake Griffin,LAC,27,208.28,113.851592,Oklahoma,USA
Boban Marjanovic,SAS,27,220.98,131.54168,None,Serbia
Bobby Portis,CHI,21,210.82,104.32616,Arkansas,USA
Bojan Bogdanovic,BKN,27,203.2,97.975872,None,Croatia
Boris Diaw,SAS,34,203.2,113.398,None,France
Bradley Beal,WAS,23,195.58,93.893544,Florida,USA
Brandan Wright,MEM,28,208.28,95.25432,North Carolina,USA
Branden Dawson,LAC,23,198.12,102.0582,Michigan State,USA
Brandon Bass,LAL,31,203.2,113.398,Louisiana State,USA
Brandon Jennings,ORL,26,185.42,76.657048,None,USA
Brandon Knight,PHX,24,190.5,85.728888,Kentucky,USA
Brandon Rush,GSW,30,198.12,99.79024,Kansas,USA
Brian Roberts,POR,30,185.42,78.471416,Dayton,USA
Briante Weber,MIA,23,187.96,74.84268,Virginia Commonwealth,USA
Anthony Davis,NOP,23,208.28,114.758776,Kentucky,USA
Anthony Brown,LAL,23,200.66,95.25432,Stanford,USA
Anthony Bennett,TOR,23,203.2,111.13004,Nevada-Las Vegas,Canada
Andrew Wiggins,MIN,21,203.2,90.264808,Kansas,Canada
Aaron Brooks,CHI,31,182.88,73.028312,Oregon,USA
Aaron Gordon,ORL,20,205.74,99.79024,Arizona,USA
Aaron Harrison,CHA,21,198.12,95.25432,Kentucky,USA
Adreian Payne,MIN,25,208.28,107.501304,Michigan State,USA
Al Horford,ATL,30,208.28,111.13004,Florida,Dominican Republic
Al Jefferson,CHA,31,208.28,131.088088,None,USA
Al-Farouq Aminu,POR,25,205.74,97.52228,Wake Forest,USA
Alan Anderson,WAS,33,198.12,99.79024,Michigan State,USA
Alan Williams,PHX,23,203.2,117.93392,California-Santa Barbara,USA
Alec Burks,UTA,24,198.12,97.068688,Colorado,USA
Alex Len,PHX,23,215.9,117.93392,Maryland,Ukraine
Alex Stepheson,MEM,28,208.28,122.46984,USC,USA
Brook Lopez,BKN,28,213.36,124.7378,Stanford,USA
Alexis Ajinca,NOP,28,218.44,112.490816,None,France
Alonzo Gee,NOP,29,198.12,102.0582,Alabama,USA
Amar'e Stoudemire,MIA,33,208.28,111.13004,None,USA
Amir Johnson,BOS,29,205.74,108.86208,None,USA
Anderson Varejao,GSW,33,210.82,123.830616,None,Brazil
Andre Drummond,DET,22,210.82,126.552168,Connecticut,USA
Andre Iguodala,GSW,32,198.12,97.52228,Arizona,USA
Andre Miller,SAS,40,190.5,90.7184,Utah,USA
Andre Roberson,OKC,24,200.66,95.25432,Colorado,USA
Andrea Bargnani,BKN,30,213.36,111.13004,None,Italy
Andrew Bogut,GSW,31,213.36,117.93392,Utah,Australia
Andrew Goudelock,HOU,27,190.5,90.7184,College of Charleston,USA
Andrew Nicholson,ORL,26,205.74,113.398,St. Bonaventure,Canada
Allen Crabbe,POR,24,198.12,95.25432,California,USA
Bruno Caboclo,TOR,20,205.74,92.98636,None,Brazil
Bryce Cotton,MEM,23,185.42,74.84268,Providence,USA
Bryce Dejean-Jones,NOP,23,198.12,92.079176,Iowa State,USA
Coty Clarke,BOS,23,200.66,102.0582,None,USA
Courtney Lee,CHA,30,195.58,90.7184,Western Kentucky,USA
Cristiano Felicio,CHI,23,208.28,124.7378,None,Brazil
D'Angelo Russell,LAL,20,195.58,88.45044,Ohio State,USA
D.J. Augustin,DEN,28,182.88,83.007336,Texas,USA
Dahntay Jones,CLE,35,198.12,102.0582,Duke,USA
Damian Lillard,POR,25,190.5,88.45044,Weber State,USA
Damien Inglis,MIL,21,203.2,111.583632,None,France
Damjan Rudez,MIN,30,205.74,104.32616,None,Croatia
Danilo Gallinari,DEN,27,208.28,102.0582,None,Italy
Danny Green,SAS,29,198.12,97.52228,North Carolina,USA
Dante Cunningham,NOP,29,203.2,104.32616,Villanova,USA
Cory Joseph,TOR,24,190.5,86.18248,Texas,Canada
Darrell Arthur,DEN,28,205.74,106.59412,Kansas,USA
Darrun Hilliard,DET,23,198.12,92.98636,Villanova,USA
David Lee,DAL,33,205.74,111.13004,Florida,USA
David West,SAS,35,205.74,113.398,Xavier,USA
DeAndre Jordan,LAC,27,210.82,120.20188,Texas A&M,USA
DeJuan Blair,WAS,27,200.66,122.46984,Pittsburgh,USA
DeMar DeRozan,TOR,26,200.66,99.79024,Southern California,USA
DeMarcus Cousins,SAC,25,210.82,122.46984,Kentucky,USA
DeMarre Carroll,TOR,29,203.2,96.161504,Missouri,USA
Delon Wright,TOR,24,195.58,86.18248,Utah,USA
Dennis Schroder,ATL,22,185.42,78.017824,None,Germany
Deron Williams,DAL,32,190.5,90.7184,Illinois,USA
Derrick Favors,UTA,24,208.28,120.20188,Georgia Tech,USA
Darren Collison,SAC,28,182.88,79.3786,UCLA,USA
Devin Booker,PHX,19,198.12,93.439952,Kentucky,USA
Cory Jefferson,PHX,25,205.74,98.883056,Baylor,USA
Cole Aldrich,LAC,27,210.82,113.398,Kansas,USA
C.J. Watson,ORL,32,187.96,79.3786,Tennessee,USA
CJ McCollum,POR,24,193.04,90.7184,Lehigh,USA
CJ Miles,IND,29,198.12,104.779752,None,USA
CJ Wilcox,LAC,25,195.58,88.45044,Washington,USA
Cameron Bairstow,DET,25,205.74,113.398,New Mexico,Australia
Cameron Payne,OKC,21,190.5,83.91452,Murray State,USA
Carl Landry,PHI,32,205.74,112.490816,Purdue,USA
Carmelo Anthony,NYK,32,203.2,108.86208,Syracuse,USA
Caron Butler,SAC,36,200.66,103.418976,Connecticut,USA
Chandler Parsons,DAL,27,208.28,104.32616,Florida,USA
Channing Frye,CLE,33,210.82,115.66596,Arizona,USA
Charlie Villanueva,DAL,31,210.82,105.233344,Connecticut,USA
Corey Brewer,HOU,30,205.74,84.368112,Florida,USA
Chase Budinger,PHX,28,200.66,94.800728,Arizona,USA
Chris Bosh,MIA,32,210.82,106.59412,Georgia Tech,USA
Chris Copeland,MIL,32,205.74,108.408488,Colorado,USA
Chris Johnson,UTA,26,198.12,93.439952,Dayton,USA
Chris Kaman,POR,34,213.36,120.20188,Central Michigan,USA
Chris McCullough,BKN,21,210.82,90.7184,Syracuse,USA
Chris Paul,LAC,31,182.88,79.3786,Wake Forest,USA
Christian Wood,PHI,20,210.82,99.79024,Nevada-Las Vegas,USA
Chuck Hayes,LAC,33,198.12,108.86208,Kentucky,USA
Cleanthony Early,NYK,25,203.2,95.25432,Wichita State,USA
Cliff Alexander,POR,20,203.2,108.86208,Kansas,USA
Clint Capela,HOU,22,208.28,108.86208,None,Switzerland
Cody Zeller,CHA,23,213.36,108.86208,Indiana,USA
Chris Andersen,MEM,37,208.28,111.13004,Blinn,USA
Jordan Hill,IND,28,208.28,106.59412,Arizona,USA
Derrick Williams,NYK,25,203.2,108.86208,Arizona,USA
Jordan Mickey,BOS,21,203.2,106.59412,Louisiana State,USA
Robin Lopez,NYK,28,213.36,115.66596,Stanford,USA
Rodney Hood,UTA,23,203.2,93.439952,Duke,USA
Rodney Stuckey,IND,30,195.58,92.98636,Eastern Washington,USA
Rondae Hollis-Jefferson,BKN,21,200.66,99.79024,Arizona,USA
Ronnie Price,PHX,33,187.96,86.18248,Utah Valley,USA
Roy Hibbert,LAL,29,218.44,122.46984,Georgetown,USA
Rudy Gay,SAC,29,203.2,104.32616,Connecticut,USA
Rudy Gobert,UTA,24,215.9,111.13004,None,France
Russ Smith,MEM,25,182.88,74.84268,Louisville,USA
Russell Westbrook,OKC,27,190.5,90.7184,UCLA,USA
Ryan Anderson,NOP,28,208.28,108.86208,California,USA
Ryan Hollins,MEM,31,213.36,108.86208,UCLA,USA
Ryan Kelly,LAL,25,210.82,104.32616,Duke,USA
Salah Mejri,DAL,30,218.44,111.13004,None,Tunisia
Sam Dekker,HOU,22,205.74,104.32616,Wisconsin,USA
Sasha Kaun,CLE,31,210.82,117.93392,Kansas,Russia
Sasha Vujacic,NYK,32,200.66,88.45044,None,Slovenia
Sean Kilpatrick,BKN,26,193.04,99.336648,Cincinnati,USA
Serge Ibaka,OKC,26,208.28,111.13004,None,Democratic Republic of the Congo
Sergey Karasev,BKN,22,200.66,94.347136,None,Russia
Seth Curry,SAC,25,187.96,83.91452,Duke,USA
Shabazz Muhammad,MIN,23,198.12,101.151016,UCLA,USA
Shabazz Napier,ORL,24,185.42,79.3786,Connecticut,USA
Shane Larkin,BKN,23,180.34,79.3786,Miami (FL),USA
Shaun Livingston,GSW,30,200.66,87.089664,None,USA
Robert Sacre,LAL,27,213.36,122.46984,Gonzaga,Canada
Robert Covington,PHI,25,205.74,97.52228,Tennessee State,USA
Ricky Rubio,MIN,25,193.04,87.996848,None,Spain
Richaun Holmes,PHI,22,208.28,111.13004,Bowling Green,USA
PJ Hairston,MEM,23,198.12,104.32616,North Carolina,USA
PJ Tucker,PHX,31,198.12,111.13004,Texas,USA
Pablo Prigioni,LAC,39,190.5,83.91452,None,Argentina
Pat Connaughton,POR,23,195.58,93.439952,Notre Dame,USA
Patrick Beverley,HOU,27,185.42,83.91452,Arkansas,USA
Patrick Patterson,TOR,27,205.74,106.59412,Kentucky,USA
Patty Mills,SAS,27,182.88,83.91452,Saint Mary's (CA),Australia
Pau Gasol,CHI,35,213.36,113.398,None,Spain
Paul George,IND,26,205.74,99.79024,Fresno State,USA
Paul Millsap,ATL,31,203.2,111.583632,Louisiana Tech,USA
Paul Pierce,LAC,38,200.66,106.59412,Kansas,USA
Phil Pressey,POR,25,180.34,79.3786,Missouri,USA
Shayne Whittington,IND,25,210.82,113.398,Western Michigan,USA
Quincy Acy,SAC,25,200.66,108.86208,Baylor,USA
Rajon Rondo,SAC,30,185.42,84.368112,Kentucky,USA
Rakeem Christmas,IND,24,205.74,113.398,Syracuse,USA
Ramon Sessions,WAS,30,190.5,86.18248,Nevada,USA
Randy Foye,OKC,32,193.04,96.615096,Villanova,USA
Rashad Vaughn,MIL,19,198.12,91.625584,UNLV,USA
Rasual Butler,SAS,37,200.66,97.52228,La Salle,USA
Raul Neto,UTA,24,185.42,81.192968,None,Brazil
Ray McCallum,SAS,25,190.5,86.18248,Detroit Mercy,USA
Raymond Felton,DAL,32,185.42,92.98636,North Carolina,USA
Reggie Bullock,DET,25,200.66,92.98636,North Carolina,USA
Reggie Jackson,DET,26,190.5,94.347136,Boston College,USA
Richard Jefferson,CLE,36,200.66,105.686936,Arizona,USA
RJ Hunter,BOS,22,195.58,83.91452,Georgia State,USA
Solomon Hill,IND,25,200.66,102.0582,Arizona,USA
Sonny Weems,PHX,29,198.12,92.98636,Arkansas,USA
Spencer Dinwiddie,CHI,23,198.12,90.7184,Colorado,USA
Trevor Ariza,HOU,31,203.2,97.52228,UCLA,USA
Trevor Booker,UTA,28,203.2,103.418976,Clemson,USA
Trey Burke,UTA,23,185.42,86.636072,Michigan,USA
Trey Lyles,UTA,20,208.28,106.140528,Kentucky,USA
Tristan Thompson,CLE,25,205.74,107.954896,Texas,Canada
Troy Daniels,CHA,24,193.04,92.98636,Virginia Commonwealth,USA
Ty Lawson,IND,28,180.34,88.45044,North Carolina,USA
Tyler Ennis,MIL,21,190.5,87.996848,Syracuse,Canada
Tyler Hansbrough,CHA,30,205.74,113.398,North Carolina,USA
Tyler Johnson,MIA,24,193.04,84.368112,Fresno State,USA
Tyler Zeller,BOS,26,213.36,114.758776,North Carolina,USA
Tyreke Evans,NOP,26,198.12,99.79024,Memphis,USA
Tony Wroten,NYK,23,198.12,92.98636,Washington,USA
Tyson Chandler,PHX,33,215.9,108.86208,None,USA
Udonis Haslem,MIA,36,203.2,106.59412,Florida,USA
Victor Oladipo,ORL,24,193.04,95.25432,Indiana,USA
Vince Carter,MEM,39,198.12,99.79024,North Carolina,USA
Wayne Ellington,BKN,28,193.04,90.7184,North Carolina,USA
Wesley Johnson,LAC,28,200.66,97.52228,Syracuse,USA
Wesley Matthews,DAL,29,195.58,99.79024,Marquette,USA
Will Barton,DEN,25,198.12,79.3786,Memphis,USA
Willie Cauley-Stein,SAC,22,213.36,108.86208,Kentucky,USA
Willie Reed,BKN,26,208.28,99.79024,Saint Louis,USA
Xavier Munford,MEM,24,190.5,81.64656,Rhode Island,USA
Zach LaVine,MIN,21,195.58,85.728888,UCLA,USA
Jordan McRae,CLE,25,195.58,81.192968,Tennessee,USA
Tyus Jones,MIN,20,187.96,88.45044,Duke,USA
Otto Porter Jr.,WAS,23,203.2,89.811216,Georgetown,USA
Tony Snell,CHI,24,200.66,90.7184,New Mexico,USA
Tony Allen,MEM,34,193.04,96.615096,Oklahoma State,USA
Spencer Hawes,CHA,28,215.9,111.13004,Washington,USA
Stanley Johnson,DET,20,200.66,111.13004,Arizona,USA
Stephen Curry,GSW,28,190.5,86.18248,Davidson,USA
Steve Blake,DET,36,190.5,78.017824,Maryland,USA
Steve Novak,MIL,33,208.28,102.0582,Marquette,USA
Steven Adams,OKC,22,213.36,115.66596,Pittsburgh,New Zealand
T.J. McConnell,PHI,24,187.96,90.7184,Arizona,USA
TJ Warren,PHX,22,203.2,104.32616,North Carolina State,USA
Taj Gibson,CHI,31,205.74,102.0582,Southern California,USA
Tarik Black,LAL,24,205.74,113.398,Kansas,USA
Tayshaun Prince,MIN,36,205.74,96.161504,Kentucky,USA
Terrence Jones,HOU,24,205.74,114.305184,Kentucky,USA
Tony Parker,SAS,34,187.96,83.91452,None,France
Terrence Ross,TOR,25,200.66,88.45044,Washington,USA
Thabo Sefolosha,ATL,32,200.66,99.79024,None,Switzerland
Thaddeus Young,BKN,28,203.2,100.243832,Georgia Tech,USA
Thanasis Antetokounmpo,NYK,23,200.66,92.98636,None,Greece
Thomas Robinson,BKN,25,208.28,107.501304,Kansas,USA
Tiago Splitter,ATL,31,210.82,111.13004,None,Brazil
Tibor Pleiss,UTA,26,220.98,116.119552,None,Germany
Tim Duncan,SAS,40,210.82,113.398,Wake Forest,US Virgin Islands
Tim Frazier,NOP,25,185.42,77.11064,None,USA
Tim Hardaway Jr.,ATL,24,198.12,92.98636,Michigan,USA
Timofey Mozgov,CLE,29,215.9,124.7378,None,Russia
Tobias Harris,DET,23,205.74,106.59412,Tennessee,USA
Toney Douglas,NOP,30,187.96,88.45044,Florida State,USA
Terry Rozier,BOS,22,187.96,86.18248,Louisville,USA
Orlando Johnson,NOP,27,195.58,99.79024,California-Santa Barbara,USA
Shelvin Mack,UTA,26,190.5,92.079176,Butler,USA
Omer Asik,NOP,29,213.36,115.66596,None,Turkey
Khris Middleton,MIL,24,203.2,106.140528,Texas A&M,USA
Kirk Hinrich,ATL,35,193.04,86.18248,Kansas,USA
Klay Thompson,GSW,26,200.66,97.52228,Washington State,USA
Kobe Bryant,LAL,37,198.12,96.161504,None,USA
Kosta Koufos,SAC,27,213.36,120.20188,Ohio State,USA
Kostas Papanikolaou,DEN,25,203.2,106.59412,None,Greece
Kris Humphries,ATL,31,205.74,106.59412,Minnesota,USA
Kristaps Porzingis,NYK,20,220.98,108.86208,None,Latvia
Kyle Anderson,SAS,22,205.74,104.32616,UCLA,USA
Kyle Korver,ATL,35,200.66,96.161504,Creighton,USA
Kyle Lowry,TOR,30,182.88,92.98636,Villanova,USA
Kyle O'Quinn,NYK,26,208.28,113.398,Norfolk State,USA
Kevin Seraphin,NYK,26,208.28,126.098576,Le Moyne,France
Kyle Singler,OKC,28,203.2,103.418976,Duke,USA
LaMarcus Aldridge,SAS,30,210.82,108.86208,Texas,USA
Lamar Patterson,ATL,24,195.58,102.0582,Pittsburgh,USA
Lance Stephenson,MEM,25,195.58,104.32616,Cincinnati,USA
Lance Thomas,NYK,28,203.2,106.59412,Duke,USA
Langston Galloway,NYK,24,187.96,90.7184,Saint Joseph's,USA
Larry Nance Jr.,LAL,23,205.74,104.32616,Wyoming,USA
Lavoy Allen,IND,27,205.74,115.66596,Temple,USA
LeBron James,CLE,31,203.2,113.398,None,USA
Leandro Barbosa,GSW,33,190.5,87.996848,None,Brazil
Lorenzo Brown,DET,25,195.58,85.728888,North Carolina State,USA
Lou Amundson,NYK,33,205.74,99.79024,Nevada-Las Vegas,USA
Lou Williams,LAL,29,185.42,79.3786,None,USA
Kyrie Irving,CLE,24,190.5,87.543256,Duke,Australia
Kevin Martin,SAS,33,200.66,90.264808,Western Carolina,USA
Kevin Love,CLE,27,208.28,113.851592,UCLA,USA
Kevin Garnett,MIN,40,210.82,108.86208,None,USA
Jorge Gutierrez,CHA,27,190.5,85.728888,California-Berkeley,Mexico
Omri Casspi,SAC,28,205.74,102.0582,None,Israel
Jose Calderon,NYK,34,190.5,90.7184,None,Spain
Josh Huestis,OKC,24,200.66,104.32616,Stanford,USA
Josh McRoberts,MIA,29,208.28,108.86208,Duke,USA
Josh Richardson,MIA,22,198.12,90.7184,Tennessee,USA
Josh Smith,HOU,30,205.74,102.0582,None,USA
Jrue Holiday,NOP,26,193.04,92.98636,UCLA,USA
Julius Randle,LAL,21,205.74,113.398,Kentucky,USA
Justin Anderson,DAL,22,198.12,103.418976,Virginia,USA
Justin Harper,BKN,26,208.28,102.0582,Richmond,USA
Justin Holiday,CHI,27,198.12,83.91452,Washington,USA
Justise Winslow,MIA,20,200.66,102.0582,Duke,USA
Jusuf Nurkic,DEN,21,213.36,127.00576,None,Bosnia & Herzegovina
KJ McDaniels,HOU,23,198.12,92.98636,Clemson,USA
Karl-Anthony Towns,MIN,20,213.36,110.676448,Kentucky,USA
Kawhi Leonard,SAS,25,200.66,104.32616,San Diego State,USA
Keith Appling,ORL,24,185.42,83.91452,Michigan State,USA
Kelly Olynyk,BOS,25,213.36,107.954896,Gonzaga,Canada
Kelly Oubre Jr.,WAS,20,200.66,92.98636,Kansas,USA
Kemba Walker,CHA,26,185.42,83.460928,Connecticut,USA
Kendall Marshall,PHI,24,193.04,90.7184,North Carolina,USA
Kendrick Perkins,NOP,31,208.28,122.46984,None,USA
Kenneth Faried,DEN,26,203.2,103.418976,Morehead State,USA
Kent Bazemore,ATL,26,195.58,91.171992,Old Dominion,USA
Kentavious Caldwell-Pope,DET,23,195.58,92.98636,Georgia,USA
Kevin Durant,OKC,27,205.74,108.86208,Texas,USA
Luc Mbah a Moute,LAC,29,203.2,104.32616,UCLA,Cameroon
Lucas Nogueira,TOR,23,213.36,99.79024,None,Brazil
Kevon Looney,GSW,20,205.74,99.79024,UCLA,USA
Luis Montero,POR,23,200.66,83.91452,Westchester CC NY,Dominican Republic
Mike Miller,DEN,36,203.2,98.883056,Florida,USA
Mike Muscala,ATL,24,210.82,108.86208,Bucknell,USA
Mike Scott,ATL,27,203.2,107.501304,Virginia,USA
Miles Plumlee,MIL,27,210.82,112.944408,Duke,USA
Mirza Teletovic,PHX,30,205.74,109.769264,None,Bosnia
Mitch McGary,OKC,24,208.28,115.66596,Michigan,USA
Mo Williams,CLE,33,185.42,89.811216,Alabama,USA
Monta Ellis,IND,30,190.5,83.91452,None,USA
Montrezl Harrell,HOU,22,203.2,108.86208,Louisville,USA
Myles Turner,IND,20,210.82,110.222856,Texas,USA
Nate Robinson,NOP,32,175.26,81.64656,Washington,USA
Nazr Mohammed,OKC,38,208.28,113.398,Kentucky,USA
Mike Dunleavy,CHI,35,205.74,104.32616,Duke,USA
Nemanja Bjelica,MIN,28,208.28,108.86208,None,Serbia
Nerlens Noel,PHI,22,210.82,103.418976,Kentucky,USA
Nick Collison,OKC,35,208.28,115.66596,Kansas,USA
Nick Young,LAL,31,200.66,95.25432,Southern California,USA
Nicolas Batum,CHA,27,203.2,90.7184,None,France
Nik Stauskas,PHI,22,198.12,92.98636,Michigan,Canada
Nikola Jokic,DEN,21,208.28,113.398,None,Serbia
Nikola Mirotic,CHI,25,208.28,99.79024,None,Montenegro
Nikola Pekovic,MIN,30,210.82,139.252744,None,Montenegro
Nikola Vucevic,ORL,25,213.36,117.93392,Southern California,Montenegro
Noah Vonleh,POR,20,205.74,108.86208,Indiana,USA
Norman Powell,TOR,23,193.04,97.52228,UCLA,USA
Norris Cole,NOP,27,187.96,79.3786,Cleveland State,USA
Nene,WAS,33,210.82,113.398,None,Brazil
Mike Conley,MEM,28,185.42,79.3786,Ohio State,USA
O.J. Mayo,MIL,28,195.58,95.25432,Southern California,USA
Marco Belinelli,SAC,30,195.58,95.25432,None,Italy
Luis Scola,TOR,36,205.74,108.86208,None,Argentina
Luke Babbitt,NOP,27,205.74,102.0582,Nevada,USA
Luol Deng,MIA,31,205.74,99.79024,Duke,United Kingdom
Manu Ginobili,SAS,38,198.12,92.98636,None,Argentina
Marc Gasol,MEM,31,215.9,115.66596,None,Spain
Marcelo Huertas,LAL,33,190.5,90.7184,None,Brazil
Marcin Gortat,WAS,32,210.82,108.86208,None,Poland
Michael Kidd-Gilchrist,CHA,22,200.66,105.233344,Kentucky,USA
Marcus Morris,DET,26,205.74,106.59412,Kansas,USA
Marcus Smart,BOS,22,193.04,99.79024,Oklahoma State,USA
Marcus Thornton,WAS,29,193.04,92.98636,Louisiana State,USA
Mario Hezonja,ORL,21,203.2,98.883056,None,Croatia
Mario Chalmers,MIA,30,187.96,86.18248,Kansas,USA
Markieff Morris,WAS,26,208.28,111.13004,Kansas,USA
Michael Carter-Williams,MIL,24,198.12,86.18248,Syracuse,USA
Michael Beasley,HOU,27,208.28,106.59412,Kansas State,USA
Meyers Leonard,POR,24,215.9,111.13004,Illinois,USA
Metta World Peace,LAL,36,200.66,117.93392,St. John's (NY),USA
Markel Brown,BKN,24,190.5,86.18248,Oklahoma State,USA
Matthew Dellavedova,CLE,25,193.04,89.811216,Saint Mary's (CA),Australia
Maurice Harkless,POR,23,205.74,97.52228,St. John's (NY),USA
Matt Barnes,MEM,36,200.66,102.511792,UCLA,USA
Mason Plumlee,POR,26,210.82,106.59412,Duke,USA
Marvin Williams,CHA,30,205.74,107.501304,North Carolina,USA
Marreese Speights,GSW,28,208.28,115.66596,Florida,USA
Matt Bonner,SAS,36,208.28,106.59412,Florida,USA
Metta World Peace,LAL,37,200.66,117.93392,St. John's (NY),USA
Matthew Dellavedova,MIL,26,193.04,89.811216,Saint Mary's (CA),Australia
Maurice Harkless,POR,24,205.74,99.79024,St. John's (NY),USA
Maurice Ndour,NYK,25,205.74,90.7184,Ohio U.,Senegal
Meyers Leonard,POR,25,215.9,115.66596,Illinois,USA
Marc Gasol,MEM,32,215.9,115.66596,None,Spain
Michael Carter-Williams,CHI,25,198.12,86.18248,Syracuse,USA
Michael Gbinije,DET,25,200.66,90.7184,Syracuse,USA
Michael Kidd-Gilchrist,CHA,23,200.66,105.233344,Kentucky,USA
Mike Conley,MEM,29,185.42,79.3786,Ohio State,USA
Mike Dunleavy,ATL,36,205.74,104.32616,Duke,USA
Michael Beasley,MIL,28,208.28,106.59412,Kansas State,USA
Matt Barnes,GSW,37,200.66,102.511792,UCLA,USA
Marcelo Huertas,LAL,34,190.5,90.7184,None,Brazil
Marvin Williams,CHA,31,205.74,107.501304,North Carolina,USA
Marshall Plumlee,NYK,24,213.36,113.398,Duke,USA
Marreese Speights,LAC,29,208.28,115.66596,Florida,USA
Marquese Chriss,PHX,19,208.28,105.686936,Washington,USA
Markieff Morris,WAS,27,208.28,111.13004,Kansas,USA
Mario Hezonja,ORL,22,203.2,98.883056,None,Croatia
Marcus Thornton,WAS,30,193.04,92.98636,Louisiana State,USA
Marcus Smart,BOS,23,193.04,99.79024,Oklahoma State,USA
Marcus Morris,DET,27,205.74,106.59412,Kansas,USA
Marcus Georges-Hunt,ORL,23,198.12,99.79024,Georgia Tech,USA
Marco Belinelli,CHA,31,195.58,95.25432,None,Italy
Marcin Gortat,WAS,33,210.82,108.86208,None,Poland
Mike Miller,DEN,37,203.2,98.883056,Florida,USA
Mason Plumlee,DEN,27,210.82,115.66596,Duke,USA
Mike Muscala,ATL,25,210.82,108.86208,Bucknell,USA
Nicolas Batum,CHA,28,203.2,90.7184,None,France
Mike Tobey,CHA,22,213.36,117.93392,Virginia,USA
PJ Tucker,TOR,32,198.12,111.13004,Texas,USA
Otto Porter Jr.,WAS,24,203.2,89.811216,Georgetown,USA
Pascal Siakam,TOR,23,205.74,104.32616,New Mexico State,Cameroon
Omri Casspi,MIN,29,205.74,102.0582,None,Israel
Omer Asik,NOP,30,213.36,115.66596,None,Turkey
Okaro White,MIA,24,203.2,92.532768,Florida State,USA
Norris Cole,OKC,28,187.96,79.3786,Cleveland State,USA
Norman Powell,TOR,24,193.04,97.52228,UCLA,USA
Noah Vonleh,POR,21,205.74,111.13004,Indiana,USA
Nikola Vucevic,ORL,26,213.36,117.93392,Southern California,Montenegro
Nikola Mirotic,CHI,26,208.28,107.954896,None,Montenegro
Nikola Jokic,DEN,22,208.28,113.398,None,Serbia
Mike Scott,ATL,28,203.2,107.501304,Virginia,USA
Nik Stauskas,PHI,23,198.12,92.98636,Michigan,Canada
Nicolas Brussino,DAL,24,203.2,97.52228,None,Argentina
Nick Young,LAL,32,200.66,95.25432,Southern California,USA
Nick Collison,OKC,36,208.28,115.66596,Kansas,USA
Nerlens Noel,DAL,23,210.82,103.418976,Kentucky,USA
Nene,HOU,34,210.82,113.398,None,Brazil
Nemanja Bjelica,MIN,29,208.28,102.0582,None,Serbia
Myles Turner,IND,21,210.82,110.222856,Texas,USA
Montrezl Harrell,HOU,23,203.2,108.86208,Louisville,USA
Monta Ellis,IND,31,190.5,83.91452,None,USA
Mirza Teletovic,MIL,31,205.74,111.13004,None,Bosnia
Mindaugas Kuzminskas,NYK,27,205.74,97.52228,None,Lithuania
Miles Plumlee,CHA,28,210.82,112.944408,Duke,USA
Nicolas Laprovittola,SAS,27,193.04,81.64656,None,Argentina
Manu Ginobili,SAS,39,198.12,92.98636,None,Argentina
Josh McRoberts,MIA,30,208.28,108.86208,Duke,USA
Malik Beasley,DEN,20,195.58,88.904032,Florida State,USA
Kevon Looney,GSW,21,205.74,99.79024,UCLA,USA
Kevin Seraphin,IND,27,208.28,126.098576,Le Moyne,France
Kevin Love,CLE,28,208.28,113.851592,UCLA,USA
Kevin Durant,GSW,28,205.74,108.86208,Texas,USA
Kentavious Caldwell-Pope,DET,24,195.58,92.98636,Georgia,USA
Kent Bazemore,ATL,27,195.58,91.171992,Old Dominion,USA
Kenneth Faried,DEN,27,203.2,103.418976,Morehead State,USA
Kemba Walker,CHA,27,185.42,83.460928,Connecticut,USA
Kelly Oubre Jr.,WAS,21,200.66,92.98636,Kansas,USA
Kelly Olynyk,BOS,26,213.36,107.954896,Gonzaga,Canada
Kay Felder,CLE,22,175.26,79.832192,None,USA
Kawhi Leonard,SAS,26,200.66,104.32616,San Diego State,USA
Khris Middleton,MIL,25,203.2,106.140528,Texas A&M,USA
Karl-Anthony Towns,MIN,21,213.36,110.676448,Kentucky,USA
Jusuf Nurkic,POR,22,213.36,127.00576,None,Bosnia & Herzegovina
Justise Winslow,MIA,21,200.66,102.0582,Duke,USA
Justin Holiday,NYK,28,198.12,83.91452,Washington,USA
Justin Harper,PHI,27,208.28,102.0582,Richmond,USA
Justin Hamilton,BKN,27,213.36,115.66596,Louisiana State,USA
Justin Anderson,PHI,23,198.12,103.418976,Virginia,USA
Julius Randle,LAL,22,205.74,113.398,Kentucky,USA
Juancho Hernangomez,DEN,21,205.74,104.32616,None,Spain
Jrue Holiday,NOP,27,193.04,92.98636,UCLA,USA
Josh Richardson,MIA,23,198.12,90.7184,Tennessee,USA
Pat Connaughton,POR,24,195.58,95.25432,Notre Dame,USA
Josh Huestis,OKC,25,200.66,104.32616,Stanford,USA
KJ McDaniels,BKN,24,198.12,92.98636,Clemson,USA
Klay Thompson,GSW,27,200.66,97.52228,Washington State,USA
Kosta Koufos,SAC,28,213.36,120.20188,Ohio State,USA
Kris Dunn,MIN,23,193.04,92.98636,Providence,USA
Malcolm Delaney,ATL,28,190.5,86.18248,Virginia Tech,USA
Malcolm Brogdon,MIL,24,195.58,97.52228,Virginia,USA
Malachi Richardson,SAC,21,198.12,92.98636,Syracuse,USA
Luol Deng,LAL,32,205.74,99.79024,Duke,United Kingdom
Luke Babbitt,MIA,28,205.74,102.0582,Nevada,USA
Luis Scola,BKN,37,205.74,109.315672,None,Argentina
Lucas Nogueira,TOR,24,213.36,99.79024,None,Brazil
Luc Mbah a Moute,LAC,30,203.2,104.32616,UCLA,Cameroon
Lou Williams,HOU,30,185.42,79.3786,None,USA
Leandro Barbosa,PHX,34,190.5,87.996848,None,Brazil
LeBron James,CLE,32,203.2,113.398,None,USA
Lavoy Allen,IND,28,205.74,117.93392,Temple,USA
Larry Sanders,CLE,28,210.82,104.32616,Virginia Commonwealth,USA
Larry Nance Jr.,LAL,24,205.74,104.32616,Wyoming,USA
Langston Galloway,SAC,25,187.96,90.7184,Saint Joseph's,USA
Lance Thomas,NYK,29,203.2,106.59412,Duke,USA
Lance Stephenson,IND,26,195.58,104.32616,Cincinnati,USA
Lamar Patterson,ATL,25,195.58,102.0582,Pittsburgh,USA
LaMarcus Aldridge,SAS,31,210.82,117.93392,Texas,USA
Kyrie Irving,CLE,25,190.5,87.543256,Duke,Australia
Kyle Wiltjer,HOU,24,208.28,108.86208,Gonzaga,Canada
Kyle Singler,OKC,29,203.2,103.418976,Duke,USA
Kyle O'Quinn,NYK,27,208.28,113.398,Norfolk State,USA
Kyle Lowry,TOR,31,182.88,92.98636,Villanova,USA
Kyle Korver,CLE,36,200.66,96.161504,Creighton,USA
Kyle Anderson,SAS,23,205.74,104.32616,UCLA,USA
Kristaps Porzingis,NYK,21,220.98,108.86208,None,Latvia
Manny Harris,DAL,27,195.58,83.91452,Michigan,USA
Patricio Garino,ORL,24,198.12,92.079176,George Washington,Argentina
Zach LaVine,MIN,22,195.58,83.91452,UCLA,USA
Patrick McCaw,GSW,21,200.66,83.91452,Nevada-Las Vegas,USA
Trevor Ariza,HOU,32,203.2,97.52228,UCLA,USA
Treveon Graham,CHA,23,198.12,102.511792,Virginia Commonwealth,USA
Tony Snell,MIL,25,200.66,98.429464,New Mexico,USA
Tony Parker,SAS,35,187.96,83.91452,None,France
Tony Allen,MEM,35,193.04,96.615096,Oklahoma State,USA
Toney Douglas,MEM,31,187.96,88.45044,Florida State,USA
Tomas Satoransky,WAS,25,200.66,95.25432,None,Czech Republic
Tobias Harris,DET,24,205.74,106.59412,Tennessee,USA
Timothe Luwawu-Cabarrot,PHI,22,198.12,92.98636,None,France
Timofey Mozgov,LAL,30,215.9,124.7378,None,Russia
Tim Quarterman,POR,22,198.12,86.18248,Louisiana State,USA
Tim Hardaway Jr.,ATL,25,198.12,92.98636,Michigan,USA
Trevor Booker,BKN,29,203.2,103.418976,Clemson,USA
Tim Frazier,NOP,26,185.42,77.11064,None,USA
Thon Maker,MIL,20,215.9,101.151016,None,South Sudan
Thomas Robinson,LAL,26,208.28,107.501304,Kansas,USA
Thaddeus Young,IND,29,203.2,100.243832,Georgia Tech,USA
Thabo Sefolosha,ATL,33,200.66,99.79024,None,Switzerland
Terry Rozier,BOS,23,187.96,86.18248,Louisville,USA
Terrence Ross,ORL,26,200.66,88.45044,Washington,USA
Terrence Jones,MIL,25,205.74,115.66596,Kentucky,USA
Taurean Prince,ATL,23,203.2,99.79024,Baylor,USA
Tarik Black,LAL,25,205.74,113.398,Kansas,USA
Taj Gibson,OKC,32,205.74,107.047712,Southern California,USA
TJ Warren,PHX,23,203.2,102.0582,North Carolina State,USA
T.J. McConnell,PHI,25,187.96,90.7184,Arizona,USA
Tiago Splitter,PHI,32,210.82,111.13004,None,Brazil
Trey Burke,WAS,24,185.42,86.636072,Michigan,USA
Trey Lyles,UTA,21,208.28,106.140528,Kentucky,USA
Tristan Thompson,CLE,26,205.74,107.954896,Texas,Canada
Jose Calderon,ATL,35,190.5,90.7184,None,Spain
Zaza Pachulia,GSW,33,210.82,124.7378,None,Georgia
Zach Randolph,MEM,35,205.74,117.93392,Michigan State,USA
Yogi Ferrell,DAL,24,182.88,81.64656,Indiana,USA
Wilson Chandler,DEN,30,203.2,102.0582,DePaul,USA
Willy Hernangomez,NYK,23,210.82,108.86208,None,Spain
Willie Reed,MIA,27,210.82,111.13004,Saint Louis,USA
Willie Cauley-Stein,SAC,23,213.36,108.86208,Kentucky,USA
Will Barton,DEN,26,198.12,79.3786,Memphis,USA
Wesley Matthews,DAL,30,195.58,99.79024,Marquette,USA
Wesley Johnson,LAC,29,200.66,97.52228,Syracuse,USA
Wayne Selden,MEM,22,195.58,104.32616,Kansas,USA
Wayne Ellington,MIA,29,193.04,90.7184,North Carolina,USA
Wade Baldwin IV,MEM,21,193.04,91.625584,Vanderbilt,USA
Vince Carter,MEM,40,198.12,99.79024,North Carolina,USA
Victor Oladipo,OKC,25,193.04,95.25432,Indiana,USA
Udonis Haslem,MIA,37,203.2,106.59412,Florida,USA
Tyus Jones,MIN,21,187.96,88.45044,Duke,USA
Tyson Chandler,PHX,34,215.9,108.86208,None,USA
Tyreke Evans,SAC,27,198.12,99.79024,Memphis,USA
Tyler Zeller,BOS,27,213.36,114.758776,North Carolina,USA
Tyler Ulis,PHX,21,177.8,68.0388,Kentucky,USA
Tyler Johnson,MIA,25,193.04,84.368112,Fresno State,USA
Tyler Ennis,LAL,22,190.5,87.996848,Syracuse,Canada
Ty Lawson,SAC,29,180.34,88.45044,North Carolina,USA
Troy Williams,HOU,22,200.66,95.25432,Indiana,USA
Troy Daniels,MEM,25,193.04,92.98636,Virginia Commonwealth,USA
Steven Adams,OKC,23,213.36,115.66596,Pittsburgh,New Zealand
Patrick Beverley,HOU,28,185.42,83.91452,Arkansas,USA
Steve Novak,MIL,34,208.28,102.0582,Marquette,USA
Stephen Curry,GSW,29,190.5,86.18248,Davidson,USA
Robin Lopez,CHI,29,213.36,115.66596,Stanford,USA
Robert Covington,PHI,26,205.74,97.52228,Tennessee State,USA
Ricky Rubio,MIN,26,193.04,86.18248,None,Spain
Richaun Holmes,PHI,23,208.28,111.13004,Bowling Green,USA
Richard Jefferson,CLE,37,200.66,105.686936,Arizona,USA
Reggie Williams,NOP,30,201,86,Virginia Military Institute,USA
Reggie Jackson,DET,27,190.5,94.347136,Boston College,USA
Reggie Bullock,DET,26,200.66,92.98636,North Carolina,USA
Raymond Felton,LAC,33,185.42,92.98636,North Carolina,USA
Raul Neto,UTA,25,185.42,81.192968,None,Brazil
Rashad Vaughn,MIL,20,198.12,91.625584,UNLV,USA
Randy Foye,BKN,33,193.04,98.883056,Villanova,USA
Rodney Hood,UTA,24,203.2,93.439952,Duke,USA
Ramon Sessions,CHA,31,190.5,86.18248,Nevada,USA
Rajon Rondo,CHI,31,185.42,84.368112,Kentucky,USA
RJ Hunter,CHI,23,195.58,83.91452,Georgia State,USA
Quinn Cook,NOP,24,187.96,81.192968,Duke,USA
Quincy Acy,BKN,26,200.66,108.86208,Baylor,USA
Pierre Jackson,DAL,25,177.8,81.64656,Baylor,USA
Paul Zipser,CHI,23,203.2,95.25432,None,Germany
Paul Pierce,LAC,39,200.66,106.59412,Kansas,USA
Paul Millsap,ATL,32,203.2,111.583632,Louisiana Tech,USA
Paul George,IND,27,205.74,99.79024,Fresno State,USA
Pau Gasol,SAS,36,213.36,113.398,None,Spain
Patty Mills,SAS,28,182.88,83.91452,Saint Mary's (CA),Australia
Patrick Patterson,TOR,28,205.74,106.59412,Kentucky,USA
Rakeem Christmas,IND,25,205.74,113.398,Syracuse,USA
Rodney McGruder,MIA,25,193.04,92.98636,Kansas State,USA
Rodney Stuckey,IND,31,195.58,92.98636,Eastern Washington,USA
Ron Baker,NYK,24,193.04,99.79024,Wichita State,USA
Stanley Johnson,DET,21,200.66,111.13004,Arizona,USA
Spencer Hawes,MIL,29,215.9,111.13004,Washington,USA
Spencer Dinwiddie,BKN,24,198.12,90.7184,Colorado,USA
Solomon Hill,NOP,26,200.66,102.0582,Arizona,USA
Skal Labissiere,SAC,21,210.82,102.0582,Kentucky,Haiti
Shelvin Mack,UTA,27,190.5,92.079176,Butler,USA
Sheldon Mac,WAS,24,198.12,90.7184,Miami (Fla.),USA
Shawn Long,PHI,24,205.74,115.66596,Louisiana-Lafayette,USA
Shaun Livingston,GSW,31,200.66,87.089664,None,USA
Shabazz Napier,POR,25,185.42,79.3786,Connecticut,USA
Shabazz Muhammad,MIN,24,198.12,101.151016,UCLA,USA
Seth Curry,DAL,26,187.96,83.91452,Duke,USA
Sergio Rodriguez,PHI,31,190.5,79.832192,None,Spain
Serge Ibaka,TOR,27,208.28,106.59412,None,Democratic Republic of the Congo
Semaj Christon,OKC,24,190.5,86.18248,Xavier,USA
Sean Kilpatrick,BKN,27,193.04,99.336648,Cincinnati,USA
Sasha Vujacic,NYK,33,200.66,88.45044,None,Slovenia
Sam Dekker,HOU,23,205.74,104.32616,Wisconsin,USA
Salah Mejri,DAL,31,218.44,111.13004,None,Tunisia
Ryan Kelly,ATL,26,210.82,104.32616,Duke,USA
Ryan Anderson,HOU,29,208.28,108.86208,California,USA
Russell Westbrook,OKC,28,190.5,90.7184,UCLA,USA
Rudy Gobert,UTA,25,215.9,111.13004,None,France
Rudy Gay,SAC,30,203.2,104.32616,Connecticut,USA
Roy Hibbert,DEN,30,218.44,122.46984,Georgetown,USA
Ronnie Price,PHX,34,187.96,86.18248,Utah Valley,USA
Rondae Hollis-Jefferson,BKN,22,200.66,97.068688,Arizona,USA
Stephen Zimmerman,ORL,20,213.36,108.86208,Nevada-Las Vegas,USA
Jordan Mickey,BOS,22,203.2,106.59412,Louisiana State,USA
Kris Humphries,ATL,32,205.74,106.59412,Minnesota,USA
Jordan Hill,MIN,29,208.28,108.86208,Arizona,USA
Dahntay Jones,CLE,36,198.12,102.0582,Duke,USA
D.J. Augustin,ORL,29,182.88,83.007336,Texas,USA
D'Angelo Russell,LAL,21,195.58,88.45044,Ohio State,USA
Cristiano Felicio,CHI,24,205.74,120.655472,None,Brazil
Courtney Lee,NYK,31,195.58,90.7184,Western Kentucky,USA
Cory Joseph,TOR,25,190.5,86.18248,Texas,Canada
Corey Brewer,LAL,31,205.74,84.368112,Florida,USA
Cole Aldrich,MIN,28,210.82,113.398,Kansas,USA
Cody Zeller,CHA,24,213.36,108.86208,Indiana,USA
Clint Capela,HOU,23,208.28,108.86208,None,Switzerland
Christian Wood,CHA,21,210.82,99.79024,Nevada-Las Vegas,USA
Chris Paul,LAC,32,182.88,79.3786,Wake Forest,USA
Damian Jones,GSW,22,213.36,111.13004,Vanderbilt,USA
Chris McCullough,WAS,22,205.74,97.52228,Syracuse,USA
Chinanu Onuaku,HOU,20,208.28,111.13004,Louisville,USA
Cheick Diallo,NOP,20,205.74,99.79024,Kansas,Mali
Chasson Randle,NYK,24,187.96,83.91452,Stanford,USA
Channing Frye,CLE,34,210.82,115.66596,Arizona,USA
Chandler Parsons,MEM,28,208.28,104.32616,Florida,USA
Carmelo Anthony,NYK,33,203.2,108.86208,Syracuse,USA
Caris LeVert,BKN,22,200.66,92.079176,Michigan,USA
Cameron Payne,CHI,22,190.5,83.91452,Murray State,USA
CJ Wilcox,ORL,26,195.58,88.45044,Washington,USA
CJ Miles,IND,30,198.12,102.0582,None,USA
CJ McCollum,POR,25,190.5,86.18248,Lehigh,USA
C.J. Watson,ORL,33,187.96,79.3786,Tennessee,USA
Chris Andersen,CLE,38,208.28,111.13004,Blinn,USA
Damian Lillard,POR,26,190.5,88.45044,Weber State,USA
Damjan Rudez,ORL,31,208.28,103.418976,None,Croatia
Daniel Ochefu,WAS,23,210.82,111.13004,Villanova,USA
Derrick Jones Jr.,PHX,20,200.66,86.18248,Nevada-Las Vegas,USA
Derrick Favors,UTA,25,208.28,120.20188,Georgia Tech,USA
Deron Williams,CLE,33,190.5,90.7184,Illinois,USA
Denzel Valentine,CHI,23,198.12,96.161504,Michigan State,USA
Dennis Schroder,ATL,23,185.42,78.017824,None,Germany
Demetrius Jackson,BOS,22,185.42,91.171992,Notre Dame,USA
Delon Wright,TOR,25,195.58,86.18248,Utah,USA
Dejounte Murray,SAS,20,195.58,77.11064,Washington,USA
DeMarre Carroll,TOR,30,203.2,96.161504,Missouri,USA
DeMarcus Cousins,NOP,26,210.82,122.46984,Kentucky,USA
DeMar DeRozan,TOR,27,200.66,99.79024,Southern California,USA
DeAndre' Bembry,ATL,22,198.12,95.25432,Saint Joseph's,USA
DeAndre Liggins,DAL,29,198.12,94.800728,Kentucky,USA
DeAndre Jordan,LAC,28,210.82,120.20188,Texas A&M,USA
Davis Bertans,SAS,24,208.28,95.25432,None,Latvia
David West,GSW,36,205.74,113.398,Xavier,USA
David Nwaba,LAL,24,193.04,94.800728,None,USA
David Lee,SAS,34,205.74,111.13004,Florida,USA
Darrun Hilliard,DET,24,198.12,92.98636,Villanova,USA
Darren Collison,SAC,29,182.88,79.3786,UCLA,USA
Darrell Arthur,DEN,29,205.74,106.59412,Kansas,USA
Dario Saric,PHI,23,208.28,101.151016,None,Croatia
Danuel House,WAS,24,200.66,97.52228,Texas A&M,USA
Dante Exum,UTA,21,198.12,86.18248,None,Australia
Dante Cunningham,NOP,30,203.2,104.32616,Villanova,USA
Danny Green,SAS,30,198.12,97.52228,North Carolina,USA
Danilo Gallinari,DEN,28,208.28,102.0582,None,Italy
Buddy Hield,SAC,23,193.04,97.068688,Oklahoma,Bahamas
Bryn Forbes,SAS,23,190.5,86.18248,Michigan State,USA
Bruno Caboclo,TOR,21,205.74,92.98636,None,Brazil
Brook Lopez,BKN,29,213.36,121.562656,Stanford,USA
Andrew Wiggins,MIN,22,203.2,90.264808,Kansas,Canada
Andrew Nicholson,BKN,27,205.74,113.398,St. Bonaventure,Canada
Andrew Harrison,MEM,22,198.12,96.615096,Kentucky,USA
Andrew Bogut,CLE,32,213.36,117.93392,Utah,Australia
Andre Roberson,OKC,25,200.66,95.25432,Colorado,USA
Andre Iguodala,GSW,33,198.12,97.52228,Arizona,USA
Andre Drummond,DET,23,210.82,126.552168,Connecticut,USA
Anderson Varejao,GSW,34,210.82,123.830616,None,Brazil
Amir Johnson,BOS,30,205.74,108.86208,None,USA
Alonzo Gee,DEN,30,198.12,102.0582,Alabama,USA
Allen Crabbe,POR,25,198.12,97.52228,California,USA
Alexis Ajinca,NOP,29,218.44,112.490816,None,France
Alex Poythress,PHI,23,200.66,107.954896,Kentucky,USA
Alex Len,PHX,24,215.9,117.93392,Maryland,Ukraine
Alex Abrines,OKC,23,198.12,86.18248,None,Spain
Alec Burks,UTA,25,198.12,97.068688,Colorado,USA
Alan Williams,PHX,24,203.2,117.93392,California-Santa Barbara,USA
Alan Anderson,LAC,34,198.12,99.79024,Michigan State,USA
Al-Farouq Aminu,POR,26,205.74,99.79024,Wake Forest,USA
Al Jefferson,IND,32,208.28,131.088088,None,USA
Al Horford,BOS,31,208.28,111.13004,Florida,Dominican Republic
Adreian Payne,MIN,26,208.28,107.501304,Michigan State,USA
Aaron Harrison,CHA,22,198.12,95.25432,Kentucky,USA
Aaron Gordon,ORL,21,205.74,99.79024,Arizona,USA
Aaron Brooks,IND,32,182.88,73.028312,Oregon,USA
AJ Hammons,DAL,24,213.36,117.93392,Purdue,USA
Jordan McRae,CLE,26,195.58,81.192968,Tennessee,USA
Anthony Bennett,BKN,24,203.2,106.59412,Nevada-Las Vegas,Canada
Derrick Rose,NYK,28,190.5,86.18248,Memphis,USA
Anthony Brown,ORL,24,200.66,95.707912,Stanford,USA
Anthony Morrow,CHI,31,195.58,95.25432,Georgia Tech,USA
Brice Johnson,LAC,23,208.28,104.32616,North Carolina,USA
Briante Weber,CHA,24,187.96,74.84268,Virginia Commonwealth,USA
Brandon Rush,MIN,31,198.12,102.0582,Kansas,USA
Brandon Knight,PHX,25,190.5,88.45044,Kentucky,USA
Brandon Jennings,WAS,27,185.42,77.11064,None,USA
Brandon Ingram,LAL,19,205.74,86.18248,Duke,USA
Brandon Bass,LAC,32,203.2,113.398,Louisiana State,USA
Brandan Wright,MEM,29,208.28,95.25432,North Carolina,USA
Bradley Beal,WAS,24,195.58,93.893544,Florida,USA
Boris Diaw,UTA,35,203.2,113.398,None,France
Bojan Bogdanovic,WAS,28,203.2,102.0582,None,Croatia
Bobby Portis,CHI,22,210.82,111.583632,Arkansas,USA
Bobby Brown,HOU,32,187.96,79.3786,Cal State-Fullerton,USA
Boban Marjanovic,DET,28,220.98,131.54168,None,Serbia
Blake Griffin,LAC,28,208.28,113.851592,Oklahoma,USA
Bismack Biyombo,ORL,24,205.74,115.66596,None,Democratic Republic of the Congo
Beno Udrih,DET,34,190.5,92.98636,None,Slovenia
Ben McLemore,SAC,24,195.58,88.45044,Kansas,USA
Ben Bentil,DAL,22,205.74,106.59412,Providence,Ghana
Axel Toupane,NOP,24,200.66,95.25432,None,France
Avery Bradley,BOS,26,187.96,81.64656,Texas,USA
Austin Rivers,LAC,24,193.04,90.7184,Duke,USA
Arron Afflalo,SAC,31,195.58,95.25432,UCLA,USA
Aron Baynes,DET,30,208.28,117.93392,Washington State,Australia
Arinze Onuaku,ORL,29,205.74,115.66596,Syracuse,USA
Archie Goodwin,BKN,22,195.58,92.98636,Kentucky,USA
Anthony Tolliver,SAC,32,203.2,108.86208,Creighton,USA
Anthony Davis,NOP,24,210.82,114.758776,Kentucky,USA
Derrick Williams,CLE,26,203.2,108.86208,Arizona,USA
Brian Roberts,CHA,31,185.42,78.471416,Dayton,USA
Devin Harris,DAL,34,190.5,83.91452,Wisconsin,USA
Jeff Green,ORL,30,205.74,106.59412,Georgetown,USA
Jaylen Brown,BOS,20,200.66,102.0582,California,USA
Jason Terry,MIL,39,187.96,83.91452,Arizona,USA
Jason Smith,WAS,31,213.36,108.86208,Colorado State,USA
Jarrod Uthoff,DAL,24,205.74,100.243832,Iowa,USA
Jarrett Jack,NOP,33,190.5,90.7184,Georgia Tech,USA
Jarnell Stokes,DEN,23,205.74,115.66596,Tennessee,USA
Jarell Martin,MEM,23,208.28,108.408488,Louisiana State,USA
Jarell Eddie,PHX,25,200.66,98.883056,Virginia Tech,USA
Jared Sullinger,TOR,25,205.74,117.93392,Ohio State,USA
Jared Dudley,PHX,31,200.66,102.0582,Boston College,USA
James Young,BOS,21,198.12,97.52228,Kentucky,USA
Jeff Teague,IND,29,187.96,84.368112,Wake Forest,USA
James Michael McAdoo,GSW,24,205.74,108.86208,North Carolina,USA
James Johnson,MIA,30,205.74,113.398,Wake Forest,USA
James Harden,HOU,27,195.58,99.79024,Arizona State,USA
James Ennis III,MEM,26,200.66,95.25432,Long Beach State,USA
Jameer Nelson,DEN,35,182.88,86.18248,Saint Joseph's,USA
Jamal Murray,DEN,20,193.04,93.893544,Kentucky,Canada
Jamal Crawford,LAC,37,195.58,88.45044,Michigan,USA
Jakob Poeltl,TOR,21,213.36,104.32616,Utah,Austria
Jake Layman,POR,23,205.74,95.25432,Maryland,USA
Jahlil Okafor,PHI,21,210.82,124.7378,Duke,USA
Jae Crowder,BOS,26,198.12,106.59412,Marquette,USA
Jabari Parker,MIL,22,203.2,113.398,Duke,USA
JaVale McGee,GSW,29,213.36,122.46984,Nevada,USA
James Jones,CLE,36,203.2,98.883056,Miami (FL),USA
Jerami Grant,OKC,23,205.74,95.25432,Syracuse,USA
Jeremy Lamb,CHA,25,195.58,83.91452,Connecticut,USA
Jeremy Lin,BKN,28,190.5,90.7184,Harvard,USA
Jordan Crawford,NOP,28,195.58,88.45044,Xavier,USA
Jordan Farmar,SAC,30,187.96,81.64656,UCLA,USA
Devin Booker,PHX,20,198.12,93.439952,Kentucky,USA
Jordan Clarkson,LAL,25,195.58,87.996848,Missouri,USA
Jonathon Simmons,SAS,27,198.12,88.45044,Houston,USA
Jonathan Gibson,DAL,29,187.96,83.91452,New Mexico State,USA
Jonas Valanciunas,TOR,25,213.36,115.66596,None,Lithuania
Jonas Jerebko,BOS,30,208.28,104.779752,None,Sweden
Jon Leuer,DET,28,208.28,103.418976,Wisconsin,USA
Johnny O'Bryant III,CHA,24,205.74,116.573144,Louisiana State,USA
John Wall,WAS,26,193.04,95.25432,Kentucky,USA
John Lucas III,MIN,34,180.34,75.296272,Oklahoma State,USA
John Jenkins,PHX,26,193.04,97.52228,Vanderbilt,USA
John Henson,MIL,26,210.82,103.872568,North Carolina,USA
Joffrey Lauvergne,CHI,25,210.82,99.79024,None,France
Joel Embiid,PHI,23,213.36,113.398,Kansas,Cameroon
Joel Bolomboy,UTA,23,205.74,106.59412,Weber State,Ukraine
Joel Anthony,SAS,34,205.74,111.13004,Nevada-Las Vegas,Canada
Joe Young,IND,25,187.96,81.64656,Oregon,USA
Joe Johnson,UTA,36,200.66,108.86208,Arkansas,USA
Joe Ingles,UTA,29,203.2,102.511792,None,Australia
Joe Harris,BKN,25,198.12,99.336648,Virginia,USA
Jodie Meeks,ORL,29,193.04,95.25432,Kentucky,USA
Joakim Noah,NYK,32,210.82,104.32616,Florida,USA
Jimmy Butler,CHI,27,200.66,104.779752,Marquette,USA
Jerryd Bayless,PHI,28,190.5,90.7184,Arizona,USA
Jerian Grant,CHI,24,193.04,89.811216,Notre Dame,USA
JaMychal Green,MEM,27,205.74,102.965384,Alabama,USA
JR Smith,CLE,31,198.12,102.0582,None,USA
Jeff Withey,UTA,27,213.36,104.779752,Kansas,USA
J.J. Barea,DAL,33,182.88,83.91452,Northeastern,Puerto Rico
Fred VanVleet,TOR,23,182.88,88.45044,Wichita State,USA
Frank Kaminsky,CHA,24,213.36,108.86208,Wisconsin,USA
Evan Turner,POR,28,200.66,99.79024,Ohio State,USA
Evan Fournier,ORL,24,200.66,92.98636,None,France
Ersan Ilyasova,ATL,30,208.28,106.59412,None,Turkey
Eric Gordon,HOU,28,193.04,97.52228,Indiana,USA
Eric Bledsoe,PHX,27,185.42,92.98636,Kentucky,USA
Enes Kanter,OKC,25,210.82,111.13004,Kentucky,Turkey
Emmanuel Mudiay,DEN,21,195.58,90.7184,None,Democratic Republic of the Congo
Elijah Millsap,PHX,29,200.66,97.52228,Alabama-Birmingham,USA
Elfrid Payton,ORL,23,193.04,83.91452,Louisiana-Lafayette,USA
Ed Davis,POR,28,208.28,111.13004,North Carolina,USA
E'Twaun Moore,NOP,28,193.04,86.636072,Purdue,USA
Garrett Temple,SAC,31,198.12,88.45044,Louisiana State,USA
Dwyane Wade,CHI,35,193.04,99.79024,Marquette,USA
Dwight Howard,ATL,31,210.82,120.20188,None,USA
Draymond Green,GSW,27,200.66,104.32616,Michigan State,USA
Dragan Bender,PHX,19,215.9,102.0582,None,Croatia
Doug McDermott,OKC,25,203.2,99.336648,Creighton,USA
Dorian Finney-Smith,DAL,24,203.2,99.79024,Florida,USA
Donatas Motiejunas,NOP,26,213.36,100.697424,None,Lithuania
Domantas Sabonis,OKC,21,210.82,108.86208,Gonzaga,Lithuania
Dirk Nowitzki,DAL,39,213.36,111.13004,None,Germany
Dion Waiters,MIA,25,193.04,99.79024,Syracuse,USA
JJ Redick,LAC,33,193.04,86.18248,Duke,USA
Diamond Stone,LAC,20,210.82,115.66596,Maryland,USA
Deyonta Davis,MEM,20,208.28,108.86208,Michigan State,USA
Dewayne Dedmon,SAS,27,213.36,111.13004,Southern California,USA
Dwight Powell,DAL,25,210.82,108.86208,Stanford,Canada
Gary Harris,DEN,22,193.04,95.25432,Michigan State,USA
Edy Tavares,CLE,25,220.98,120.20188,None,Cabo Verde
Ian Clark,GSW,26,190.5,79.3786,Belmont,USA
Isaiah Whitehead,BKN,22,193.04,96.615096,Seton Hall,USA
Ivica Zubac,LAL,20,215.9,108.86208,None,Croatia
Isaiah Thomas,BOS,28,175.26,83.91452,Washington,USA
Isaiah Taylor,HOU,22,190.5,77.11064,Texas,USA
Isaiah Canaan,CHI,26,182.88,91.171992,Murray State,USA
Iman Shumpert,CLE,27,195.58,99.79024,Georgia Tech,USA
Ian Mahinmi,WAS,30,210.82,118.841104,None,France
Ish Smith,DET,28,182.88,79.3786,Wake Forest,USA
Hollis Thompson,NOP,26,203.2,93.439952,Georgetown,USA
Henry Ellenson,DET,20,210.82,111.13004,Marquette,USA
Hassan Whiteside,MIA,28,213.36,120.20188,Marshall,USA
Harrison Barnes,DAL,25,203.2,102.0582,North Carolina,USA
Greg Monroe,MIL,27,210.82,120.20188,Georgetown,USA
Greivis Vasquez,BKN,30,198.12,98.429464,Maryland,Venezuela
Georgios Papagiannis,SAC,19,215.9,108.86208,None,Greece
Gary Neal,ATL,32,193.04,95.25432,Towson,USA
Gordon Hayward,UTA,27,203.2,102.511792,Butler,USA
Goran Dragic,MIA,31,190.5,86.18248,None,Slovenia
Glenn Robinson III,IND,23,198.12,100.697424,Michigan,USA
Giannis Antetokounmpo,MIL,22,210.82,100.697424,None,Greece
Gerald Henderson,PHI,29,195.58,97.52228,Duke,USA
Gerald Green,BOS,31,200.66,92.98636,None,USA
Gorgui Dieng,MIN,27,210.82,108.86208,Louisville,Senegal
Georges Niang,IND,24,203.2,104.32616,Iowa State,USA
George Hill,UTA,31,190.5,85.275296,Indiana Purdue-Indianapolis,USA
Gary Payton II,MIL,24,190.5,86.18248,Oregon State,USA
Marreese Speights,ORL,30,208.28,115.66596,Florida,USA
Marquese Chriss,PHX,20,208.28,108.86208,Washington,USA
Markieff Morris,WAS,28,208.28,111.13004,Kansas,USA
Marquis Teague,MEM,25,187.96,85.728888,Kentucky,USA
Marshall Plumlee,MIL,25,213.36,113.398,Duke,USA
Malik Beasley,DEN,21,195.58,88.904032,Florida State,USA
Mason Plumlee,DEN,28,210.82,115.66596,Duke,USA
Matt Costello,SAS,24,208.28,108.86208,Michigan State,USA
Matt Williams Jr.,MIA,24,195.58,95.25432,Central Florida,USA
Matthew Dellavedova,MIL,27,193.04,89.811216,St. Mary's (CA),Australia
Markelle Fultz,PHI,20,193.04,90.7184,Washington,USA
Maurice Harkless,POR,25,205.74,99.79024,"St. John's, N.Y.",USA
Marvin Williams,CHA,32,205.74,107.501304,North Carolina,USA
Markel Brown,HOU,26,190.5,86.18248,Oklahoma State,USA
MarShon Brooks,MEM,29,195.58,90.7184,Providence,USA
Mario Chalmers,MEM,32,187.96,86.18248,Kansas,USA
Marcus Smart,BOS,24,193.04,99.79024,Oklahoma State,USA
Marcus Paige,CHA,24,182.88,74.389088,North Carolina,USA
Marcus Morris Sr.,BOS,28,205.74,106.59412,Kansas,USA
Marcus Georges-Hunt,MIN,24,195.58,102.511792,Georgia Tech,USA
Marco Belinelli,PHI,32,195.58,95.25432,None,Italy
Malcolm Miller,TOR,25,200.66,95.25432,Holy Cross,USA
Marcin Gortat,WAS,34,210.82,108.86208,None,Poland
Marc Gasol,MEM,33,215.9,115.66596,None,Spain
Malik Monk,CHA,20,190.5,90.7184,Kentucky,USA
Manu Ginobili,SAS,40,198.12,92.98636,None,Argentina
Mangok Mathiang,CHA,25,208.28,104.32616,Louisville,Australia
Maxi Kleber,DAL,26,210.82,99.79024,None,Germany
Mario Hezonja,ORL,23,203.2,98.883056,None,Croatia
Meyers Leonard,POR,26,215.9,115.66596,Illinois,USA
Nik Stauskas,BKN,24,198.12,92.98636,Michigan,Canada
Michael Carter-Williams,CHA,26,198.12,86.18248,Syracuse,USA
Norman Powell,TOR,25,193.04,97.52228,UCLA,USA
Noah Vonleh,CHI,22,205.74,111.13004,Indiana,USA
Malcolm Delaney,ATL,29,190.5,86.18248,Virginia Tech,USA
Nikola Vucevic,ORL,27,213.36,117.93392,USC,Montenegro
Nikola Mirotic,NOP,27,208.28,107.954896,None,Montenegro
Nikola Jokic,DEN,23,208.28,113.398,None,Serbia
Nigel Hayes,SAC,23,200.66,115.212368,Wisconsin,USA
Nicolas Brussino,ATL,25,203.2,88.45044,None,Argentina
Nicolas Batum,CHA,29,203.2,90.7184,None,France
Nick Young,GSW,33,200.66,95.25432,USC,USA
Nick Collison,OKC,37,208.28,115.66596,Kansas,USA
Nerlens Noel,DAL,24,210.82,99.79024,Kentucky,USA
Nene,HOU,35,210.82,113.398,None,Brazil
Nemanja Bjelica,MIN,30,208.28,104.32616,None,Serbia
Michael Beasley,NYK,29,205.74,106.59412,Kansas State,USA
Naz Mitrou-Long,UTA,24,193.04,98.883056,Iowa State,Canada
Myles Turner,IND,22,210.82,115.66596,Texas,USA
Myke Henry,MEM,25,198.12,95.25432,None,USA
Montrezl Harrell,LAC,24,203.2,108.86208,Louisville,USA
Monte Morris,DEN,23,190.5,79.3786,Iowa State,USA
Mirza Teletovic,MIL,32,205.74,109.769264,None,Bosnia and Herzegovina
Mindaugas Kuzminskas,NYK,28,205.74,97.52228,None,Lithuania
Milton Doyle,BKN,24,193.04,81.64656,Loyola (IL),USA
Milos Teodosic,LAC,31,195.58,88.904032,None,Serbia
Miles Plumlee,ATL,29,210.82,112.944408,Duke,USA
Mike Scott,WAS,29,203.2,107.501304,Virginia,USA
Mike Muscala,ATL,26,210.82,108.86208,Bucknell,USA
Mike James,PHX,27,185.42,88.45044,Lamar,USA
Mike Conley,MEM,30,185.42,79.3786,Ohio State,USA
Michael Kidd-Gilchrist,CHA,24,200.66,105.233344,Kentucky,USA
Nate Wolters,UTA,27,193.04,86.18248,South Dakota State,USA
Malcolm Brogdon,MIL,25,195.58,97.52228,Virginia,USA
Jrue Holiday,NOP,28,193.04,92.98636,UCLA,USA
Luol Deng,LAL,33,205.74,99.79024,Duke,United Kingdom
Kevin Love,CLE,29,208.28,113.851592,UCLA,USA
Kevin Durant,GSW,29,205.74,108.86208,Texas,USA
Kentavious Caldwell-Pope,LAL,25,195.58,92.98636,Georgia,USA
Kent Bazemore,ATL,28,195.58,91.171992,Old Dominion,USA
Kenneth Faried,DEN,28,203.2,103.418976,Morehead State,USA
Kendrick Perkins,CLE,33,208.28,122.46984,None,USA
Kemba Walker,CHA,28,185.42,83.460928,Connecticut,USA
Kelly Oubre Jr.,WAS,22,200.66,92.98636,Kansas,USA
Kelly Olynyk,MIA,27,213.36,111.13004,Gonzaga,Canada
Kay Felder,DET,23,175.26,79.832192,None,USA
Kawhi Leonard,SAS,27,200.66,104.32616,San Diego State,USA
Karl-Anthony Towns,MIN,22,213.36,112.490816,Kentucky,USA
Kadeem Allen,BOS,25,190.5,90.7184,Arizona,USA
Jusuf Nurkic,POR,23,213.36,127.00576,None,Bosnia and Herzegovina
Kevon Looney,GSW,22,205.74,99.79024,UCLA,USA
Justise Winslow,MIA,22,200.66,102.0582,Duke,USA
Justin Jackson,SAC,23,203.2,95.25432,North Carolina,USA
Justin Holiday,CHI,29,198.12,83.91452,Washington,USA
Justin Anderson,PHI,24,198.12,104.32616,Virginia,USA
Julyan Stone,CHA,29,198.12,90.7184,Texas-El Paso,USA
Julius Randle,LAL,23,205.74,113.398,Kentucky,USA
Juancho Hernangomez,DEN,22,205.74,104.32616,None,Spain
Josh Smith,NOP,32,205.74,102.0582,None,USA
Josh Richardson,MIA,24,198.12,90.7184,Tennessee,USA
Josh McRoberts,DAL,31,208.28,108.86208,Duke,USA
Josh Magette,ATL,28,185.42,72.57472,Alabama Huntsville,USA
Josh Jackson,PHX,21,203.2,90.7184,Kansas,USA
Josh Huestis,OKC,26,200.66,104.32616,Stanford,USA
Josh Hart,LAL,23,195.58,97.52228,Villanova,USA
OG Anunoby,TOR,20,203.2,106.59412,Indiana,United Kingdom
Justin Patton,MIN,21,213.36,107.047712,Creighton,USA
Malachi Richardson,TOR,22,198.12,92.98636,Syracuse,USA
Khem Birch,ORL,25,205.74,99.79024,UNLV,Canada
Klay Thompson,GSW,28,200.66,97.52228,Washington State,USA
Luke Kornet,NYK,22,215.9,113.398,Vanderbilt,USA
Luke Kennard,DET,22,195.58,90.7184,Duke,USA
Luke Babbitt,MIA,29,205.74,102.0582,Nevada-Reno,USA
Luis Montero,DET,25,200.66,90.7184,Westchester CC NY,Dominican Republic
Lucas Nogueira,TOR,25,213.36,99.79024,None,Brazil
Luc Mbah a Moute,HOU,31,203.2,104.32616,California-Los Angeles,Cameroon
Lou Williams,LAC,31,185.42,79.3786,None,USA
Lorenzo Brown,TOR,27,195.58,85.728888,North Carolina State,USA
Lonzo Ball,LAL,20,198.12,86.18248,UCLA,USA
London Perrantes,SAS,23,187.96,86.18248,Virginia,USA
LeBron James,CLE,33,203.2,113.398,None,USA
Lauri Markkanen,CHI,21,213.36,104.32616,Arizona,Finland
Larry Nance Jr.,CLE,25,205.74,104.32616,Wyoming,USA
Larry Drew II,NOP,28,187.96,81.64656,UCLA,USA
Khris Middleton,MIL,26,203.2,106.140528,Texas A&M,USA
Langston Galloway,DET,26,187.96,90.7184,None,USA
Lance Stephenson,IND,27,198.12,104.32616,Cincinnati,USA
LaMarcus Aldridge,SAS,32,210.82,117.93392,Texas,USA
Kyrie Irving,BOS,26,190.5,87.543256,Duke,Australia
Kyle Singler,OKC,30,203.2,103.418976,Duke,USA
Kyle O'Quinn,NYK,28,208.28,113.398,Norfolk State,USA
Kyle Lowry,TOR,32,182.88,92.98636,Villanova,USA
Kyle Kuzma,LAL,22,205.74,99.79024,Utah,USA
Kyle Korver,CLE,37,200.66,96.161504,Creighton,USA
Kyle Collinsworth,DAL,26,198.12,95.25432,Brigham Young,USA
Kyle Anderson,SAS,24,205.74,104.32616,UCLA,USA
Kristaps Porzingis,NYK,22,220.98,108.86208,None,Latvia
Kris Dunn,CHI,24,193.04,95.25432,Providence,USA
Kosta Koufos,SAC,29,213.36,120.20188,Ohio State,USA
Kobi Simmons,MEM,20,193.04,77.11064,Arizona,USA
Lance Thomas,NYK,30,203.2,106.59412,Duke,USA
Okaro White,CLE,25,203.2,97.52228,Florida State,USA
Wes Iwundu,ORL,23,200.66,88.45044,Kansas State,USA
Omer Asik,CHI,31,213.36,115.66596,None,Turkey
Tyler Cavanaugh,ATL,24,205.74,107.954896,George Washington,USA
Troy Williams,NYK,23,200.66,98.883056,Indiana,USA
Troy Daniels,PHX,26,193.04,92.98636,Va Commonwealth,USA
Tristan Thompson,CLE,27,205.74,107.954896,Texas,Canada
Trey McKinney-Jones,IND,27,195.58,99.79024,Miami (FL),USA
Trey Lyles,DEN,22,208.28,106.140528,Kentucky,USA
Trey Burke,NYK,25,185.42,86.636072,Michigan,USA
Trevor Booker,IND,30,203.2,103.418976,Clemson,USA
Trevor Ariza,HOU,33,203.2,97.52228,UCLA,USA
Treveon Graham,CHA,24,195.58,99.336648,Va Commonwealth,USA
Travis Wear,LAL,27,208.28,102.0582,UCLA,USA
Torrey Craig,DEN,27,198.12,97.52228,South Carolina Upstate,USA
Tony Snell,MIL,26,200.66,100.243832, ,USA
Tony Parker,SAS,36,187.96,83.91452,None,France
Tyler Dorsey,ATL,22,195.58,83.007336,Oregon,USA
Tony Bradley,UTA,20,208.28,112.490816,North Carolina,USA
Tomas Satoransky,WAS,26,200.66,95.25432,None,Czech Republic
Tobias Harris,LAC,25,205.74,106.59412,Tennessee,USA
Timothe Luwawu-Cabarrot,PHI,23,198.12,90.7184,None,France
Timofey Mozgov,BKN,31,215.9,124.7378,None,Russia
Tim Quarterman,HOU,23,198.12,86.18248,Louisiana State,USA
Tim Hardaway Jr.,NYK,26,198.12,92.98636,Michigan,USA
Tim Frazier,WAS,27,185.42,77.11064,None,USA
Thon Maker,MIL,21,215.9,101.151016,None,South Sudan
Thomas Bryant,LAL,20,208.28,112.490816,Indiana,USA
Thaddeus Young,IND,30,203.2,104.32616,Georgia Tech,USA
Thabo Sefolosha,UTA,34,200.66,99.79024,None,Switzerland
Terry Rozier,BOS,24,187.96,86.18248,Louisville,USA
Terrence Ross,ORL,27,200.66,93.439952,Washington,USA
Terrance Ferguson,OKC,20,200.66,83.460928,None,USA
Tony Allen,NOP,36,193.04,96.615096,Oklahoma State,USA
Taurean Prince,ATL,24,203.2,99.79024,Baylor,USA
Tyler Ennis,LAL,23,190.5,87.996848,Syracuse,Canada
Tyler Lydon,DEN,22,205.74,99.79024,Syracuse,USA
Zach Randolph,SAC,36,205.74,113.398,Michigan State,USA
Zach LaVine,CHI,23,195.58,83.91452,UCLA,USA
Zach Collins,POR,20,213.36,104.32616,Gonzaga,USA
Yogi Ferrell,DAL,25,182.88,81.64656,Indiana,USA
Xavier Silas,BOS,30,195.58,92.98636,Northern Illinois,USA
Xavier Rathan-Mayes,NYK,24,193.04,94.347136,Florida State,Canada
Xavier Munford,MIL,26,193.04,78.471416,Rhode Island,USA
Wilson Chandler,DEN,31,205.74,102.0582,DePaul,USA
Willy Hernangomez,CHA,24,210.82,108.86208,None,Spain
Willie Reed,LAC,28,210.82,111.13004,St. Louis,USA
Willie Cauley-Stein,SAC,24,213.36,108.86208,Kentucky,USA
Will Barton,DEN,27,198.12,86.18248,Memphis,USA
Wesley Matthews,DAL,31,195.58,99.79024,Marquette,USA
Wesley Johnson,LAC,30,200.66,97.52228,Syracuse,USA
Tyler Johnson,MIA,26,193.04,86.18248,Fresno State,USA
Josh Gray,PHX,24,185.42,81.64656,None,USA
Wayne Ellington,MIA,30,195.58,90.7184,North Carolina,USA
Walt Lemon Jr.,NOP,25,190.5,81.64656,None,USA
Wade Baldwin IV,POR,22,193.04,91.625584,Vanderbilt,USA
Vincent Hunter,MEM,23,203.2,94.347136,Texas-El Paso,USA
Vince Carter,SAC,41,198.12,99.79024,North Carolina,USA
Victor Oladipo,IND,26,193.04,95.25432,Indiana,USA
Vander Blue,LAL,25,195.58,90.7184,Marquette,USA
Udonis Haslem,MIA,38,203.2,106.59412,Florida,USA
Tyus Jones,MIN,22,187.96,83.460928,Duke,USA
Tyson Chandler,PHX,35,215.9,108.86208,None,USA
Tyrone Wallace,LAC,24,195.58,89.811216,California,USA
Tyreke Evans,MEM,28,198.12,99.79024,Memphis,USA
Tyler Zeller,MIL,28,213.36,113.398,North Carolina,USA
Tyler Ulis,PHX,22,177.8,72.57472,Kentucky,USA
Wayne Selden,MEM,23,195.58,104.32616,Kansas,USA
Omari Johnson,MEM,29,205.74,99.79024,Oregon State,Jamaica
Tarik Black,HOU,26,205.74,113.398,Kansas,USA
TJ Leaf,IND,21,208.28,104.32616,UCLA,USA
Robert Covington,PHI,27,205.74,102.0582,Tennessee State,USA
Ricky Rubio,UTA,27,193.04,86.18248,None,Spain
Richaun Holmes,PHI,24,208.28,106.59412,Bowling Green,USA
Richard Jefferson,DEN,38,200.66,105.686936,Arizona,USA
Reggie Jackson,DET,28,190.5,94.347136,Boston College,USA
Reggie Hearn,DET,26,195.58,95.25432,Northwestern,USA
Reggie Bullock,DET,27,200.66,92.98636,North Carolina,USA
Raymond Felton,OKC,34,185.42,92.98636,North Carolina,USA
Raul Neto,UTA,26,185.42,81.192968,None,Brazil
Rashad Vaughn,MIL,21,198.12,91.625584,Nevada-Las Vegas,USA
Ramon Sessions,WAS,32,190.5,86.18248,Nevada-Reno,USA
Rajon Rondo,NOP,32,185.42,84.368112,Kentucky,USA
RJ Hunter,HOU,24,195.58,83.91452,Georgia State,USA
Quinn Cook,GSW,25,187.96,81.192968,Duke,USA
Robin Lopez,CHI,30,213.36,125.644984,Stanford,USA
Quincy Pondexter,CHI,30,200.66,102.0582,Washington,USA
Paul Zipser,CHI,24,203.2,102.511792,None,Germany
Paul Millsap,DEN,33,203.2,111.583632,Louisiana Tech,USA
Paul George,OKC,28,205.74,99.79024,Fresno State,USA
Pau Gasol,SAS,37,213.36,113.398,None,Spain
Patty Mills,SAS,29,182.88,83.91452,St. Mary's (CA),Australia
Patrick Patterson,OKC,29,205.74,104.32616,Kentucky,USA
Patrick McCaw,GSW,22,200.66,83.91452,UNLV,USA
Patrick Beverley,LAC,29,185.42,83.91452,None,USA
Pat Connaughton,POR,25,195.58,95.25432,Notre Dame,USA
Pascal Siakam,TOR,24,205.74,104.32616,New Mexico State,Cameroon
PJ Dozier,OKC,21,198.12,92.98636,South Carolina,USA
P.J. Tucker,HOU,33,198.12,111.13004,Texas,USA
Otto Porter Jr.,WAS,25,203.2,89.811216,Georgetown,USA
Omri Casspi,GSW,30,205.74,102.0582,None,Israel
Quincy Acy,BKN,27,200.66,108.86208,Baylor,USA
Taj Gibson,MIN,33,205.74,106.59412,USC,USA
Rodney Hood,CLE,25,203.2,93.439952,Duke,USA
Rodney Purvis,ORL,24,193.04,92.98636,Connecticut,USA
T.J. Warren,PHX,24,203.2,97.52228,North Carolina State,USA
T.J. McConnell,PHI,26,187.96,86.18248,Arizona,USA
Steven Adams,OKC,24,213.36,115.66596,Pittsburgh,New Zealand
Sterling Brown,MIL,23,198.12,104.32616,Southern Methodist,USA
Stephen Curry,GSW,30,190.5,86.18248,Davidson,USA
Stanley Johnson,DET,22,200.66,111.13004,Arizona,USA
Spencer Dinwiddie,BKN,25,198.12,90.7184,Colorado,USA
Solomon Hill,NOP,27,200.66,102.0582,Arizona,USA
Skal Labissiere,SAC,22,210.82,102.0582,Kentucky,Haiti
Sindarius Thornwell,LAC,23,195.58,97.52228,South Carolina,USA
Shelvin Mack,ORL,28,190.5,92.079176,Butler,USA
Shaun Livingston,GSW,32,200.66,87.089664,None,USA
Shaquille Harrison,PHX,24,193.04,86.18248,Tulsa,USA
Shane Larkin,BOS,25,180.34,79.3786,Miami,USA
Rodney McGruder,MIA,26,193.04,90.7184,Kansas State,USA
Shabazz Napier,POR,26,185.42,79.3786,Connecticut,USA
Serge Ibaka,TOR,28,208.28,106.59412,None,Democratic Republic of the Congo
Semi Ojeleye,BOS,23,200.66,106.59412,Southern Methodist,USA
Sean Kilpatrick,CHI,28,193.04,96.161504,Cincinnati,USA
Scotty Hopson,DAL,28,200.66,92.532768,Tennessee,USA
Sam Dekker,LAC,24,205.74,104.32616,Wisconsin,USA
Salah Mejri,DAL,32,218.44,106.59412,None,Tunisia
Ryan Arcidiacono,CHI,24,190.5,88.45044,Villanova,USA
Ryan Anderson,HOU,30,208.28,108.86208,California,USA
Russell Westbrook,OKC,29,190.5,90.7184,UCLA,USA
Rudy Gobert,UTA,26,215.9,111.13004,None,France
Rudy Gay,SAS,31,203.2,104.32616,Connecticut,USA
Royce O'Neale,UTA,25,198.12,102.511792,Baylor,USA
Rondae Hollis-Jefferson,BKN,23,200.66,97.068688,Arizona,USA
Ron Baker,NYK,25,193.04,99.79024,Wichita State,USA
Shabazz Muhammad,MIL,25,198.12,100.243832,California-Los Angeles,USA
Jose Calderon,CLE,36,190.5,90.7184,None,Spain
Edmond Sumner,IND,22,195.58,85.275296,Xavier,USA
Jordan Crawford,NOP,29,195.58,88.45044,Xavier,USA
Dante Exum,UTA,22,198.12,86.18248,None,Australia
Dante Cunningham,BKN,31,203.2,104.32616,Villanova,USA
Danny Green,SAS,31,198.12,97.52228,North Carolina,USA
Danilo Gallinari,LAC,29,208.28,102.0582,None,Italy
Daniel Theis,BOS,26,205.74,110.222856,None,Germany
Daniel Hamilton,OKC,22,200.66,88.45044,Connecticut,USA
Damyean Dotson,NYK,24,195.58,95.25432,Houston,USA
Damion Lee,ATL,25,198.12,95.25432,Louisville,USA
Damien Wilkins,IND,38,198.12,98.429464,Georgia,USA
Damian Lillard,POR,27,190.5,88.45044,Weber State,USA
Damian Jones,GSW,23,213.36,111.13004,Vanderbilt,USA
Dakari Johnson,OKC,22,213.36,115.66596,Kentucky,USA
D.J. Wilson,MIL,22,208.28,107.047712,Michigan,USA
D.J. Augustin,ORL,30,182.88,83.007336,Texas,USA
D'Angelo Russell,BKN,22,195.58,88.45044,Ohio State,USA
Cristiano Felicio,CHI,25,205.74,127.00576,None,Brazil
Courtney Lee,NYK,32,195.58,90.7184,Western Kentucky,USA
Cory Joseph,IND,26,190.5,86.18248,Texas,Canada
Corey Brewer,OKC,32,205.74,84.368112,Florida,USA
Cole Aldrich,MIN,29,210.82,114.758776,Kansas,USA
Cody Zeller,CHA,25,213.36,108.86208,Indiana,USA
Clint Capela,HOU,24,208.28,108.86208,None,Switzerland
Chris Paul,HOU,33,182.88,79.3786,Wake Forest,USA
Chris McCullough,WAS,23,205.74,97.52228,Syracuse,USA
Chris Boucher,GSW,25,208.28,90.7184,Oregon,Canada
Chinanu Onuaku,HOU,21,208.28,111.13004,Louisville,USA
Cheick Diallo,NOP,21,205.74,99.79024,Kansas,Mali
Charles Cooke,NOP,23,195.58,88.904032,University of Dayton,USA
Channing Frye,LAL,35,210.82,115.66596,Arizona,USA
Danuel House Jr.,PHX,25,200.66,99.79024,Texas A&M,USA
Dario Saric,PHI,24,208.28,101.151016,None,Croatia
Darius Miller,NOP,28,203.2,102.0582,Kentucky,USA
Darrell Arthur,DEN,30,205.74,106.59412,Kansas,USA
Dewayne Dedmon,ATL,28,213.36,111.13004,USC,USA
Devin Robinson,WAS,23,203.2,90.7184,Florida,USA
Devin Harris,DEN,35,190.5,83.91452,Wisconsin,USA
Devin Booker,PHX,21,198.12,95.25432,Kentucky,USA
Derrick Williams,LAL,27,203.2,108.86208,Arizona,USA
Derrick White,SAS,23,193.04,86.18248,Colorado,USA
Derrick Walton Jr.,MIA,23,185.42,83.91452,Michigan,USA
Derrick Rose,MIN,29,190.5,86.18248,Memphis,USA
Derrick Jones Jr.,MIA,21,200.66,90.7184,UNLV,USA
Derrick Favors,UTA,26,208.28,120.20188,Georgia Tech,USA
Denzel Valentine,CHI,24,198.12,97.068688,Michigan State,USA
Dennis Smith Jr.,DAL,20,190.5,88.45044,North Carolina State,USA
Dennis Schroder,ATL,24,185.42,78.017824,None,Germany
Demetrius Jackson,PHI,23,185.42,91.171992,Notre Dame,USA
Chandler Parsons,MEM,29,208.28,104.32616,Florida,USA
Delon Wright,TOR,26,195.58,86.18248,Utah,USA
DeMarre Carroll,BKN,31,203.2,97.52228,Missouri,USA
DeMarcus Cousins,NOP,27,210.82,122.46984,Kentucky,USA
DeMar DeRozan,TOR,28,200.66,99.79024,USC,USA
DeAndre' Bembry,ATL,23,198.12,95.25432,None,USA
DeAndre Liggins,NOP,30,198.12,94.800728,Kentucky,USA
DeAndre Jordan,LAC,29,210.82,120.20188,Texas A&M,USA
De'Aaron Fox,SAC,20,190.5,79.3786,Kentucky,USA
Davon Reed,PHX,23,198.12,95.25432,Miami,USA
Davis Bertans,SAS,25,208.28,95.25432,None,Latvia
David West,GSW,37,205.74,113.398,Xavier,USA
David Stockton,UTA,27,180.34,74.84268,Gonzaga,USA
David Nwaba,CHI,25,193.04,94.800728,None,USA
Darrun Hilliard,SAS,25,198.12,99.79024,Villanova,USA
Darren Collison,IND,30,187.96,83.91452,UCLA,USA
Dejounte Murray,SAS,21,195.58,77.11064,Washington,USA
Cedi Osman,CLE,23,203.2,97.52228,None,Turkey
Carmelo Anthony,OKC,34,203.2,108.86208,Syracuse,USA
Caris LeVert,BKN,23,200.66,92.079176,Michigan,USA
Anthony Brown,MIN,25,200.66,101.604608,Stanford,USA
Ante Zizic,CLE,21,210.82,113.398,None,Croatia
Andrew Wiggins,MIN,23,203.2,91.625584,Kansas,Canada
Andrew White III,ATL,25,200.66,95.25432,Syracuse,USA
Andrew Harrison,MEM,23,198.12,96.615096,Kentucky,USA
Andrew Bogut,LAL,33,213.36,117.93392,Utah,Australia
Andre Roberson,OKC,26,200.66,95.25432,Colorado,USA
Andre Ingram,LAL,32,190.5,86.18248,American University,USA
Andre Iguodala,GSW,34,198.12,97.52228,Arizona,USA
Andre Drummond,DET,24,210.82,126.552168,Connecticut,USA
Amir Johnson,PHI,31,205.74,108.86208,None,USA
Allen Crabbe,BKN,26,198.12,97.52228,California,USA
Alfonzo McKinnie,TOR,25,203.2,97.52228,None,USA
Alex Poythress,IND,24,205.74,106.59412,Kentucky,USA
Anthony Davis,NOP,25,208.28,114.758776,Kentucky,USA
Alex Len,PHX,25,215.9,113.398,Maryland,Ukraine
Alex Abrines,OKC,24,198.12,86.18248,None,Spain
Alec Peters,PHX,23,205.74,106.59412,Valparaiso,USA
Alec Burks,UTA,26,198.12,97.068688,Colorado,USA
Alan Williams,PHX,25,203.2,120.20188,Cal-Santa Barbara,USA
Al-Farouq Aminu,POR,27,205.74,99.79024,Wake Forest,USA
Al Jefferson,IND,33,208.28,127.00576,None,USA
Al Horford,BOS,32,208.28,111.13004,Florida,Dominican Republic
Adreian Payne,ORL,27,208.28,107.501304,Michigan State,USA
Abdel Nader,BOS,24,198.12,104.32616,Iowa State,Egypt
Aaron Jackson,HOU,32,190.5,83.007336,None,USA
Aaron Harrison,DAL,23,198.12,95.25432,Kentucky,USA
Aaron Gordon,ORL,22,205.74,99.79024,Arizona,USA
Aaron Brooks,MIN,33,182.88,73.028312,Oregon,USA
Zaza Pachulia,GSW,34,210.82,122.46984,None,Georgia
Alex Caruso,LAL,24,195.58,84.368112,Texas A&M,USA
Deyonta Davis,MEM,21,210.82,107.501304,Michigan State,USA
Anthony Tolliver,DET,33,203.2,108.86208,Creighton,USA
Antonius Cleveland,ATL,24,198.12,88.45044,S.E. Missouri,USA
Cameron Payne,CHI,23,190.5,83.91452,Murray State,USA
Caleb Swanigan,POR,21,203.2,113.398,Purdue,USA
CJ Miles,TOR,31,198.12,102.0582,None,USA
CJ McCollum,POR,26,190.5,86.18248,Lehigh,USA
C.J. Williams,LAC,28,195.58,104.32616,North Carolina State,USA
Buddy Hield,SAC,25,193.04,97.068688,Oklahoma,Bahamas
Bryn Forbes,SAS,24,190.5,86.18248,Michigan State,USA
Bruno Caboclo,SAC,22,205.74,92.98636,None,Brazil
Brook Lopez,LAL,30,213.36,121.562656,Stanford,USA
Brice Johnson,LAC,24,208.28,104.32616,North Carolina,USA
Briante Weber,MEM,25,187.96,74.84268,Virginia Commonwealth,USA
Brandon Paul,SAS,27,193.04,90.7184,None,USA
Brandon Jennings,MIL,28,185.42,77.11064,None,USA
Brandon Ingram,LAL,20,205.74,86.18248,Duke,USA
Antonio Blakeney,CHI,21,193.04,89.357624,Louisiana State,USA
Brandan Wright,MEM,30,208.28,106.59412,North Carolina,USA
Bojan Bogdanovic,IND,29,203.2,104.32616,None,Croatia
Bogdan Bogdanovic,SAC,25,198.12,92.98636,None,Serbia
Bobby Portis,CHI,23,210.82,112.490816,Arkansas,USA
Bobby Brown,HOU,33,187.96,79.3786,Cal State-Fullerton,USA
Boban Marjanovic,LAC,29,220.98,131.54168,None,Serbia
Blake Griffin,DET,29,208.28,113.851592,Oklahoma,USA
Bismack Biyombo,ORL,25,205.74,115.66596,None,Democratic Republic of the Congo
Ben Simmons,PHI,21,208.28,104.32616,Louisiana State,Australia
Ben Moore,IND,23,203.2,99.79024,Southern Methodist,USA
Ben McLemore,MEM,25,195.58,88.45044,Kansas,USA
Avery Bradley,LAC,27,187.96,81.64656,Texas,USA
Austin Rivers,LAC,25,193.04,90.7184,Duke,USA
Arron Afflalo,ORL,32,195.58,95.25432,UCLA,USA
Aron Baynes,BOS,31,208.28,117.93392,Washington State,Australia
Bradley Beal,WAS,25,195.58,93.893544,Florida,USA
Dillon Brooks,MEM,22,198.12,99.79024,Oregon,Canada
Dion Waiters,MIA,26,193.04,97.52228,Syracuse,USA
Dirk Nowitzki,DAL,40,213.36,111.13004,None,Germany
Jaylen Morris,ATL,22,195.58,83.91452,Molloy,USA
Jaylen Brown,BOS,21,200.66,102.0582,California,USA
Jawun Evans,LAC,21,182.88,86.18248,Oklahoma State,USA
Jason Terry,MIL,40,187.96,83.91452,Arizona,USA
Jason Smith,WAS,32,213.36,108.86208,Colorado State,USA
Jarrett Jack,NYK,34,190.5,90.7184,Georgia Tech,USA
Jarrett Allen,BKN,20,210.82,106.140528,Texas,USA
Jarell Martin,MEM,24,208.28,108.408488,Louisiana State,USA
Jarell Eddie,CHI,26,200.66,98.883056,Virginia Tech,USA
Jared Dudley,PHX,32,200.66,108.86208,Boston College,USA
Jamil Wilson,LAC,27,200.66,103.872568,Marquette,USA
James Young,PHI,22,198.12,97.52228,Kentucky,USA
James Webb III,BKN,24,205.74,91.625584,Boise State,USA
James Michael McAdoo,PHI,25,205.74,104.32616,North Carolina,USA
Jayson Tatum,BOS,20,203.2,92.98636,Duke,USA
James Johnson,MIA,31,203.2,108.86208,Wake Forest,USA
James Ennis III,DET,27,200.66,95.25432,Cal State-Long Beach,USA
Jamel Artis,ORL,25,200.66,96.615096,Pittsburgh,USA
Jameer Nelson,DET,36,182.88,86.18248,None,USA
Jameel Warney,DAL,24,203.2,117.93392,"Stony Brook, N.Y.",USA
Jamal Murray,DEN,21,193.04,93.893544,Kentucky,Canada
Jamal Crawford,MIN,38,195.58,83.91452,Michigan,USA
Jalen Jones,DAL,25,200.66,99.79024,Texas A&M,USA
Jakob Poeltl,TOR,22,213.36,104.32616,Utah,Austria
Jake Layman,POR,24,205.74,95.25432,Maryland,USA
Jahlil Okafor,BKN,22,210.82,117.93392,Duke,USA
Jae Crowder,UTA,27,198.12,106.59412,Marquette,USA
Jacob Wiley,BKN,23,203.2,101.151016,Eastern Washington,USA
Jacob Pullen,PHI,28,185.42,90.7184,Kansas State,USA
Jack Cooley,SAC,27,208.28,124.284208,Notre Dame,USA
James Harden,HOU,28,195.58,99.79024,Arizona State,USA
Jabari Parker,MIL,23,203.2,113.398,Duke,USA
Jeff Green,CLE,31,205.74,106.59412,Georgetown,USA
Jeff Withey,DAL,28,213.36,104.32616,Kansas,USA
Jordan Clarkson,CLE,26,195.58,87.996848,Missouri,USA
Jordan Bell,GSW,23,205.74,101.604608,Oregon,USA
Jonathon Simmons,ORL,28,198.12,88.45044,Houston,USA
Jonathan Isaac,ORL,20,208.28,95.25432,Florida State,USA
Jonathan Gibson,BOS,30,187.96,83.91452,New Mexico State,USA
Jonas Valanciunas,TOR,26,213.36,115.66596,None,Lithuania
Jonas Jerebko,UTA,31,208.28,104.779752,None,Sweden
Jon Leuer,DET,29,208.28,103.418976,Wisconsin,USA
Johnny O'Bryant III,CHA,25,205.74,116.573144,Louisiana State,USA
Johnathan Motley,DAL,23,208.28,104.32616,Baylor,USA
John Wall,WAS,27,193.04,95.25432,Kentucky,USA
John Holland,CLE,29,195.58,92.98636,Boston U.,USA
John Henson,MIL,27,210.82,103.872568,North Carolina,USA
John Collins,ATL,20,208.28,106.59412,Wake Forest,USA
Jeff Teague,MIN,30,187.96,85.728888,Wake Forest,USA
Joffrey Lauvergne,SAS,26,210.82,117.93392,None,France
Joel Bolomboy,UTA,24,205.74,106.59412,Weber State,Ukraine
Joe Young,IND,26,187.96,83.91452,Oregon,USA
Joe Johnson,HOU,37,200.66,108.86208,Arkansas,USA
Joe Ingles,UTA,30,203.2,102.511792,None,Australia
Joe Harris,BKN,26,198.12,99.336648,Virginia,USA
Jodie Meeks,WAS,30,193.04,95.25432,Kentucky,USA
Joakim Noah,NYK,33,210.82,104.32616,Florida,USA
Jimmy Butler,MIN,28,203.2,107.047712,Marquette,USA
Jerryd Bayless,PHI,29,190.5,90.7184,Arizona,USA
Jerian Grant,CHI,25,193.04,89.811216,Notre Dame,USA
Jeremy Lin,BKN,29,190.5,90.7184,Harvard,USA
Jeremy Lamb,CHA,26,195.58,83.91452,Connecticut,USA
Jeremy Evans,ATL,30,205.74,90.7184,Western Kentucky,USA
Jerami Grant,OKC,24,205.74,99.79024,Syracuse,USA
Joel Embiid,PHI,24,213.36,113.398,Kansas,Cameroon
Jordan Mickey,MIA,23,203.2,106.59412,Louisiana State,USA
Jabari Bird,BOS,23,198.12,89.811216,California,USA
JaMychal Green,MEM,28,205.74,102.965384,Alabama,USA
Furkan Korkmaz,PHI,20,200.66,86.18248,None,Turkey
Fred VanVleet,TOR,24,182.88,88.45044,Wichita State,USA
Frank Ntilikina,NYK,19,195.58,86.18248,None,France
Frank Mason,SAC,24,180.34,86.18248,Kansas,USA
Frank Kaminsky,CHA,25,213.36,109.769264,Wisconsin,USA
Evan Turner,POR,29,200.66,99.79024,Ohio State,USA
Evan Fournier,ORL,25,200.66,92.98636,None,France
Ersan Ilyasova,PHI,31,208.28,106.59412,None,Turkey
Erik McCree,UTA,24,203.2,102.0582,Louisiana Tech,USA
Eric Moreland,DET,26,208.28,107.954896,Oregon State,USA
Eric Gordon,HOU,29,193.04,97.52228,Indiana,USA
Eric Bledsoe,MIL,28,185.42,92.98636,Kentucky,USA
Enes Kanter,NYK,26,210.82,111.13004, ,Turkey
Emmanuel Mudiay,NYK,22,195.58,90.7184,None,Democratic Republic of the Congo
Garrett Temple,SAC,32,198.12,88.45044,Louisiana State,USA
Emeka Okafor,NOP,35,208.28,115.66596,Connecticut,USA
Ekpe Udoh,UTA,31,208.28,111.13004,Baylor,USA
Ed Davis,POR,29,208.28,111.13004,North Carolina,USA
E'Twaun Moore,NOP,29,193.04,86.636072,Purdue,USA
Dwyane Wade,MIA,36,193.04,99.79024,Marquette,USA
Dwight Powell,DAL,26,210.82,108.86208,Stanford,Canada
Dwight Howard,CHA,32,210.82,120.20188,None,USA
Dwight Buycks,DET,29,190.5,86.18248,Marquette,USA
Dwayne Bacon,CHA,22,200.66,100.243832,Florida State,USA
Draymond Green,GSW,28,200.66,104.32616,Michigan State,USA
Dragan Bender,PHX,20,215.9,102.0582,None,Croatia
Doug McDermott,DAL,26,203.2,99.336648,Creighton,USA
Dorian Finney-Smith,DAL,25,203.2,99.79024,Florida,USA
Donovan Mitchell,UTA,21,190.5,97.52228,Louisville,USA
Domantas Sabonis,IND,22,208.28,114.305184,Gonzaga,Lithuania
Elfrid Payton,PHX,24,193.04,83.91452,Louisana-Lafayette,USA
JaVale McGee,GSW,30,213.36,122.46984,Nevada-Reno,USA
Gary Harris,DEN,23,193.04,95.25432,Michigan State,USA
George Hill,CLE,32,190.5,85.275296,None,USA
JaKarr Sampson,SAC,25,205.74,93.893544,"St. John's, N.Y.",USA
JR Smith,CLE,32,198.12,102.0582,None,USA
JJ Redick,PHI,34,193.04,90.7184,Duke,USA
J.J. Barea,DAL,34,182.88,83.91452,Northeastern,Puerto Rico
Ivica Zubac,LAL,21,215.9,108.86208,None,Croatia
Ivan Rabb,MEM,21,208.28,99.79024,"University of California, Berkeley",USA
Ish Smith,DET,29,182.88,79.3786,Wake Forest,USA
Isaiah Whitehead,BKN,23,193.04,96.615096,Seton Hall,USA
Isaiah Thomas,LAL,29,175.26,83.91452,Washington,USA
Isaiah Taylor,ATL,23,190.5,77.11064,Texas,USA
Isaiah Hicks,NYK,23,205.74,109.769264,North Carolina,USA
Isaiah Canaan,OKC,27,182.88,91.171992,Murray State,USA
Iman Shumpert,SAC,28,195.58,99.79024,Georgia Tech,USA
Ike Anigbogu,IND,19,208.28,118.841104,UCLA,USA
Gary Payton II,LAL,25,190.5,86.18248,Oregon State,USA
Ian Mahinmi,WAS,31,210.82,118.841104,None,France
Henry Ellenson,DET,21,210.82,111.13004,Marquette,USA
Hassan Whiteside,MIA,29,213.36,120.20188,Marshall,USA
Harrison Barnes,DAL,26,203.2,102.0582,North Carolina,USA
Guerschon Yabusele,BOS,22,203.2,117.93392,None,France
Greg Monroe,BOS,28,210.82,120.20188,Georgetown,USA
Gorgui Dieng,MIN,28,210.82,113.851592,Louisville,Senegal
Gordon Hayward,BOS,28,203.2,102.511792,Butler,USA
Goran Dragic,MIA,32,190.5,86.18248,None,Slovenia
Glenn Robinson III,IND,24,200.66,97.52228,Michigan,USA
Giannis Antetokounmpo,MIL,23,210.82,100.697424,None,Greece
Gian Clavell,DAL,24,193.04,83.91452,Colorado State,Puerto Rico
Gerald Green,HOU,32,200.66,92.98636,None,USA
Georgios Papagiannis,POR,20,215.9,108.86208,None,Greece
Georges Niang,UTA,25,198.12,104.779752,Iowa State,USA
Ian Clark,NOP,27,190.5,79.3786,Belmont,USA
Zhou Qi,HOU,22,215.9,95.25432,None,China
Bam Adebayo,MIA,20,208.28,115.66596,Kentucky,USA
Zhou Qi,HOU,23,215.9,95.25432,None,China
Frank Mason,SAC,25,180.34,86.18248,Kansas,USA
Frank Ntilikina,NYK,20,198.12,90.7184,None,France
Fred VanVleet,TOR,25,182.88,88.45044,Wichita State,USA
Furkan Korkmaz,PHI,21,200.66,86.18248,None,Turkey
Garrett Temple,LAC,33,198.12,88.45044,Louisiana State,USA
Gary Clark,HOU,24,203.2,102.0582,None,USA
Gary Harris,DEN,24,193.04,95.25432,Michigan State,USA
Gary Payton II,WAS,26,190.5,86.18248,Oregon State,USA
Gary Trent Jr.,POR,20,198.12,92.98636,None,USA
George Hill,MIL,33,190.5,85.275296,None,USA
George King,PHX,25,198.12,99.79024,University of Colorado Boulder,USA
Georges Niang,UTA,26,203.2,104.32616,Iowa State,USA
Gerald Green,HOU,33,200.66,92.98636,None,USA
Giannis Antetokounmpo,MIL,24,210.82,109.769264,None,Greece
Glenn Robinson III,DET,25,198.12,100.697424,Michigan,USA
Goran Dragic,MIA,33,190.5,86.18248,None,Slovenia
Gordon Hayward,BOS,29,203.2,102.0582,Butler,USA
Gorgui Dieng,MIN,29,210.82,114.305184,Louisville,Senegal
Grayson Allen,UTA,23,195.58,89.811216,Duke,USA
Greg Monroe,PHI,29,210.82,120.20188,Georgetown,USA
Guerschon Yabusele,BOS,23,203.2,117.93392,None,France
Hamidou Diallo,OKC,20,195.58,89.811216,Kentucky,USA
Harrison Barnes,SAC,27,203.2,102.0582,North Carolina,USA
Harry Giles III,SAC,21,208.28,108.86208,Duke,USA
Hassan Whiteside,MIA,30,213.36,120.20188,Marshall,USA
Haywood Highsmith,PHI,22,200.66,99.79024,None,USA
Henry Ellenson,NYK,22,210.82,111.13004,Marquette,USA
Ian Clark,NOP,28,190.5,79.3786,Belmont,USA
Ian Mahinmi,WAS,32,210.82,118.841104,None,France
Frank Kaminsky,CHA,26,213.36,109.769264,Wisconsin,USA
Ike Anigbogu,IND,20,208.28,113.398,UCLA,USA
Frank Jackson,NOP,21,190.5,92.98636,Duke,USA
Evan Fournier,ORL,26,200.66,92.98636,None,France
Donatas Motiejunas,SAS,28,213.36,99.79024,None,Lithuania
Donovan Mitchell,UTA,22,190.5,97.52228,Louisville,USA
Donte DiVincenzo,MIL,22,193.04,92.079176,Villanova,USA
Donte Grantham,OKC,24,203.2,97.52228,Clemson,USA
Dorian Finney-Smith,DAL,26,203.2,99.79024,Florida,USA
Doug McDermott,IND,27,203.2,102.0582,Creighton,USA
Dragan Bender,PHX,21,215.9,102.0582,None,Croatia
Draymond Green,GSW,29,200.66,104.32616,Michigan State,USA
Drew Eubanks,SAS,22,208.28,111.13004,None,USA
Duncan Robinson,MIA,25,203.2,95.25432,Michigan,USA
Dusty Hannahs,MEM,25,193.04,88.45044,Arkansas,USA
Dwayne Bacon,CHA,23,200.66,100.243832,Florida State,USA
Dwight Howard,WAS,33,210.82,120.20188,None,USA
Dwight Powell,DAL,27,210.82,108.86208,Stanford,Canada
Dwyane Wade,MIA,37,193.04,99.79024,Marquette,USA
Dzanan Musa,BKN,20,205.74,94.347136,None,Bosnia and Herzegovina
E'Twaun Moore,NOP,30,193.04,86.636072,Purdue,USA
Ed Davis,BKN,30,208.28,102.0582,North Carolina,USA
Edmond Sumner,IND,23,198.12,79.832192,Xavier,USA
Ekpe Udoh,UTA,32,208.28,111.13004,Baylor,USA
Elfrid Payton,NOP,25,193.04,83.91452,Louisana-Lafayette,USA
Elie Okobo,PHX,21,190.5,86.18248,None,France
Emanuel Terry,MIA,22,205.74,99.79024,None,USA
Emmanuel Mudiay,NYK,23,195.58,90.7184,None,Democratic Republic of the Congo
Enes Kanter,POR,27,210.82,113.398, ,Turkey
Eric Bledsoe,MIL,29,185.42,92.98636,Kentucky,USA
Eric Gordon,HOU,30,193.04,97.52228,Indiana,USA
Eric Moreland,TOR,27,208.28,107.954896,Oregon State,USA
Ersan Ilyasova,MIL,32,208.28,106.59412,None,Turkey
Evan Turner,POR,30,200.66,99.79024,Ohio State,USA
Iman Shumpert,HOU,29,195.58,97.52228,Georgia Tech,USA
Isaac Bonga,LAL,19,203.2,81.64656,None,Germany
Isaac Humphries,ATL,21,213.36,117.93392,Kentucky,Australia
Jarred Vanderbilt,DEN,20,205.74,97.068688,Kentucky,USA
Jarrett Allen,BKN,21,210.82,107.501304,Texas,USA
Jason Smith,NOP,33,213.36,108.86208,Colorado State,USA
Jawun Evans,OKC,22,182.88,86.18248,Oklahoma State,USA
Jaylen Adams,ATL,23,187.96,86.18248,St. Bonaventure,USA
Jaylen Brown,BOS,22,200.66,99.79024,California,USA
Jaylen Morris,MIL,23,195.58,83.91452,Molloy,USA
Jayson Tatum,BOS,21,203.2,94.347136,Duke,USA
Jeff Green,WAS,32,205.74,106.59412,Georgetown,USA
Jeff Teague,MIN,31,187.96,88.45044,Wake Forest,USA
Jemerrio Jones,LAL,24,195.58,78.925008,None,USA
Jerami Grant,OKC,25,205.74,99.79024,Syracuse,USA
Jeremy Lamb,CHA,27,195.58,83.91452,Connecticut,USA
Jeremy Lin,TOR,30,190.5,90.7184,Harvard,USA
Jerian Grant,ORL,26,193.04,92.98636,Notre Dame,USA
Jerome Robinson,LAC,22,195.58,86.18248,Boston College,USA
Jerryd Bayless,MIN,30,190.5,90.7184,Arizona,USA
Jevon Carter,MEM,23,187.96,88.904032,West Virginia,USA
Jimmer Fredette,PHX,30,187.96,88.45044,Brigham Young,USA
Jimmy Butler,PHI,29,203.2,105.233344,Marquette,USA
Joakim Noah,MEM,34,210.82,104.32616,Florida,USA
Jodie Meeks,TOR,31,193.04,95.25432,Kentucky,USA
Joe Chealey,CHA,23,190.5,86.18248,College of Charleston,USA
Joe Harris,BKN,27,198.12,98.883056,Virginia,USA
Joe Ingles,UTA,31,203.2,102.511792,None,Australia
Joel Embiid,PHI,25,213.36,113.398,Kansas,Cameroon
John Collins,ATL,21,208.28,106.59412,Wake Forest,USA
John Henson,CLE,28,210.82,99.336648,North Carolina,USA
John Holland,CLE,30,195.58,92.98636,Boston U.,USA
Jaron Blossomgame,CLE,25,203.2,99.79024,Clemson,USA
Jaren Jackson Jr.,MEM,19,210.82,109.769264,Michigan State,USA
Jarell Martin,ORL,25,208.28,108.408488,Louisiana State,USA
Jared Terrell,MIN,24,190.5,102.965384,Rhode Island,USA
Isaiah Briscoe,ORL,23,190.5,97.52228,None,USA
Isaiah Canaan,MIL,28,182.88,90.7184,Murray State,USA
Isaiah Hartenstein,HOU,21,213.36,112.944408,None,Germany
Isaiah Hicks,NYK,24,205.74,104.32616,North Carolina,USA
Isaiah Thomas,DEN,30,175.26,83.91452,Washington,USA
Ish Smith,DET,30,182.88,79.3786,Wake Forest,USA
Ivan Rabb,MEM,22,208.28,99.79024,"University of California, Berkeley",USA
Ivica Zubac,LAC,22,215.9,108.86208,None,Croatia
J.J. Barea,DAL,35,182.88,83.91452,Northeastern,Puerto Rico
J.P. Macura,CHA,24,195.58,92.98636,Xavier,USA
JJ Redick,PHI,35,193.04,90.7184,Duke,USA
JR Smith,CLE,33,198.12,102.0582,None,USA
JaKarr Sampson,CHI,26,205.74,97.52228,"St. John's, N.Y.",USA
JaMychal Green,LAC,29,205.74,102.965384,Alabama,USA
Domantas Sabonis,IND,23,210.82,108.86208,Gonzaga,Lithuania
JaVale McGee,LAL,31,213.36,122.46984,Nevada-Reno,USA
Jacob Evans,GSW,22,198.12,95.25432,Cincinnati,USA
Jae Crowder,UTA,28,198.12,106.59412,Marquette,USA
Jahlil Okafor,NOP,23,210.82,124.7378,Duke,USA
Jake Layman,POR,25,205.74,97.52228,Maryland,USA
Jakob Poeltl,SAS,23,213.36,104.32616,Utah,Austria
Jalen Brunson,DAL,22,190.5,86.18248,Villanova,USA
Jalen Jones,CLE,26,200.66,99.79024,Texas A&M,USA
Jamal Crawford,PHX,39,195.58,83.91452,Michigan,USA
Jamal Murray,DEN,22,193.04,93.893544,Kentucky,Canada
James Ennis III,PHI,28,200.66,95.25432,Cal State-Long Beach,USA
James Harden,HOU,29,195.58,99.79024,Arizona State,USA
James Johnson,MIA,32,203.2,108.86208,Wake Forest,USA
James Nunnally,HOU,28,200.66,94.347136,Cal-Santa Barbara,USA
Jared Dudley,BKN,33,200.66,107.501304,Boston College,USA
Jabari Parker,WAS,24,203.2,111.13004,Duke,USA
John Jenkins,NYK,28,193.04,97.52228,Vanderbilt,USA
Dirk Nowitzki,DAL,41,213.36,111.13004,None,Germany
Dillon Brooks,MEM,23,198.12,99.79024,Oregon,Canada
BJ Johnson,SAC,23,200.66,90.7184,None,USA
Bam Adebayo,MIA,21,208.28,115.66596,Kentucky,USA
Ben McLemore,SAC,26,195.58,91.171992,Kansas,USA
Ben Simmons,PHI,22,208.28,104.32616,Louisiana State,Australia
Billy Garrett,NYK,24,198.12,97.52228,DePaul,USA
Bismack Biyombo,CHA,26,205.74,115.66596,None,Democratic Republic of the Congo
Blake Griffin,DET,30,208.28,113.398,Oklahoma,USA
Boban Marjanovic,PHI,30,220.98,131.54168,None,Serbia
Bobby Portis,WAS,24,210.82,113.398,Arkansas,USA
Bogdan Bogdanovic,SAC,26,198.12,92.98636,None,Serbia
Bojan Bogdanovic,IND,30,203.2,97.975872,None,Croatia
Bonzie Colson,MIL,23,198.12,102.0582,Notre Dame,USA
Brad Wanamaker,BOS,29,193.04,95.25432,Pittsburgh,USA
Bradley Beal,WAS,26,195.58,93.893544,Florida,USA
Brandon Goodwin,DEN,23,187.96,81.64656,None,USA
Brandon Ingram,LAL,21,205.74,86.18248,Duke,USA
Brandon Knight,CLE,27,190.5,88.45044,Kentucky,USA
Brandon Sampson,CHI,22,195.58,83.460928,None,USA
Brook Lopez,MIL,31,213.36,122.46984,Stanford,USA
Bruce Brown,DET,22,195.58,91.625584,Miami,USA
Bruno Caboclo,MEM,23,205.74,98.883056,None,Brazil
Bryn Forbes,SAS,25,190.5,86.18248,Michigan State,USA
Buddy Hield,SAC,26,193.04,97.068688,Oklahoma,Bahamas
C.J. Williams,MIN,29,195.58,102.511792,North Carolina State,USA
CJ McCollum,POR,27,190.5,86.18248,Lehigh,USA
CJ Miles,MEM,32,198.12,99.79024,None,USA
Caleb Swanigan,SAC,22,205.74,113.398,Purdue,USA
Cameron Payne,CLE,24,190.5,86.18248,Murray State,USA
Cameron Reynolds,MIN,24,203.2,102.0582,None,USA
Avery Bradley,MEM,28,187.96,81.64656,Texas,USA
Caris LeVert,BKN,24,200.66,92.532768,Michigan,USA
Austin Rivers,HOU,26,193.04,90.7184,Duke,USA
Antonio Blakeney,CHI,22,193.04,87.089664,Louisiana State,USA
Zhaire Smith,PHI,20,193.04,90.264808,Texas Tech,USA
Aaron Gordon,ORL,23,205.74,99.79024,Arizona,USA
Aaron Holiday,IND,22,185.42,83.91452,UCLA,USA
Abdel Nader,OKC,25,198.12,102.0582,Iowa State,Egypt
Al Horford,BOS,33,208.28,111.13004,Florida,Dominican Republic
Al-Farouq Aminu,POR,28,205.74,99.79024,Wake Forest,USA
Alan Williams,BKN,26,203.2,120.20188,Cal-Santa Barbara,USA
Alec Burks,SAC,27,198.12,97.068688,Colorado,USA
Alex Abrines,OKC,25,198.12,90.7184,None,Spain
Alex Caruso,LAL,25,195.58,84.368112,Texas A&M,USA
Alex Len,ATL,26,215.9,113.398,Maryland,Ukraine
Alex Poythress,ATL,25,205.74,106.59412,Kentucky,USA
Alfonzo McKinnie,GSW,26,203.2,97.52228,None,USA
Alize Johnson,IND,23,205.74,96.161504,Missouri State,USA
Allen Crabbe,BKN,27,198.12,96.161504,California,USA
Allonzo Trier,NYK,23,195.58,90.7184,Arizona,USA
Amile Jefferson,ORL,26,205.74,100.697424,Duke,USA
Amir Johnson,PHI,32,205.74,108.86208,None,USA
Andre Drummond,DET,25,210.82,126.552168,Connecticut,USA
Andre Iguodala,GSW,35,198.12,97.52228,Arizona,USA
Andre Ingram,LAL,33,190.5,86.18248,American University,USA
Andrew Bogut,GSW,34,213.36,117.93392,Utah,Australia
Andrew Harrison,NOP,24,198.12,96.615096,Kentucky,USA
Andrew Wiggins,MIN,24,203.2,87.996848,Kansas,Canada
Anfernee Simons,POR,20,193.04,83.91452,None,USA
Angel Delgado,LAC,24,208.28,111.13004,None,Dominican Republic
Ante Zizic,CLE,22,210.82,115.212368,None,Croatia
Anthony Davis,NOP,26,208.28,114.758776,Kentucky,USA
Anthony Tolliver,MIN,34,203.2,113.398,Creighton,USA
Aron Baynes,BOS,32,208.28,117.93392,Washington State,Australia
Carmelo Anthony,HOU,35,203.2,108.86208,Syracuse,USA
Cedi Osman,CLE,24,203.2,97.52228,None,Turkey
Chandler Hutchison,CHI,23,200.66,89.357624,Boise State,USA
Darren Collison,IND,31,182.88,79.3786,UCLA,USA
David Nwaba,CLE,26,193.04,99.336648,None,USA
Davis Bertans,SAS,26,208.28,102.0582,None,Latvia
Davon Reed,IND,24,195.58,94.347136,Miami,USA
De'Aaron Fox,SAC,21,190.5,79.3786,Kentucky,USA
De'Anthony Melton,PHX,21,193.04,90.7184,USC,USA
DeAndre Jordan,NYK,30,210.82,120.20188,Texas A&M,USA
DeAndre' Bembry,ATL,24,198.12,95.25432,None,USA
DeMar DeRozan,SAS,29,200.66,99.79024,USC,USA
DeMarcus Cousins,GSW,28,210.82,122.46984,Kentucky,USA
DeMarre Carroll,BKN,32,203.2,97.52228,Missouri,USA
DeVaughn Akoon-Purcell,DEN,26,198.12,90.7184,Illinois State,Trinidad and Tobago
Deandre Ayton,PHX,20,215.9,113.398,Arizona,Bahamas
Delon Wright,MEM,27,195.58,83.007336,Utah,USA
Demetrius Jackson,PHI,24,185.42,91.171992,Notre Dame,USA
Deng Adel,CLE,22,200.66,90.7184,None,South Sudan
Dennis Schroder,OKC,25,185.42,78.017824,None,Germany
Dennis Smith Jr.,NYK,21,190.5,88.45044,North Carolina State,USA
Deonte Burton,OKC,25,195.58,111.13004,Iowa State,USA
Derrick Favors,UTA,27,208.28,120.20188,Georgia Tech,USA
Derrick Jones Jr.,MIA,22,200.66,90.7184,UNLV,USA
Derrick Rose,MIN,30,190.5,90.7184,Memphis,USA
Derrick White,SAS,24,193.04,86.18248,Colorado,USA
Devin Booker,PHX,22,198.12,95.25432,Kentucky,USA
Devin Harris,DAL,36,190.5,83.91452,Wisconsin,USA
Devin Robinson,WAS,24,203.2,90.7184,Florida,USA
Devonte' Graham,CHA,24,187.96,83.91452,Kansas,USA
Dewayne Dedmon,ATL,29,213.36,111.13004,USC,USA
Deyonta Davis,ATL,22,210.82,107.501304,Michigan State,USA
Darius Miller,NOP,29,203.2,102.0582,Kentucky,USA
Dario Saric,MIN,25,208.28,101.151016,None,Croatia
Danuel House Jr.,HOU,26,200.66,99.79024,Texas A&M,USA
Dante Exum,UTA,23,198.12,86.18248,None,Australia
Chandler Parsons,MEM,30,208.28,104.32616,Florida,USA
Channing Frye,CLE,36,213.36,115.66596,Arizona,USA
Chasson Randle,WAS,26,187.96,83.91452,Stanford,USA
Cheick Diallo,NOP,22,205.74,99.79024,Kansas,Mali
Chimezie Metu,SAS,22,208.28,102.0582,USC,USA
Chris Boucher,TOR,26,208.28,90.7184,Oregon,Canada
Chris Chiozza,HOU,23,182.88,79.3786,None,USA
Chris Paul,HOU,34,182.88,79.3786,Wake Forest,USA
Christian Wood,NOP,23,208.28,97.068688,UNLV,USA
Clint Capela,HOU,25,208.28,108.86208,None,Switzerland
Cody Zeller,CHA,26,213.36,108.86208,Indiana,USA
Collin Sexton,CLE,20,187.96,86.18248,Alabama,USA
Corey Brewer,SAC,33,205.74,84.368112,Florida,USA
Cory Joseph,IND,27,190.5,87.543256,Texas,Canada
Dion Waiters,MIA,27,193.04,97.52228,Syracuse,USA
Courtney Lee,DAL,33,195.58,97.52228,Western Kentucky,USA
D'Angelo Russell,BKN,23,195.58,89.811216,Ohio State,USA
D.J. Augustin,ORL,31,182.88,83.007336,Texas,USA
D.J. Wilson,MIL,23,208.28,104.779752,Michigan,USA
DJ Stephens,MEM,28,195.58,85.275296,Memphis,USA
Dairis Bertans,NOP,29,193.04,90.7184,None,Latvia
Damian Jones,GSW,24,213.36,111.13004,Vanderbilt,USA
Damian Lillard,POR,28,190.5,88.45044,Weber State,USA
Damion Lee,GSW,26,198.12,95.25432,Louisville,USA
Damyean Dotson,NYK,25,198.12,95.25432,Houston,USA
Daniel Hamilton,ATL,23,200.66,88.45044,Connecticut,USA
Daniel Theis,BOS,27,203.2,110.222856,None,Germany
Danilo Gallinari,LAC,30,208.28,102.0582,None,Italy
Danny Green,TOR,32,198.12,97.52228,North Carolina,USA
Dante Cunningham,SAS,32,203.2,104.32616,Villanova,USA
Cristiano Felicio,CHI,26,208.28,120.20188,None,Brazil
John Wall,WAS,28,193.04,95.25432,Kentucky,USA
Daryl Macon,DAL,23,190.5,83.91452,Arkansas,USA
Johnathan Williams,LAL,24,205.74,103.418976,Gonzaga,USA
Rudy Gobert,UTA,27,215.9,111.13004,None,France
Russell Westbrook,OKC,30,190.5,90.7184,UCLA,USA
Ryan Anderson,MIA,31,208.28,108.86208,California,USA
Ryan Arcidiacono,CHI,25,190.5,90.7184,Villanova,USA
Ryan Broekhoff,DAL,28,200.66,97.52228,None,Australia
Salah Mejri,DAL,33,218.44,106.59412,None,Tunisia
Sam Dekker,WAS,25,205.74,104.32616,Wisconsin,USA
Scott Machado,LAL,29,185.42,92.98636,Iona,USA
Semi Ojeleye,BOS,24,200.66,109.315672,Southern Methodist,USA
Serge Ibaka,TOR,29,208.28,106.59412,None,Democratic Republic of the Congo
Seth Curry,POR,28,187.96,83.91452,Duke,USA
Shabazz Napier,BKN,27,185.42,81.64656,Connecticut,USA
Shai Gilgeous-Alexander,LAC,20,198.12,82.100152,Kentucky,Canada
Shake Milton,PHI,22,198.12,93.893544,Southern Methodist,USA
Shaquille Harrison,CHI,25,193.04,86.18248,Tulsa,USA
Shaun Livingston,GSW,33,200.66,87.089664,None,USA
Shelvin Mack,CHA,29,190.5,92.079176,Butler,USA
Sindarius Thornwell,LAC,24,195.58,97.52228,South Carolina,USA
Skal Labissiere,POR,23,210.82,106.59412,Kentucky,Haiti
Solomon Hill,NOP,28,200.66,102.0582,Arizona,USA
Spencer Dinwiddie,BKN,26,198.12,95.25432,Colorado,USA
Stanley Johnson,NOP,23,200.66,111.13004,Arizona,USA
Stephen Curry,GSW,31,190.5,86.18248,Davidson,USA
Sterling Brown,MIL,24,198.12,105.233344,Southern Methodist,USA
Steven Adams,OKC,25,213.36,120.20188,Pittsburgh,New Zealand
Svi Mykhailiuk,DET,22,203.2,92.98636,Kansas,Ukraine
T.J. McConnell,PHI,27,187.96,86.18248,Arizona,USA
T.J. Warren,PHX,25,203.2,97.52228,North Carolina State,USA
TJ Leaf,IND,22,208.28,102.0582,UCLA,USA
Rudy Gay,SAS,32,203.2,104.32616,Connecticut,USA
Tahjere McCall,BKN,24,195.58,86.18248,Tennessee State,USA
Royce O'Neale,UTA,26,198.12,102.511792,Baylor,USA
Ron Baker,WAS,26,193.04,99.79024,Wichita State,USA
PJ Dozier,BOS,22,198.12,92.98636,South Carolina,USA
Pascal Siakam,TOR,25,205.74,104.32616,New Mexico State,Cameroon
Pat Connaughton,MIL,26,193.04,94.800728,Notre Dame,USA
Patrick Beverley,LAC,30,185.42,83.91452,None,USA
Patrick McCaw,TOR,23,200.66,83.91452,UNLV,USA
Patrick Patterson,OKC,30,205.74,104.32616,Kentucky,USA
Patty Mills,SAS,30,182.88,81.64656,St. Mary's (CA),Australia
Pau Gasol,MIL,38,213.36,113.398,None,Spain
Paul George,OKC,29,205.74,99.79024,Fresno State,USA
Paul Millsap,DEN,34,203.2,111.583632,Louisiana Tech,USA
Quincy Acy,PHX,28,200.66,108.86208,Baylor,USA
Quincy Pondexter,SAS,31,200.66,104.32616,Washington,USA
Quinn Cook,GSW,26,187.96,81.192968,Duke,USA
RJ Hunter,BOS,25,195.58,83.91452,Georgia State,USA
Rajon Rondo,LAL,33,185.42,84.368112,Kentucky,USA
Raul Neto,UTA,27,185.42,81.192968,None,Brazil
Rawle Alkins,CHI,21,195.58,102.0582,None,USA
Ray Spalding,PHX,22,208.28,97.52228,Louisville,USA
Raymond Felton,OKC,35,185.42,92.98636,North Carolina,USA
Reggie Bullock,LAL,28,200.66,92.98636,North Carolina,USA
Reggie Jackson,DET,29,190.5,94.347136,Boston College,USA
Richaun Holmes,PHX,25,208.28,106.59412,Bowling Green,USA
Ricky Rubio,UTA,28,193.04,86.18248,None,Spain
Robert Covington,MIN,28,205.74,102.0582,Tennessee State,USA
Robert Williams III,BOS,21,208.28,108.86208,Texas A&M,USA
Robin Lopez,CHI,31,213.36,124.7378,Stanford,USA
Rodions Kurucs,BKN,21,205.74,95.25432,None,Latvia
Rodney Hood,POR,26,203.2,93.439952,Duke,USA
Rodney McGruder,LAC,27,193.04,90.7184,Kansas State,USA
Rondae Hollis-Jefferson,BKN,24,200.66,98.429464,Arizona,USA
Taj Gibson,MIN,34,205.74,105.233344,USC,USA
Taurean Prince,ATL,25,203.2,99.79024,Baylor,USA
Terrance Ferguson,OKC,21,200.66,86.18248,None,USA
Tyler Zeller,MEM,29,213.36,114.758776,North Carolina,USA
Tyreke Evans,IND,29,198.12,99.79024,Memphis,USA
Tyrone Wallace,LAC,25,195.58,89.811216,California,USA
Tyson Chandler,LAL,36,215.9,108.86208,None,USA
Tyus Jones,MIN,23,187.96,88.904032,Duke,USA
Udonis Haslem,MIA,39,203.2,106.59412,Florida,USA
Victor Oladipo,IND,27,193.04,95.25432,Indiana,USA
Vince Carter,ATL,42,198.12,99.79024,North Carolina,USA
Vincent Edwards,HOU,23,203.2,102.0582,Purdue,USA
Wade Baldwin IV,POR,23,193.04,90.7184,Vanderbilt,USA
Walt Lemon Jr.,CHI,26,190.5,81.64656,None,USA
Wayne Ellington,DET,31,195.58,90.7184,North Carolina,USA
Wayne Selden,CHI,24,195.58,104.32616,Kansas,USA
Wendell Carter Jr.,CHI,20,208.28,115.66596,Duke,USA
Wes Iwundu,ORL,24,200.66,88.45044,Kansas State,USA
Wesley Johnson,WAS,31,200.66,97.52228,Syracuse,USA
Wesley Matthews,IND,32,195.58,99.79024,Marquette,USA
Will Barton,DEN,28,198.12,86.18248,Memphis,USA
Willie Cauley-Stein,SAC,25,213.36,108.86208,Kentucky,USA
Willy Hernangomez,CHA,25,210.82,108.86208,None,Spain
Wilson Chandler,LAC,32,205.74,102.0582,DePaul,USA
Yante Maten,MIA,22,203.2,108.86208,None,USA
Yogi Ferrell,SAC,26,182.88,81.64656,Indiana,USA
Yuta Watanabe,MEM,24,205.74,92.98636,George Washington,Japan
Zach Collins,POR,21,213.36,106.59412,Gonzaga,USA
Zach LaVine,CHI,24,195.58,90.7184,UCLA,USA
Zach Lofton,DET,26,193.04,81.64656,New Mexico State,USA
Zaza Pachulia,DET,35,210.82,122.46984,None,Georgia
Johnathan Motley,LAC,24,208.28,104.32616,Baylor,USA
Tyler Ulis,CHI,23,177.8,72.57472,Kentucky,USA
Tyler Lydon,DEN,23,208.28,102.0582,Syracuse,USA
Tyler Johnson,PHX,27,193.04,86.18248,Fresno State,USA
Tyler Dorsey,MEM,23,195.58,83.007336,Oregon,USA
Terrence Jones,HOU,27,205.74,114.305184,Kentucky,USA
Terrence Ross,ORL,28,200.66,93.439952,Washington,USA
Terry Rozier,BOS,25,185.42,86.18248,Louisville,USA
Thabo Sefolosha,UTA,35,200.66,99.79024,None,Switzerland
Thaddeus Young,IND,31,203.2,100.243832,Georgia Tech,USA
Theo Pinson,BKN,23,198.12,98.883056,None,USA
Thomas Bryant,WAS,21,210.82,112.490816,Indiana,USA
Thomas Welsh,DEN,23,213.36,115.66596,UCLA,USA
Thon Maker,DET,22,215.9,100.243832,None,South Sudan
Tim Frazier,MIL,28,185.42,77.11064,None,USA
Tim Hardaway Jr.,DAL,27,198.12,92.98636,Michigan,USA
Timothe Luwawu-Cabarrot,CHI,24,198.12,95.25432,None,France
Tomas Satoransky,WAS,27,200.66,95.25432,None,Czech Republic
Tony Bradley,UTA,21,208.28,112.490816,North Carolina,USA
P.J. Tucker,HOU,34,198.12,111.13004,Texas,USA
Tony Parker,CHA,37,187.96,83.91452,None,France
Torrey Craig,DEN,28,200.66,97.52228,South Carolina Upstate,USA
Trae Young,ATL,20,187.96,81.64656,Oklahoma,USA
Treveon Graham,BKN,25,195.58,102.0582,Va Commonwealth,USA
Trevon Duval,HOU,20,187.96,85.728888,None,USA
Trevor Ariza,WAS,33,203.2,97.52228,UCLA,USA
Trey Burke,DAL,26,185.42,79.3786,Michigan,USA
Trey Lyles,DEN,23,208.28,106.140528,Kentucky,USA
Tristan Thompson,CLE,28,208.28,107.954896,Texas,Canada
Troy Brown Jr.,WAS,19,200.66,97.52228,Oregon,USA
Troy Caupain,ORL,23,193.04,95.25432,Cincinnati,USA
Troy Daniels,PHX,27,193.04,92.98636,Va Commonwealth,USA
Troy Williams,SAC,24,200.66,98.883056,Indiana,USA
Tyler Cavanaugh,UTA,25,205.74,107.954896,George Washington,USA
Tyler Davis,OKC,22,208.28,120.655472,None,USA
Tony Snell,MIL,27,200.66,96.615096, ,USA
Otto Porter Jr.,CHI,26,203.2,89.811216,Georgetown,USA
Tobias Harris,PHI,26,205.74,106.59412,Tennessee,USA
Omari Spellman,ATL,21,205.74,111.13004,Villanova,USA
Kenneth Faried,HOU,29,203.2,99.79024,Morehead State,USA
Kenrich Williams,NOP,24,200.66,95.25432,None,USA
Kent Bazemore,ATL,29,195.58,91.171992,Old Dominion,USA
Kentavious Caldwell-Pope,LAL,26,195.58,92.98636,Georgia,USA
Kevin Durant,GSW,30,205.74,108.86208,Texas,USA
Kevin Huerter,ATL,20,200.66,86.18248,Maryland,USA
Kevin Knox II,NYK,19,205.74,97.52228,Kentucky,USA
Kevin Love,CLE,30,208.28,113.851592,UCLA,USA
Kevon Looney,GSW,23,205.74,99.79024,UCLA,USA
Khem Birch,ORL,26,205.74,105.686936,UNLV,Canada
Khris Middleton,MIL,27,203.2,100.697424,Texas A&M,USA
Khyri Thomas,DET,23,190.5,95.25432,Creighton,USA
Klay Thompson,GSW,29,200.66,97.52228,Washington State,USA
Kobi Simmons,CLE,21,193.04,77.11064,Arizona,USA
Kosta Koufos,SAC,30,213.36,111.13004,Ohio State,USA
Kostas Antetokounmpo,DAL,21,208.28,90.7184,University of Dayton,Greece
Kris Dunn,CHI,25,193.04,92.98636,Providence,USA
Kyle Anderson,MEM,25,205.74,104.32616,UCLA,USA
Kyle Korver,UTA,38,200.66,96.161504,Creighton,USA
Kyle Kuzma,LAL,23,205.74,99.79024,Utah,USA
Kyle Lowry,TOR,33,185.42,88.904032,Villanova,USA
Kyle O'Quinn,IND,29,208.28,113.398,Norfolk State,USA
Kyrie Irving,BOS,27,190.5,87.543256,Duke,Australia
LaMarcus Aldridge,SAS,33,210.82,117.93392,Texas,USA
Lance Stephenson,LAL,28,198.12,104.32616,Cincinnati,USA
Lance Thomas,NYK,31,203.2,108.86208,Duke,USA
Landry Shamet,LAC,22,195.58,85.275296,Wichita State,USA
Langston Galloway,DET,27,187.96,90.7184,None,USA
Larry Nance Jr.,CLE,26,205.74,104.32616,Wyoming,USA
Kemba Walker,CHA,29,185.42,83.460928,Connecticut,USA
Kelly Oubre Jr.,PHX,23,200.66,92.98636,Kansas,USA
Kelly Olynyk,MIA,28,213.36,108.86208,Gonzaga,Canada
Keita Bates-Diop,MIN,23,205.74,103.872568,Ohio State,USA
Jon Leuer,DET,30,208.28,103.418976,Wisconsin,USA
Omri Casspi,MEM,31,205.74,102.0582,None,Israel
Jonah Bolden,PHI,23,208.28,99.79024,None,Australia
Jonas Jerebko,GSW,32,208.28,104.779752,None,Sweden
Jonas Valanciunas,MEM,27,213.36,120.20188,None,Lithuania
Jonathan Isaac,ORL,21,208.28,95.25432,Florida State,USA
Jonathon Simmons,PHI,29,198.12,88.45044,Houston,USA
Jordan Bell,GSW,24,205.74,101.604608,Oregon,USA
Jordan Clarkson,CLE,27,195.58,87.996848,Missouri,USA
Jordan Loyd,TOR,25,193.04,95.25432,None,USA
Jordan McRae,WAS,28,195.58,81.192968,Tennessee,USA
Jordan Sibert,ATL,26,193.04,84.821704,University of Dayton,USA
Jose Calderon,DET,37,190.5,90.7184,None,Spain
Josh Hart,LAL,24,195.58,97.52228,Villanova,USA
Lauri Markkanen,CHI,22,213.36,108.86208,Arizona,Finland
Josh Jackson,PHX,22,203.2,90.7184,Kansas,USA
Josh Richardson,MIA,25,198.12,90.7184,Tennessee,USA
Jrue Holiday,NOP,29,193.04,92.98636,UCLA,USA
Juancho Hernangomez,DEN,23,205.74,104.32616,None,Spain
Julian Washburn,MEM,27,203.2,94.800728,Texas-El Paso,USA
Julius Randle,NOP,24,205.74,113.398,Kentucky,USA
Justin Anderson,ATL,25,198.12,104.32616,Virginia,USA
Justin Holiday,MEM,30,198.12,82.100152,Washington,USA
Justin Jackson,DAL,24,203.2,95.25432,North Carolina,USA
Justin Patton,PHI,22,213.36,109.315672,Creighton,USA
Justise Winslow,MIA,23,200.66,102.0582,Duke,USA
Jusuf Nurkic,POR,24,213.36,124.7378,None,Bosnia and Herzegovina
Kalin Lucas,DET,30,185.42,88.45044,Michigan State,USA
Karl-Anthony Towns,MIN,23,213.36,112.490816,Kentucky,USA
Kawhi Leonard,TOR,28,200.66,104.32616,San Diego State,USA
Josh Okogie,MIN,20,193.04,96.161504,Georgia Institute of Technology,Nigeria
LeBron James,LAL,34,203.2,113.398,None,USA
Kadeem Allen,NYK,26,190.5,90.7184,Arizona,USA
Lonzo Ball,LAL,21,198.12,86.18248,UCLA,USA
Michael Kidd-Gilchrist,CHA,25,200.66,105.233344,Kentucky,USA
Mikal Bridges,PHX,22,200.66,95.25432,Villanova,USA
Mike Conley,MEM,31,185.42,79.3786,Ohio State,USA
Mike Muscala,LAL,27,210.82,108.86208,Bucknell,USA
Mike Scott,PHI,30,203.2,107.501304,Virginia,USA
Miles Bridges,CHA,21,200.66,102.0582,Michigan State,USA
Miles Plumlee,ATL,30,210.82,112.944408,Duke,USA
Milos Teodosic,LAC,32,195.58,88.904032,None,Serbia
Mitchell Creek,MIN,27,198.12,102.0582,None,Australia
Mitchell Robinson,NYK,21,215.9,108.86208,None,USA
Mo Bamba,ORL,21,213.36,100.243832,University of Texas at Austin,USA
Monte Morris,DEN,24,190.5,79.3786,Iowa State,USA
Montrezl Harrell,LAC,25,203.2,108.86208,Louisville,USA
Moritz Wagner,LAL,22,210.82,111.13004,Michigan,Germany
Naz Mitrou-Long,UTA,25,193.04,98.883056,Iowa State,Canada
Nemanja Bjelica,SAC,31,208.28,106.140528,None,Serbia
Nene,HOU,36,210.82,113.398,None,Brazil
Nerlens Noel,OKC,25,210.82,99.79024,Kentucky,USA
Nick Young,DEN,34,200.66,95.25432,USC,USA
Nicolas Batum,CHA,30,203.2,90.7184,None,France
Nik Stauskas,CLE,25,198.12,92.98636,Michigan,Canada
Nikola Jokic,DEN,24,213.36,113.398,None,Serbia
Nikola Mirotic,MIL,28,208.28,113.398,None,Montenegro
Nikola Vucevic,ORL,28,213.36,117.93392,USC,Montenegro
Noah Vonleh,NYK,23,205.74,113.398,Indiana,USA
Norman Powell,TOR,26,193.04,97.52228,UCLA,USA
Lonnie Walker IV,SAS,20,195.58,92.98636,Miami,USA
OG Anunoby,TOR,21,203.2,105.233344,Indiana,United Kingdom
Okaro White,WAS,26,203.2,92.98636,Florida State,USA
Michael Carter-Williams,ORL,27,198.12,86.18248,Syracuse,USA
Michael Beasley,LAL,30,205.74,106.59412,Kansas State,USA
Myles Turner,IND,23,210.82,113.398,Texas,USA
Melvin Frazier Jr.,ORL,22,198.12,90.7184,Tulane,USA
Lou Williams,LAC,32,185.42,79.3786,None,USA
Luc Mbah a Moute,LAC,32,203.2,104.32616,California-Los Angeles,Cameroon
Meyers Leonard,POR,27,215.9,115.66596,Illinois,USA
Lorenzo Brown,TOR,28,195.58,85.728888,North Carolina State,USA
Luka Doncic,DAL,20,200.66,98.883056,None,Slovenia
Luke Kennard,DET,23,195.58,93.439952,Duke,USA
Luke Kornet,NYK,23,215.9,113.398,Vanderbilt,USA
Luol Deng,MIN,34,205.74,107.501304,Duke,United Kingdom
Malachi Richardson,TOR,23,198.12,92.98636,Syracuse,USA
Malcolm Brogdon,MIL,26,195.58,103.872568,Virginia,USA
Malik Beasley,DEN,22,195.58,88.45044,Florida State,USA
Malik Monk,CHA,21,190.5,90.7184,Kentucky,USA
MarShon Brooks,MEM,30,195.58,90.7184,Providence,USA
Marc Gasol,TOR,34,215.9,115.66596,None,Spain
Marcin Gortat,LAC,35,210.82,108.86208,None,Poland
Malcolm Miller,TOR,26,200.66,95.25432,Holy Cross,USA
Marcus Derrickson,GSW,23,200.66,112.944408,None,USA
Maxi Kleber,DAL,27,210.82,108.86208,None,Germany
Maurice Harkless,POR,26,205.74,99.79024,"St. John's, N.Y.",USA
Marco Belinelli,SAS,33,195.58,95.25432,None,Italy
Mason Plumlee,DEN,29,210.82,106.59412,Duke,USA
Marvin Williams,CHA,33,205.74,107.501304,North Carolina,USA
Marvin Bagley III,SAC,20,210.82,106.140528,Duke,USA
Marquese Chriss,CLE,21,208.28,108.86208,Washington,USA
Matthew Dellavedova,CLE,28,193.04,90.7184,St. Mary's (CA),Australia
Markelle Fultz,ORL,21,193.04,90.7184,Washington,USA
Mario Hezonja,NYK,24,203.2,102.0582,None,Croatia
Marcus Smart,BOS,25,193.04,99.79024,Oklahoma State,USA
Markieff Morris,OKC,29,208.28,111.13004,Kansas,USA
Marcus Morris Sr.,BOS,29,205.74,106.59412,Kansas,USA
Jared Dudley,LAL,34,198.12,107.501304,Boston College,USA
Jabari Parker,SAC,25,203.2,111.13004,Duke,USA
James Johnson,MIN,33,200.66,108.86208,Wake Forest,USA
James Harden,HOU,30,195.58,99.79024,Arizona State,USA
James Ennis III,ORL,29,198.12,97.52228,California State-Long Beach,USA
Jamal Murray,DEN,23,193.04,97.52228,Kentucky,Canada
Jamal Crawford,BKN,40,195.58,90.7184,Michigan,USA
Jalen McDaniels,CHA,22,208.28,92.98636,San Diego State,USA
Jalen Brunson,DAL,23,185.42,86.18248,Villanova,USA
Jakob Poeltl,SAS,24,215.9,111.13004,Utah,Austria
Jake Layman,MIN,26,203.2,94.800728,Maryland,USA
JaMychal Green,LAC,30,203.2,102.965384,Alabama,USA
Jahlil Okafor,NOP,24,208.28,122.46984,Duke,USA
Jae Crowder,MIA,29,198.12,106.59412,Marquette,USA
JaVale McGee,LAL,32,213.36,122.46984,Nevada-Reno,USA
Jacob Evans,MIN,23,193.04,95.25432,Cincinnati,USA
Jalen Lecque,PHX,20,193.04,83.91452,None,USA
Jared Harper,NYK,22,177.8,79.3786,Auburn,USA
Jeff Green,HOU,33,203.2,106.59412,Georgetown,USA
Jarred Vanderbilt,MIN,21,205.74,97.068688,Kentucky,USA
Jeremy Pargo,GSW,34,187.96,99.336648,Gonzaga,USA
Jeremy Lamb,IND,28,195.58,81.64656,Connecticut,USA
JaKarr Sampson,IND,27,200.66,97.068688,St. John's,USA
Jerian Grant,WAS,27,193.04,89.811216,Notre Dame,USA
Jeremiah Martin,BKN,24,187.96,83.91452,Memphis,USA
Jerami Grant,DEN,26,203.2,95.25432,Syracuse,USA
Jeff Teague,ATL,32,190.5,88.45044,Wake Forest,USA
Jayson Tatum,BOS,22,203.2,95.25432,Duke,USA
Jaylen Nowell,MIN,20,193.04,91.171992,Washington,USA
Jaylen Hoard,POR,21,203.2,97.975872,Wake Forest,France
Jaylen Brown,BOS,23,198.12,101.151016,California,USA
Jaxson Hayes,NOP,20,210.82,99.79024,Texas-Austin,USA
Javonte Green,BOS,26,193.04,92.98636,Radford,USA
Jarrod Uthoff,WAS,27,205.74,99.79024,Iowa,USA
Jarrett Culver,MIN,21,198.12,88.45044,Texas Tech,USA
Jarrett Allen,BKN,22,210.82,110.222856,Texas-Austin,USA
Jarrell Brantley,UTA,24,195.58,113.398,College of Charleston,USA
Jaren Jackson Jr.,MEM,20,210.82,109.769264,Michigan State,USA
Ja Morant,MEM,20,190.5,78.925008,Murray State,USA
Gary Payton II,WAS,27,190.5,88.45044,Oregon State,USA
JJ Redick,NOP,36,190.5,90.7184,Duke,USA
Goga Bitadze,IND,20,210.82,113.398,None,Georgia
Glenn Robinson III,PHI,26,198.12,100.697424,Michigan,USA
Giannis Antetokounmpo,MIL,25,210.82,109.769264,None,Greece
Georges Niang,UTA,27,200.66,104.32616,Iowa State,USA
George Hill,MIL,34,190.5,85.275296,Indiana-Purdue Indianapolis,USA
Gary Trent Jr.,POR,21,195.58,94.800728,Duke,USA
Gary Harris,DEN,25,193.04,95.25432,Michigan State,USA
Goran Dragic,MIA,34,190.5,86.18248,None,Slovenia
Gary Clark,ORL,25,198.12,102.0582,Cincinnati,USA
Garrett Temple,BKN,34,195.58,88.45044,Louisiana State,USA
Gabe Vincent,MIA,24,190.5,90.7184,California-Santa Barbara,USA
Furkan Korkmaz,PHI,22,200.66,91.625584,None,Turkey
Fred VanVleet,TOR,26,185.42,89.357624,Wichita State,USA
Jerome Robinson,WAS,23,193.04,86.18248,Boston College,USA
Frank Mason,MIL,26,180.34,86.18248,Kansas,USA
Frank Ntilikina,NYK,21,193.04,90.7184,None,France
Garrison Mathews,WAS,23,195.58,97.52228,Lipscomb,USA
Gordon Hayward,BOS,30,200.66,102.0582,Butler,USA
Gorgui Dieng,MEM,30,208.28,114.305184,Louisville,Senegal
Grant Williams,BOS,21,198.12,107.047712,Tennessee,USA
J.P. Macura,CLE,25,193.04,92.079176,Xavier,USA
J.J. Barea,DAL,36,177.8,81.64656,Northeastern,Puerto Rico
Ivica Zubac,LAC,23,213.36,108.86208,None,Croatia
Ish Smith,WAS,31,182.88,79.3786,Wake Forest,USA
Isaiah Thomas,WAS,31,175.26,83.91452,Washington,USA
Isaiah Roby,OKC,22,203.2,104.32616,Nebraska-Lincoln,USA
Isaiah Hartenstein,HOU,22,213.36,113.398,None,Germany
Isaac Bonga,WAS,20,203.2,81.64656,None,Germany
Iman Shumpert,BKN,30,195.58,96.161504,Georgia Tech,USA
Ignas Brazdeikis,NYK,21,198.12,100.243832,Michigan,Canada
Ian Mahinmi,WAS,33,210.82,118.841104,None,France
Henry Ellenson,BKN,23,208.28,108.86208,Marquette,USA
Hassan Whiteside,POR,31,213.36,120.20188,Marshall,USA
Harry Giles III,SAC,22,210.82,108.86208,Duke,USA
Harrison Barnes,SAC,28,203.2,102.0582,North Carolina,USA
Hamidou Diallo,OKC,21,195.58,91.625584,Kentucky,USA
Grayson Allen,MEM,24,193.04,89.811216,Duke,USA
JR Smith,LAL,34,198.12,99.79024,No College,USA
Jevon Carter,PHX,24,185.42,90.7184,West Virginia,USA
Kostas Antetokounmpo,LAL,22,208.28,90.7184,Dayton,Greece
Joakim Noah,LAC,35,210.82,105.233344,Florida,USA
Kevin Porter Jr.,CLE,20,193.04,92.079176,Southern California,USA
Kevin Love,CLE,31,203.2,113.851592,UCLA,USA
Kevin Knox II,NYK,20,200.66,97.52228,Kentucky,USA
Kevin Huerter,ATL,21,200.66,86.18248,Maryland,USA
Kevin Hervey,OKC,23,205.74,104.32616,Texas-Arlington,USA
Kentavious Caldwell-Pope,LAL,27,195.58,92.532768,Georgia,USA
Kent Bazemore,SAC,30,193.04,88.45044,Old Dominion,USA
Kevon Looney,GSW,24,205.74,100.697424,UCLA,USA
Kenrich Williams,NOP,25,198.12,95.25432,TCU,USA
Kemba Walker,BOS,30,182.88,83.460928,Connecticut,USA
Kelly Oubre Jr.,PHX,24,200.66,92.079176,Kansas,USA
Kelly Olynyk,MIA,29,210.82,108.86208,Gonzaga,Canada
Keldon Johnson,SAS,20,195.58,99.79024,Kentucky,USA
Kelan Martin,MIN,24,195.58,104.32616,Butler,USA
Keita Bates-Diop,DEN,24,203.2,103.872568,Ohio State,USA
Kawhi Leonard,LAC,29,200.66,102.0582,San Diego State,USA
Kendrick Nunn,MIA,24,187.96,86.18248,Oakland,USA
Khem Birch,ORL,27,205.74,105.686936,UNLV,Canada
Khris Middleton,MIL,28,200.66,100.697424,Texas A&M,USA
Khyri Thomas,DET,24,190.5,95.25432,Creighton,USA
Larry Nance Jr.,CLE,27,200.66,111.13004,Wyoming,USA
Frank Kaminsky,PHX,27,213.36,108.86208,Wisconsin,USA
Langston Galloway,DET,28,185.42,90.7184,St. Joseph's (PA),USA
Landry Shamet,LAC,23,193.04,86.18248,Wichita State,USA
Lance Thomas,BKN,32,203.2,102.0582,Duke,USA
LaMarcus Aldridge,SAS,34,210.82,113.398,University of Texas at Austin,USA
Kyrie Irving,BKN,28,187.96,88.45044,Duke,Australia
Kyle O'Quinn,PHI,30,205.74,113.398,Norfolk State,USA
Kyle Lowry,TOR,34,182.88,88.904032,Villanova,USA
Kyle Kuzma,LAL,24,203.2,100.243832,Utah,USA
Kyle Korver,MIL,39,200.66,96.161504,Creighton,USA
Kyle Guy,SAC,22,185.42,75.749864,Virginia,USA
Kyle Anderson,MEM,26,205.74,104.32616,UCLA,USA
Kyle Alexander,MIA,23,208.28,97.975872,Tennessee,Canada
Ky Bowman,GSW,23,185.42,84.821704,Boston College,USA
Kristaps Porzingis,DAL,24,220.98,108.86208,None,Latvia
Kris Dunn,CHI,26,190.5,92.98636,Providence,USA
Karl-Anthony Towns,MIN,24,210.82,112.490816,Kentucky,USA
Kadeem Allen,NYK,27,185.42,90.7184,Arizona,USA
KZ Okpala,MIA,21,203.2,97.52228,Stanford,USA
Juwan Morgan,UTA,23,200.66,105.233344,Indiana,USA
Jordan McRae,DET,29,195.58,81.192968,Tennessee,USA
Jordan McLaughlin,MIN,24,180.34,83.91452,Southern California,USA
Jordan Clarkson,UTA,28,193.04,87.996848,Missouri,USA
Jordan Bone,DET,22,190.5,81.64656,Tennessee,USA
Jordan Bell,CLE,25,203.2,97.975872,Oregon,USA
Jonathan Isaac,ORL,22,210.82,104.32616,Florida State,USA
Jonas Valanciunas,MEM,28,210.82,120.20188,None,Lithuania
Jonah Bolden,PHX,24,203.2,102.0582,UCLA,Australia
Johnathan Williams,WAS,25,205.74,103.418976,Gonzaga,USA
Johnathan Motley,LAC,25,203.2,104.32616,Baylor,USA
John Konchar,MEM,24,195.58,95.25432,Indiana-Purdue Fort Wayne,USA
John Henson,DET,29,205.74,99.336648,North Carolina,USA
John Collins,ATL,22,205.74,106.59412,Wake Forest,USA
Joel Embiid,PHI,26,213.36,127.00576,Kansas,Cameroon
Joe Ingles,UTA,32,200.66,99.79024,None,Australia
Joe Harris,BKN,28,198.12,99.79024,Virginia,USA
Joe Chealey,CHA,24,193.04,86.18248,College of Charleston,USA
Jordan Poole,GSW,21,193.04,87.996848,Michigan,USA
Jimmy Butler,MIA,30,200.66,104.32616,Marquette,USA
Josh Gray,NOP,26,182.88,81.64656,Louisiana State,USA
Josh Jackson,MEM,23,203.2,93.893544,Kansas,USA
Jusuf Nurkic,POR,25,213.36,131.54168,None,Bosnia and Herzegovina
Justise Winslow,MEM,24,198.12,100.697424,Duke,USA
Justin Wright-Foreman,UTA,22,182.88,86.18248,Hofstra,USA
Justin Robinson,WAS,22,185.42,88.45044,Virginia Tech ,USA
Justin Patton,DET,23,210.82,109.315672,Creighton,USA
Justin James,SAC,23,200.66,86.18248,Wyoming,USA
Justin Jackson,DAL,25,200.66,99.79024,North Carolina,USA
Justin Holiday,IND,31,198.12,81.64656,Washington,USA
Justin Anderson,BKN,26,195.58,104.779752,Virginia,USA
Julius Randle,NYK,25,203.2,113.398,Kentucky,USA
Juancho Hernangomez,MIN,24,205.74,97.068688,None,Spain
Juan Toscano-Anderson,GSW,27,198.12,94.800728,Marquette,USA
Jrue Holiday,NOP,30,190.5,92.98636,UCLA,USA
Josh Richardson,PHI,26,195.58,90.7184,Tennessee,USA
Josh Reaves,DAL,23,193.04,97.068688,Penn State,USA
Josh Okogie,MIN,21,193.04,96.615096,Georgia Tech,Nigeria
Josh Magette,ORL,30,185.42,72.57472,Alabama Huntsville,USA
Josh Hart,NOP,25,195.58,97.52228,Villanova,USA
Frank Jackson,NOP,22,190.5,92.98636,Duke,USA
Bam Adebayo,MIA,22,205.74,115.66596,Kentucky,USA
Evan Fournier,ORL,27,200.66,92.98636,None,France
Caleb Martin,CHA,24,195.58,92.98636,Nevada-Reno,USA
CJ Miles,WAS,33,198.12,99.79024,None,USA
CJ McCollum,POR,28,190.5,86.18248,Lehigh,USA
Buddy Hield,SAC,27,193.04,99.79024,Oklahoma,Bahamas
Bryn Forbes,SAS,26,187.96,92.98636,Michigan State,USA
Bruno Fernando,ATL,21,205.74,108.86208,Maryland,Angola
Bruno Caboclo,HOU,24,205.74,98.883056,None,Brazil
Caleb Swanigan,POR,23,205.74,117.93392,Purdue,USA
Bruce Brown,DET,23,193.04,91.625584,Miami,USA
Brian Bowen II,IND,21,198.12,86.18248,None,USA
Brandon Knight,DET,28,187.96,82.553744,Kentucky,USA
Brandon Ingram,NOP,22,200.66,86.18248,Duke,USA
Brandon Goodwin,ATL,24,182.88,81.64656,Florida Gulf Coast,USA
Brandon Clarke,MEM,23,203.2,97.52228,Gonzaga,Canada
Bradley Beal,WAS,27,190.5,93.893544,Florida,USA
Brad Wanamaker,BOS,30,190.5,95.25432,Pittsburgh,USA
Brook Lopez,MIL,32,213.36,127.912944,Stanford,USA
Cam Reddish,ATL,20,203.2,98.883056,Duke,USA
Cameron Johnson,PHX,24,203.2,95.25432,North Carolina,USA
Cameron Payne,PHX,25,185.42,83.007336,Murray State,USA
Clint Capela,ATL,26,208.28,108.86208,None,Switzerland
Christian Wood,DET,24,208.28,97.068688,UNLV,USA
Chris Silva,MIA,23,203.2,106.140528,South Carolina,Gabon
Chris Paul,OKC,35,185.42,79.3786,Wake Forest,USA
Chris Clemons,HOU,22,175.26,81.64656,Campbell University,USA
Chris Chiozza,BKN,24,180.34,79.3786,Florida,USA
Chris Boucher,TOR,27,205.74,90.7184,Oregon,Saint Lucia
Chimezie Metu,SAS,23,205.74,102.0582,Southern California,USA
Cheick Diallo,PHX,23,203.2,99.336648,Kansas,Mali
Chasson Randle,GSW,27,187.96,83.91452,Stanford,USA
Charlie Brown Jr.,ATL,23,198.12,90.264808,St. Joseph's (PA),USA
Chandler Parsons,ATL,31,205.74,104.32616,Florida,USA
Chandler Hutchison,CHI,24,200.66,95.25432,Boise State,USA
Cedi Osman,CLE,25,200.66,104.32616,None,Turkey
Carsen Edwards,BOS,22,180.34,90.7184,Purdue,USA
Carmelo Anthony,POR,36,203.2,107.954896,Syracuse,USA
Caris LeVert,BKN,25,198.12,92.98636,Michigan,USA
Bol Bol,DEN,20,218.44,99.79024,Oregon,Sudan
Coby White,CHI,20,193.04,88.45044,North Carolina,USA
Bojan Bogdanovic,UTA,31,203.2,102.511792,None,Croatia
Bobby Portis,NYK,25,208.28,113.398,Arkansas,USA
Allonzo Trier,NYK,24,193.04,90.7184,Arizona,USA
Allen Crabbe,MIN,28,195.58,96.161504,California,USA
Alize Johnson,IND,24,200.66,96.161504,Missouri State,USA
Alfonzo McKinnie,CLE,27,200.66,97.52228,Wisconsin-Green Bay,USA
Alex Len,SAC,27,213.36,113.398,Maryland,Ukraine
Alex Caruso,LAL,26,195.58,84.368112,Texas A&M,USA
Alen Smailagic,GSW,19,208.28,97.52228,None,Serbia
Amile Jefferson,ORL,27,205.74,100.697424,Duke,USA
Alec Burks,PHI,28,198.12,97.068688,Colorado,USA
Al Horford,PHI,34,205.74,108.86208,Florida,Dominican Republic
Admiral Schofield,WAS,23,195.58,109.315672,Tennessee,United Kingdom
Adam Mokoka,CHI,21,195.58,86.18248,None,France
Abdel Nader,OKC,26,195.58,102.0582,Iowa State,Egypt
Aaron Holiday,IND,23,182.88,83.91452,UCLA,USA
Aaron Gordon,ORL,24,203.2,106.59412,Arizona,USA
Lauri Markkanen,CHI,23,213.36,108.86208,Arizona,Finland
Al-Farouq Aminu,ORL,29,203.2,99.79024,Wake Forest,USA
Amir Coffey,LAC,23,200.66,95.25432,Minnesota,USA
Andre Drummond,CLE,26,208.28,126.552168,Connecticut,USA
Andre Iguodala,MIA,36,198.12,97.52228,Arizona,USA
Boban Marjanovic,DAL,31,223.52,131.54168,None,Serbia
Blake Griffin,DET,31,205.74,113.398,Oklahoma,USA
Bismack Biyombo,CHA,27,203.2,115.66596,None,DRC
Ben Simmons,PHI,23,208.28,108.86208,Louisiana State,Australia
Ben McLemore,HOU,27,190.5,88.45044,Kansas,USA
BJ Johnson,ORL,24,200.66,90.7184,La Salle,USA
Avery Bradley,LAL,29,190.5,81.64656,Texas-Austin,USA
Austin Rivers,HOU,27,190.5,90.7184,Duke,USA
Aron Baynes,PHX,33,208.28,117.93392,Washington State,Australia
Anzejs Pasecniks,WAS,24,218.44,103.872568,None,Latvia
Antonius Cleveland,DAL,26,195.58,88.45044,S.E. Missouri,USA
Anthony Tolliver,MEM,35,203.2,108.86208,Creighton,USA
Anthony Davis,LAL,27,208.28,114.758776,Kentucky,USA
Ante Zizic,CLE,23,208.28,120.655472,None,Croatia
Anfernee Simons,POR,21,190.5,82.100152,None,USA
Andrew Wiggins,GSW,25,200.66,89.357624,Kansas,Canada
Andre Roberson,OKC,28,200.66,95.25432,Colorado,USA
Bogdan Bogdanovic,SAC,27,198.12,99.79024,None,Serbia
Cody Martin,CHA,24,195.58,92.98636,Nevada-Reno,USA
Cody Zeller,CHA,27,213.36,108.86208,Indiana,USA
Collin Sexton,CLE,21,185.42,86.18248,Alabama,USA
Doug McDermott,IND,28,200.66,102.0582,Creighton,USA
Dorian Finney-Smith,DAL,27,200.66,99.79024,Florida,USA
Donte DiVincenzo,MIL,23,193.04,92.079176,Villanova,USA
Donta Hall,BKN,22,205.74,103.872568,Alabama,USA
Donovan Mitchell,UTA,23,185.42,97.52228,Louisville,USA
Domantas Sabonis,IND,24,210.82,108.86208,Gonzaga,Lithuania
Dion Waiters,LAL,28,190.5,95.25432,Syracuse,USA
Dragan Bender,GSW,22,213.36,112.944408,None,Croatia
Dillon Brooks,MEM,24,200.66,102.0582,Oregon,Canada
Dewan Hernandez,TOR,23,208.28,106.59412,Miami,USA
Devonte' Graham,CHA,25,185.42,88.45044,Kansas,USA
Devontae Cacok,LAL,23,203.2,108.86208,North Carolina-Wilmington,USA
Devon Hall,OKC,24,195.58,97.52228,Virginia,USA
Devin Booker,PHX,23,195.58,93.439952,Kentucky,USA
Derrick White,SAS,25,193.04,86.18248,Colorado,USA
Derrick Walton Jr.,DET,25,182.88,83.91452,Michigan,USA
Dewayne Dedmon,ATL,30,213.36,111.13004,Southern California,USA
Draymond Green,GSW,30,198.12,104.32616,Michigan State,USA
Drew Eubanks,SAS,23,205.74,111.13004,Oregon State,USA
Duncan Robinson,MIA,26,200.66,97.52228,Michigan,USA
Ersan Ilyasova,MIL,33,205.74,106.59412,None,Turkey
Eric Paschall,GSW,23,198.12,115.66596,Villanova,USA
Eric Mika,SAC,25,208.28,105.686936,Brigham Young,USA
Eric Gordon,HOU,31,190.5,97.52228,Indiana,USA
Eric Bledsoe,MIL,30,185.42,97.068688,Kentucky,USA
Enes Kanter,BOS,28,208.28,113.398,None,Turkey
Emmanuel Mudiay,UTA,24,190.5,90.7184,None,DRC
Elie Okobo,PHX,22,190.5,86.18248,None,France
Elfrid Payton,NYK,26,190.5,88.45044,Louisana-Lafayette,USA
Edmond Sumner,IND,24,193.04,88.904032,Xavier,USA
Ed Davis,UTA,31,205.74,98.883056,North Carolina,USA
E'Twaun Moore,NOP,31,190.5,86.636072,Purdue,USA
Dzanan Musa,BKN,21,205.74,98.429464,None,Bosnia and Herzegovina
Dwight Powell,DAL,28,208.28,108.86208,Stanford,Canada
Dwight Howard,LAL,34,208.28,120.20188,None,USA
Dwayne Bacon,CHA,24,198.12,100.243832,Florida State,USA
Dusty Hannahs,MEM,26,190.5,95.25432,Arkansas,USA
Derrick Rose,DET,31,187.96,90.7184,Memphis,USA
Derrick Jones Jr.,MIA,23,198.12,95.25432,UNLV,USA
Derrick Favors,NOP,28,205.74,120.20188,Georgia Tech,USA
Deonte Burton,OKC,26,193.04,108.86208,Iowa State,USA
Dante Exum,CLE,24,195.58,97.068688,None,Australia
Danny Green,LAL,33,198.12,97.52228,North Carolina,USA
Danilo Gallinari,OKC,31,208.28,105.686936,None,Italy
Daniel Theis,BOS,28,203.2,111.13004,None,Germany
Daniel Gafford,CHI,21,208.28,106.140528,Arkansas,USA
Damyean Dotson,NYK,26,195.58,95.25432,Houston,USA
Damion Lee,GSW,27,195.58,95.25432,Drexel,USA
Damian Lillard,POR,29,187.96,88.45044,Weber State,USA
Damian Jones,ATL,25,210.82,111.13004,Vanderbilt,USA
DaQuan Jeffries,SAC,22,195.58,104.32616,Tulsa,USA
D.J. Wilson,MIL,24,208.28,104.779752,Michigan,USA
D.J. Augustin,ORL,32,180.34,83.007336,Texas-Austin,USA
D'Angelo Russell,MIN,24,193.04,87.543256,Ohio State,USA
Cristiano Felicio,CHI,27,208.28,122.46984,None,Brazil
Courtney Lee,DAL,34,195.58,97.52228,Western Kentucky,USA
Cory Joseph,SAC,28,190.5,90.7184,University of Texas at Austin,Canada
Corey Brewer,SAC,34,205.74,85.275296,Florida,USA
Danuel House Jr.,HOU,27,198.12,99.79024,Texas A&M,USA
Evan Turner,MIN,31,198.12,99.79024,Ohio State,USA
Dario Saric,PHX,26,208.28,102.0582,None,Croatia
Darius Garland,CLE,20,185.42,87.089664,Vanderbilt,USA
Denzel Valentine,CHI,26,193.04,99.79024,Michigan State,USA
Dennis Smith Jr.,NYK,22,187.96,92.98636,North Carolina State,USA
Dennis Schroder,OKC,26,185.42,78.017824,None,Germany
Delon Wright,DAL,28,195.58,83.91452,Utah,USA
Dejounte Murray,SAS,23,193.04,81.64656,Washington,USA
Deandre Ayton,PHX,21,210.82,113.398,Arizona,Bahamas
Dean Wade,CLE,23,205.74,103.418976,Kansas State,USA
DeMarre Carroll,HOU,33,198.12,97.52228,Missouri,USA
DeMar DeRozan,SAS,30,198.12,99.79024,Southern California,USA
DeAndre' Bembry,ATL,25,195.58,95.25432,St. Joseph's (PA),USA
DeAndre Jordan,BKN,31,210.82,120.20188,Texas A&M,USA
De'Anthony Melton,MEM,22,187.96,90.7184,Southern California,USA
De'Andre Hunter,ATL,22,200.66,102.0582,Virginia,USA
De'Aaron Fox,SAC,22,190.5,83.91452,Kentucky,USA
Davis Bertans,WAS,27,208.28,102.0582,None,Latvia
David Nwaba,HOU,27,195.58,99.336648,Cal Poly,USA
Daryl Macon,MIA,24,187.96,83.91452,Arkansas,USA
Darius Bazley,OKC,20,203.2,94.347136,None,USA
LeBron James,LAL,35,205.74,113.398,None,USA
Michael Kidd-Gilchrist,DAL,26,198.12,105.233344,Kentucky,USA
Lonzo Ball,NOP,22,198.12,86.18248,UCLA,USA
Stephen Curry,GSW,32,190.5,83.91452,Davidson,USA
Sterling Brown,MIL,25,195.58,99.336648,Southern Methodist,USA
Steven Adams,OKC,26,210.82,120.20188,Pittsburgh,New Zealand
Svi Mykhailiuk,DET,23,200.66,92.98636,Kansas,Ukraine
T.J. Leaf,IND,23,208.28,100.697424,UCLA,USA
T.J. McConnell,IND,28,185.42,86.18248,Arizona,USA
T.J. Warren,IND,26,203.2,99.79024,North Carolina State,USA
Tacko Fall,BOS,24,226.06,141.067112,Central Florida,Senegal
Taj Gibson,NYK,35,205.74,105.233344,Southern California,USA
Talen Horton-Tucker,LAL,19,193.04,106.140528,Iowa State,USA
Tariq Owens,PHX,25,208.28,92.98636,Texas Tech,USA
Taurean Prince,BKN,26,200.66,98.883056,Baylor,USA
Terance Mann,LAC,23,195.58,97.52228,Florida State,USA
Terence Davis,TOR,23,193.04,91.171992,Mississippi,USA
Terrance Ferguson,OKC,22,198.12,86.18248,None,USA
Terrence Ross,ORL,29,198.12,93.439952,Washington,USA
Terry Rozier,CHA,26,185.42,86.18248,Louisville,USA
Thabo Sefolosha,HOU,36,198.12,97.52228,None,Switzerland
Thaddeus Young,CHI,32,203.2,106.59412,Georgia Tech,USA
Thanasis Antetokounmpo,MIL,27,198.12,99.336648,None,Greece
Theo Pinson,NYK,24,195.58,96.161504,North Carolina,USA
Stanton Kidd,UTA,28,198.12,97.975872,Colorado State,USA
Thomas Bryant,WAS,22,208.28,112.490816,Indiana,USA
Stanley Johnson,TOR,24,198.12,109.769264,Arizona,USA
Solomon Hill,MIA,29,198.12,102.511792,Arizona,USA
Romeo Langford,BOS,20,193.04,97.975872,Indiana,USA
Rondae Hollis-Jefferson,TOR,25,198.12,98.429464,Arizona,USA
Royce O'Neale,UTA,27,193.04,102.511792,Baylor,USA
Rudy Gay,SAS,33,203.2,113.398,Connecticut,USA
Rudy Gobert,UTA,28,215.9,117.026736,None,France
Rui Hachimura,WAS,22,203.2,104.32616,Gonzaga,Japan
Russell Westbrook,HOU,31,190.5,90.7184,UCLA,USA
Ryan Anderson,HOU,32,205.74,108.86208,California,USA
Ryan Arcidiacono,CHI,26,190.5,88.45044,Villanova,USA
Ryan Broekhoff,PHI,29,198.12,97.52228,Valparaiso,Australia
Sekou Doumbouya,DET,19,203.2,104.32616,None,France
Semi Ojeleye,BOS,25,198.12,108.86208,Southern Methodist,USA
Serge Ibaka,TOR,30,213.36,106.59412,None,Republic of the Congo
Seth Curry,DAL,29,187.96,83.91452,Duke,USA
Shabazz Napier,WAS,28,182.88,79.3786,Connecticut,USA
Shai Gilgeous-Alexander,OKC,21,195.58,81.64656,Kentucky,Canada
Shake Milton,PHI,23,195.58,92.98636,Southern Methodist,USA
Shamorie Ponds,TOR,22,182.88,79.3786,"St. John's, N.Y.",USA
Shaquille Harrison,CHI,26,200.66,86.18248,Tulsa,USA
Sindarius Thornwell,NOP,25,193.04,97.52228,South Carolina,USA
Skal Labissiere,ATL,24,208.28,106.59412,Kentucky,Haiti
Spencer Dinwiddie,BKN,27,195.58,97.52228,Colorado,USA
Thon Maker,DET,23,213.36,100.243832,None,South Sudan
Tim Frazier,DET,29,182.88,77.11064,Penn State,USA
Tim Hardaway Jr.,DAL,28,195.58,92.98636,Michigan,USA
Vincent Poirier,BOS,26,213.36,106.59412,None,France
Vlatko Cancar,DEN,23,203.2,107.047712,None,Slovenia
Wayne Ellington,NYK,32,193.04,93.893544,North Carolina,USA
Wendell Carter Jr.,CHI,21,205.74,122.46984,Duke,USA
Wenyen Gabriel,POR,23,205.74,92.98636,Kentucky,South Sudan
Wes Iwundu,ORL,25,198.12,88.45044,Kansas State,USA
Wesley Matthews,MIL,33,193.04,99.79024,Marquette,USA
Will Barton,DEN,29,195.58,82.100152,Memphis,USA
William Howard,HOU,26,203.2,93.893544,None,France
Willie Cauley-Stein,DAL,26,213.36,108.86208,Kentucky,USA
Willy Hernangomez,CHA,26,210.82,113.398,None,Spain
Wilson Chandler,BKN,33,203.2,106.59412,DePaul,USA
Yogi Ferrell,SAC,27,182.88,80.739376,Indiana,USA
Yuta Watanabe,MEM,25,203.2,97.52228,George Washington,Japan
Zach Collins,POR,22,210.82,113.398,Gonzaga,USA
Zach LaVine,CHI,25,198.12,90.7184,UCLA,USA
Zach Norvell Jr.,GSW,22,195.58,92.98636,Gonzaga,USA
Zhaire Smith,PHI,21,190.5,92.98636,Texas Tech,USA
Zion Williamson,NOP,19,198.12,128.820128,Duke,USA
Zylan Cheatham,NOP,24,195.58,99.79024,Arizona State,USA
Lonnie Walker IV,SAS,21,195.58,92.532768,Miami,USA
Vince Carter,ATL,43,198.12,99.79024,North Carolina,USA
Victor Oladipo,IND,28,193.04,96.615096,Indiana,USA
Vic Law,ORL,24,200.66,91.171992,Northwestern,USA
Udonis Haslem,MIA,40,203.2,106.59412,Florida,USA
Timothe Luwawu-Cabarrot,BKN,25,200.66,99.79024,None,France
Tobias Harris,PHI,27,203.2,102.511792,Tennessee,USA
Tomas Satoransky,CHI,28,200.66,95.25432,None,Czech Republic
Tony Bradley,UTA,22,208.28,112.490816,North Carolina,USA
Tony Snell,DET,28,198.12,96.615096,New Mexico,USA
Torrey Craig,DEN,29,200.66,100.243832,South Carolina Upstate,USA
Trae Young,ATL,21,185.42,81.64656,Oklahoma,USA
Tremont Waters,BOS,22,177.8,79.3786,Louisiana State,USA
Treveon Graham,ATL,26,195.58,99.336648,Va Commonwealth,USA
Trevor Ariza,POR,35,203.2,97.52228,UCLA,USA
Rodney McGruder,LAC,28,193.04,92.98636,Kansas State,USA
Trey Burke,DAL,27,182.88,83.91452,Michigan,USA
Tristan Thompson,CLE,29,205.74,115.212368,Texas-Austin,Canada
Troy Daniels,DEN,28,193.04,90.7184,Virginia Commonwealth,USA
Ty Jerome,PHX,22,195.58,88.45044,Virginia,USA
Tyler Cook,DEN,22,203.2,115.66596,Iowa,USA
Tyler Herro,MIA,20,195.58,88.45044,Kentucky,USA
Tyler Johnson,BKN,28,190.5,84.368112,Fresno State,USA
Tyler Zeller,SAS,30,210.82,113.398,North Carolina,USA
Tyrone Wallace,ATL,26,195.58,89.811216,California,USA
Tyson Chandler,HOU,37,213.36,106.59412,None,USA
Tyus Jones,MEM,24,182.88,88.904032,Duke,USA
Trey Lyles,SAS,24,205.74,106.140528,Kentucky,Canada
Rodney Hood,POR,27,203.2,94.347136,Duke,USA
Troy Brown Jr.,WAS,20,198.12,97.52228,Oregon,USA
Robin Lopez,MIL,32,213.36,127.459352,Stanford,USA
Marvin Williams,MIL,34,203.2,107.501304,North Carolina,USA
Mason Plumlee,DEN,30,210.82,115.212368,Duke,USA
Matisse Thybulle,PHI,23,195.58,91.171992,Washington,USA
Matt Mooney,CLE,23,187.96,90.264808,Texas Tech,USA
Matt Thomas,TOR,25,193.04,86.18248,Iowa State,USA
Matthew Dellavedova,CLE,29,190.5,90.7184,St.Mary's College of California,Australia
Maurice Harkless,NYK,27,200.66,99.79024,St. John's,USA
Max Strus,CHI,24,195.58,97.52228,DePaul,USA
Maxi Kleber,DAL,28,208.28,108.86208,None,Germany
Melvin Frazier Jr.,ORL,23,195.58,97.52228,Tulane,USA
Meyers Leonard,MIA,28,213.36,117.93392,Illinois,USA
Mfiondu Kabengele,LAC,22,205.74,113.398,Florida State,Canada
Michael Carter-Williams,ORL,28,195.58,86.18248,Syracuse,USA
Michael Frazier II,HOU,26,190.5,90.7184,Florida,USA
Michael Porter Jr.,DEN,22,208.28,98.883056,Missouri,USA
Mikal Bridges,PHX,23,198.12,94.800728,Villanova,USA
Mike Conley,UTA,32,185.42,79.3786,Ohio State,USA
Mike Muscala,OKC,28,208.28,108.86208,Bucknell,USA
Mike Scott,PHI,31,200.66,107.501304,Virginia,USA
Miles Bridges,CHA,22,198.12,102.0582,Michigan State,USA
Mitchell Robinson,NYK,22,213.36,108.86208,Western Kentucky,USA
Marvin Bagley III,SAC,21,210.82,106.59412,Duke,USA
Miye Oni,UTA,22,195.58,93.439952,Yale,USA
Marquese Chriss,GSW,22,205.74,108.86208,Washington,USA
Marko Guduric,MEM,25,198.12,91.171992,None,Serbia
Lou Williams,LAC,33,185.42,79.3786,None,USA
Rodions Kurucs,BKN,22,205.74,103.418976,None,Latvia
Louis King,DET,21,200.66,92.98636,Oregon,USA
Luc Mbah a Moute,HOU,33,203.2,104.32616,UCLA,Cameroon
Luguentz Dort,OKC,21,190.5,97.52228,Arizona State,Canada
Luka Doncic,DAL,21,200.66,104.32616,None,Slovenia
Luka Samanic,SAS,20,208.28,102.965384,None,Croatia
Luke Kennard,DET,24,195.58,93.439952,Duke,USA
Luke Kornet,CHI,24,218.44,113.398,Vanderbilt,USA
Malcolm Brogdon,IND,27,195.58,103.872568,Virginia,USA
Malcolm Miller,TOR,27,200.66,95.25432,Holy Cross,USA
Malik Beasley,MIN,23,193.04,84.821704,Florida State,USA
Malik Monk,CHA,22,190.5,90.7184,Kentucky,USA
Malik Newman,CLE,23,190.5,86.18248,Kansas,USA
Marc Gasol,TOR,35,210.82,115.66596,None,Spain
Marco Belinelli,SAS,34,195.58,99.79024,None,Italy
Marcus Morris Sr.,LAC,30,203.2,98.883056,Kansas,USA
Marcus Smart,BOS,26,190.5,99.79024,Oklahoma State,USA
Marial Shayok,PHI,24,195.58,89.811216,Iowa State,Canada
Markelle Fultz,ORL,22,190.5,94.800728,Washington,USA
Markieff Morris,LAL,30,203.2,111.13004,Kansas,USA
Marques Bolden,CLE,22,208.28,112.944408,Duke,USA
Mo Bamba,ORL,22,213.36,104.779752,Texas-Austin,USA
Mario Hezonja,POR,25,203.2,99.79024,None,Croatia
Montrezl Harrell,LAC,26,200.66,108.86208,Louisville,USA
PJ Dozier,DEN,23,198.12,92.98636,South Carolina,USA
Pascal Siakam,TOR,26,205.74,104.32616,New Mexico State,Cameroon
Pat Connaughton,MIL,27,195.58,94.800728,Notre Dame,USA
Patrick Beverley,LAC,31,185.42,81.64656,Arkansas,USA
Patrick McCaw,TOR,24,200.66,82.100152,UNLV,USA
Patrick Patterson,LAC,31,203.2,106.59412,Kentucky,USA
Patty Mills,SAS,31,185.42,81.64656,St.Mary's College of California,Australia
Paul George,LAC,30,203.2,99.79024,Fresno State,USA
Paul Millsap,DEN,35,200.66,116.573144,Louisiana Tech,USA
Paul Watson,TOR,25,198.12,95.25432,Fresno State,USA
P.J. Washington,CHA,21,200.66,104.32616,Kentucky,USA
Quinndary Weatherspoon,SAS,23,190.5,92.98636,Mississippi State,USA
Rajon Rondo,LAL,34,185.42,81.64656,Kentucky,USA
Raul Neto,PHI,28,185.42,81.64656,None,Brazil
Rayjon Tucker,UTA,22,190.5,94.800728,Arkansas-Little Rock,USA
Reggie Bullock,NYK,29,198.12,92.98636,North Carolina,USA
Reggie Jackson,LAC,30,190.5,94.347136,Boston College,USA
Richaun Holmes,SAC,26,208.28,106.59412,Bowling Green,USA
Ricky Rubio,PHX,29,190.5,86.18248,None,Spain
Monte Morris,DEN,25,187.96,83.007336,Iowa State,USA
Robert Williams III,BOS,22,203.2,107.501304,Texas A&M,USA
Robert Covington,HOU,29,200.66,94.800728,Tennessee State,USA
RJ Barrett,NYK,20,198.12,97.068688,Duke,Canada
P.J. Tucker,HOU,35,195.58,111.13004,Texas-Austin,USA
Quinn Cook,LAL,27,185.42,81.64656,Duke,USA
Oshae Brissett,TOR,22,200.66,95.25432,Syracuse,Canada
Moritz Wagner,WAS,23,210.82,111.13004,Michigan,Germany
Moses Brown,POR,20,218.44,111.13004,UCLA,USA
Mychal Mulder,GSW,26,190.5,83.460928,Kentucky,Canada
Otto Porter Jr.,CHI,27,203.2,89.811216,Georgetown,USA
Myles Turner,IND,24,210.82,113.398,Texas-Austin,USA
Nassir Little,POR,20,195.58,99.79024,North Carolina,USA
Naz Mitrou-Long,IND,26,190.5,98.883056,Iowa State,Canada
Naz Reid,MIN,20,205.74,119.748288,Louisiana State,USA
Nerlens Noel,OKC,26,208.28,99.79024,Kentucky,USA
Nickeil Alexander-Walker,NOP,21,195.58,92.98636,Virginia Tech,Canada
Nicolas Batum,CHA,31,205.74,104.32616,None,France
Nemanja Bjelica,SAC,32,208.28,106.140528,None,Serbia
Nicolo Melli,NOP,29,205.74,107.047712,None,Italy
Omari Spellman,MIN,22,203.2,111.13004,Villanova,USA
Nigel Williams-Goss,UTA,25,187.96,86.18248,Gonzaga,USA
OG Anunoby,TOR,22,200.66,105.233344,Indiana,United Kingdom
Nikola Jokic,DEN,25,213.36,128.820128,None,Serbia
Nikola Vucevic,ORL,29,210.82,117.93392,Southern California,Montenegro
Noah Vonleh,DEN,24,208.28,116.573144,Indiana,USA
Norvel Pelle,PHI,27,208.28,104.779752,Iona,USA
Nicolas Claxton,BKN,21,210.82,97.52228,Georgia,USA
Norman Powell,TOR,27,190.5,97.52228,UCLA,USA
Freddie Gillespie,TOR,24,205.74,111.13004,Baylor,USA
Gary Trent Jr.,TOR,22,195.58,94.800728,Duke,USA
Gary Payton II,GSW,28,190.5,88.45044,Oregon State,USA
Gary Harris,ORL,26,193.04,95.25432,Michigan State,USA
Gary Clark,PHI,26,198.12,102.0582,Cincinnati,USA
Gabriel Deck,OKC,26,198.12,104.779752,None,Argentina
Garrett Temple,CHI,35,195.58,88.45044,Louisiana State,USA
Gabe Vincent,MIA,25,190.5,90.7184,California-Santa Barbara,USA
Frank Ntilikina,NYK,22,193.04,90.7184,None,France
George Hill,PHI,35,193.04,85.275296,Indiana-Purdue Indianapolis,USA
Furkan Korkmaz,PHI,23,200.66,91.625584,None,Turkey
Fred VanVleet,TOR,27,185.42,89.357624,Wichita State,USA
Garrison Mathews,WAS,24,195.58,97.52228,Lipscomb,USA
Georges Niang,UTA,28,200.66,104.32616,Iowa State,USA
Grayson Allen,MEM,25,193.04,89.811216,Duke,USA
Glenn Robinson III,SAC,27,198.12,100.697424,Michigan,USA
Goga Bitadze,IND,21,210.82,113.398,None,Georgia
Goran Dragic,MIA,35,190.5,86.18248,None,Slovenia
Gordon Hayward,CHA,31,200.66,102.0582,Butler,USA
Gorgui Dieng,SAS,31,208.28,114.305184,Louisville,Senegal
Grant Riller,CHA,24,187.96,86.18248,College of Charleston,USA
Grant Williams,BOS,22,198.12,107.047712,Tennessee,USA
Greg Whittington,DEN,28,203.2,95.25432,Georgetown,USA
Hamidou Diallo,DET,22,195.58,91.625584,Kentucky,USA
Harrison Barnes,SAC,29,203.2,102.0582,North Carolina,USA
Henry Ellenson,TOR,24,208.28,108.86208,Marquette,USA
Frank Mason,ORL,27,180.34,86.18248,Kansas,USA
Hassan Whiteside,SAC,32,213.36,120.20188,Marshall,USA
Harry Giles III,POR,23,210.82,108.86208,Duke,USA
Giannis Antetokounmpo,MIL,26,210.82,109.769264,None,Greece
Frank Kaminsky,PHX,28,213.36,108.86208,Wisconsin,USA
Dorian Finney-Smith,DAL,28,200.66,99.79024,Florida,USA
Facundo Campazzo,DEN,30,177.8,88.45044,None,Argentina
Devontae Cacok,LAL,24,200.66,108.86208,North Carolina-Wilmington,USA
Devonte' Graham,CHA,26,185.42,88.45044,Kansas,USA
Ignas Brazdeikis,ORL,22,198.12,100.243832,Michigan,Canada
Dewayne Dedmon,MIA,31,213.36,111.13004,Southern California,USA
Didi Louzada,NOP,21,195.58,85.275296,None,Brazil
Dillon Brooks,MEM,25,200.66,102.0582,Oregon,Canada
Domantas Sabonis,IND,25,210.82,108.86208,Gonzaga,Lithuania
Donovan Mitchell,UTA,24,185.42,97.52228,Louisville,USA
Donta Hall,ORL,23,208.28,104.32616,Alabama,USA
Donte DiVincenzo,MIL,24,193.04,92.079176,Villanova,USA
Doug McDermott,IND,29,200.66,102.0582,Creighton,USA
Draymond Green,GSW,31,198.12,104.32616,Michigan State,USA
Drew Eubanks,SAS,24,205.74,111.13004,Oregon State,USA
Duncan Robinson,MIA,27,200.66,97.52228,Michigan,USA
Frank Jackson,DET,23,190.5,92.98636,Duke,USA
Dwayne Bacon,ORL,25,198.12,100.243832,Florida State,USA
Dwight Powell,DAL,29,208.28,108.86208,Stanford,Canada
Dylan Windler,CLE,24,198.12,88.904032,Belmont,USA
E'Twaun Moore,PHX,32,190.5,86.636072,Purdue,USA
Ed Davis,MIN,32,205.74,98.883056,North Carolina,USA
Edmond Sumner,IND,25,193.04,88.904032,Xavier,USA
Elfrid Payton,NYK,27,190.5,88.45044,Louisana-Lafayette,USA
Elijah Bryant,MIL,26,195.58,95.25432,Brigham Young,USA
Elijah Hughes,UTA,23,195.58,97.52228,Syracuse,USA
Enes Kanter,POR,29,208.28,113.398,None,Turkey
Eric Bledsoe,NOP,31,185.42,97.068688,Kentucky,USA
Eric Gordon,HOU,32,190.5,97.52228,Indiana,USA
Eric Paschall,GSW,24,198.12,115.66596,Villanova,USA
Ersan Ilyasova,UTA,34,205.74,106.59412,None,Turkey
Evan Fournier,BOS,28,200.66,92.98636,None,France
Dwight Howard,PHI,35,208.28,120.20188,None,USA
Iman Shumpert,BKN,31,195.58,96.161504,Georgia Tech,USA
Jayson Tatum,BOS,23,203.2,95.25432,Duke,USA
Isaac Bonga,WAS,21,203.2,81.64656,None,Germany
Jaren Jackson Jr.,MEM,21,210.82,109.769264,Michigan State,USA
Jarred Vanderbilt,MIN,22,205.74,97.068688,Kentucky,USA
Jarrell Brantley,UTA,25,195.58,113.398,College of Charleston,USA
Jarrett Allen,CLE,23,210.82,110.222856,Texas-Austin,USA
Jarrett Culver,MIN,22,198.12,88.45044,Texas Tech,USA
Javonte Green,CHI,27,193.04,92.98636,Radford,USA
Jaxson Hayes,NOP,21,210.82,99.79024,Texas-Austin,USA
Jay Scrubb,LAC,20,195.58,99.79024,                                   ,USA
Jaylen Adams,MIL,25,182.88,102.0582,St. Bonaventure,USA
Jaylen Brown,BOS,24,198.12,101.151016,California,USA
Jaylen Hoard,OKC,22,203.2,97.975872,Wake Forest,France
Jaylen Nowell,MIN,21,193.04,91.171992,Washington,USA
Jeff Green,BKN,34,203.2,106.59412,Georgetown,USA
Jeff Teague,MIL,33,190.5,88.45044,Wake Forest,USA
Jared Harper,NYK,23,177.8,79.3786,Auburn,USA
Jerami Grant,DET,27,203.2,95.25432,Syracuse,USA
Jeremy Lamb,IND,29,195.58,81.64656,Connecticut,USA
Jerome Robinson,WAS,24,193.04,86.18248,Boston College,USA
Jevon Carter,PHX,25,185.42,90.7184,West Virginia,USA
Jimmy Butler,MIA,31,200.66,104.32616,Marquette,USA
Joe Harris,BKN,29,198.12,99.79024,Virginia,USA
Joe Ingles,UTA,33,203.2,99.79024,None,Australia
Joel Embiid,PHI,27,213.36,127.00576,Kansas,Cameroon
John Collins,ATL,23,205.74,106.59412,Wake Forest,USA
John Konchar,MEM,25,195.58,95.25432,Indiana-Purdue Fort Wayne,USA
John Wall,HOU,30,190.5,95.25432,Kentucky,USA
Jonas Valanciunas,MEM,29,210.82,120.20188,None,Lithuania
Jontay Porter,MEM,21,210.82,108.86208,Missouri,USA
Devon Dotson,CHI,21,187.96,83.91452,Kansas,USA
Jordan Bell,GSW,26,203.2,97.975872,Oregon,USA
Jeremiah Martin,CLE,25,187.96,83.91452,Memphis,USA
Immanuel Quickley,NYK,22,190.5,86.18248,Kentucky,USA
Jared Dudley,LAL,35,198.12,107.501304,Boston College,USA
James Nunnally,NOP,30,200.66,92.98636,California-Santa Barbara,USA
Isaac Okoro,CLE,20,195.58,102.0582,Auburn,USA
Isaiah Hartenstein,CLE,23,213.36,113.398,None,Germany
Isaiah Joe,PHI,21,193.04,74.84268,Arkansas,USA
Isaiah Roby,OKC,23,203.2,104.32616,Nebraska-Lincoln,USA
Isaiah Stewart,DET,20,203.2,113.398,Washington,USA
Isaiah Thomas,NOP,32,175.26,83.91452,Washington,USA
Ish Smith,WAS,32,182.88,79.3786,Wake Forest,USA
Ivica Zubac,LAC,24,213.36,108.86208,None,Croatia
JJ Redick,DAL,37,190.5,90.7184,Duke,USA
Ja Morant,MEM,21,190.5,78.925008,Murray State,USA
JaKarr Sampson,IND,28,200.66,97.068688,St. John's,USA
JaMychal Green,DEN,31,203.2,102.965384,Alabama,USA
JaVale McGee,DEN,33,213.36,122.46984,Nevada-Reno,USA
Jabari Parker,BOS,26,203.2,111.13004,Duke,USA
James Wiseman,GSW,20,213.36,108.86208,Memphis,USA
Jaden McDaniels,MIN,20,205.74,83.91452,Washington,USA
Jae'Sean Tate,HOU,25,193.04,104.32616,Ohio State,USA
Jahlil Okafor,DET,25,208.28,122.46984,Duke,USA
Jahmi'us Ramsey,SAC,20,190.5,86.18248,Texas Tech,USA
Jake Layman,MIN,27,203.2,94.800728,Maryland,USA
Jakob Poeltl,SAS,25,215.9,111.13004,Utah,Austria
Jalen Brunson,DAL,24,185.42,86.18248,Villanova,USA
Jalen Harris,TOR,22,195.58,88.45044,Nevada,USA
Jalen Lecque,IND,21,193.04,83.91452,None,USA
Jalen McDaniels,CHA,23,205.74,92.98636,San Diego State,USA
Jalen Smith,PHX,21,208.28,97.52228,Maryland,USA
Jamal Murray,DEN,24,190.5,97.52228,Kentucky,Canada
James Ennis III,ORL,30,198.12,97.52228,California State-Long Beach,USA
James Harden,BKN,31,195.58,99.79024,Arizona State,USA
James Johnson,NOP,34,200.66,108.86208,Wake Forest,USA
Jae Crowder,PHX,30,198.12,106.59412,Marquette,USA
Devin Vassell,SAS,20,195.58,90.7184,Florida State,USA
Bam Adebayo,MIA,23,205.74,115.66596,Kentucky,USA
Devin Booker,PHX,24,195.58,93.439952,Kentucky,USA
Axel Toupane,MIL,28,200.66,95.25432,None,France
Jordan Bone,ORL,23,187.96,81.64656,Tennessee,USA
Ben McLemore,LAL,28,190.5,88.45044,Kansas,USA
Ben Simmons,PHI,24,210.82,108.86208,Louisiana State,Australia
Bismack Biyombo,CHA,28,203.2,115.66596,None,DRC
Blake Griffin,BKN,32,205.74,113.398,Oklahoma,USA
Boban Marjanovic,DAL,32,223.52,131.54168,None,Serbia
Bobby Portis,MIL,26,208.28,113.398,Arkansas,USA
Bogdan Bogdanovic,ATL,28,198.12,99.79024,None,Serbia
Bojan Bogdanovic,UTA,32,200.66,102.511792,None,Croatia
Bol Bol,DEN,21,218.44,99.79024,Oregon,Sudan
Brad Wanamaker,CHA,31,190.5,95.25432,Pittsburgh,USA
Bradley Beal,WAS,28,190.5,93.893544,Florida,USA
Brandon Clarke,MEM,24,203.2,97.52228,Gonzaga,Canada
Avery Bradley,HOU,30,190.5,81.64656,Texas-Austin,USA
Brandon Goodwin,ATL,25,182.88,81.64656,Florida Gulf Coast,USA
Brian Bowen II,IND,22,198.12,86.18248,None,USA
Brodric Thomas,CLE,24,195.58,83.91452,Truman State,USA
Brook Lopez,MIL,33,213.36,127.912944,Stanford,USA
Bruce Brown,BKN,24,193.04,91.625584,Miami,USA
Bruno Caboclo,HOU,25,205.74,98.883056,None,Brazil
Bruno Fernando,ATL,22,205.74,108.86208,Maryland,Angola
Bryn Forbes,MIL,27,187.96,92.98636,Michigan State,USA
Buddy Hield,SAC,28,193.04,99.79024,Oklahoma,Bahamas
CJ Elleby,POR,21,198.12,90.7184,Washington State,USA
CJ McCollum,POR,29,190.5,86.18248,Lehigh,USA
Caleb Martin,CHA,25,195.58,92.98636,Nevada-Reno,USA
Cam Reddish,ATL,21,203.2,98.883056,Duke,USA
Cameron Johnson,PHX,25,203.2,95.25432,North Carolina,USA
Cameron Oliver,HOU,24,203.2,102.0582,Nevada,USA
Brandon Ingram,NOP,23,203.2,86.18248,Duke,USA
Cameron Payne,PHX,26,185.42,83.007336,Murray State,USA
Austin Rivers,DEN,28,193.04,90.7184,Duke,USA
Aron Baynes,TOR,34,208.28,117.93392,Washington State,Australia
Zion Williamson,NOP,20,200.66,128.820128,Duke,USA
Aaron Gordon,DEN,25,203.2,106.59412,Arizona,USA
Aaron Holiday,IND,24,182.88,83.91452,UCLA,USA
Aaron Nesmith,BOS,21,195.58,97.52228,Vanderbilt,USA
Abdel Nader,PHX,27,195.58,102.0582,Iowa State,Egypt
Adam Mokoka,CHI,22,193.04,86.18248,None,France
Al Horford,BOS,35,205.74,108.86208,Florida,Dominican Republic
Al-Farouq Aminu,CHI,30,203.2,99.79024,Wake Forest,USA
Alec Burks,NYK,29,198.12,97.068688,Colorado,USA
Aleksej Pokusevski,OKC,19,213.36,86.18248,None,Serbia
Alen Smailagic,GSW,20,208.28,97.52228,None,Serbia
Alex Caruso,LAL,27,193.04,84.368112,Texas A&M,USA
Alex Len,WAS,28,213.36,113.398,Maryland,Ukraine
Alfonzo McKinnie,LAL,28,200.66,97.52228,Wisconsin-Green Bay,USA
Ashton Hagans,MIN,21,190.5,86.18248,Kentucky,USA
Alize Johnson,BKN,25,200.66,96.161504,Missouri State,USA
Amir Coffey,LAC,24,200.66,95.25432,Minnesota,USA
Anderson Varejao,CLE,38,210.82,117.93392,None,Brazil
Andre Drummond,LAL,27,208.28,126.552168,Connecticut,USA
Andre Iguodala,MIA,37,198.12,97.52228,Arizona,USA
Andre Roberson,BKN,29,200.66,95.25432,Colorado,USA
Andrew Wiggins,GSW,26,200.66,89.357624,Kansas,Canada
Anfernee Simons,POR,22,190.5,82.100152,None,USA
Anthony Davis,LAL,28,208.28,114.758776,Kentucky,USA
Anthony Edwards,MIN,19,193.04,102.0582,Georgia,USA
Anthony Gill,WAS,28,200.66,104.32616,Virginia,USA
Anthony Lamb,HOU,23,198.12,102.965384,Vermont,USA
Anthony Tolliver,PHI,36,203.2,108.86208,Creighton,USA
Anzejs Pasecniks,WAS,25,215.9,103.872568,None,Latvia
Armoni Brooks,HOU,23,190.5,88.45044,Houston,USA
Amida Brimah,IND,27,208.28,104.32616,Connecticut,USA
Cameron Reynolds,HOU,26,200.66,102.0582,Tulane,USA
Caris LeVert,IND,26,198.12,92.98636,Michigan,USA
Carmelo Anthony,POR,37,200.66,107.954896,Syracuse,USA
Danny Green,PHI,34,198.12,97.52228,North Carolina,USA
Dante Exum,HOU,25,195.58,97.068688,None,Australia
Danuel House Jr.,HOU,28,198.12,99.79024,Texas A&M,USA
Dario Saric,PHX,27,208.28,102.0582,None,Croatia
Darius Bazley,OKC,21,203.2,94.347136,None,USA
Darius Garland,CLE,21,185.42,87.089664,Vanderbilt,USA
Darius Miller,OKC,31,198.12,102.0582,Kentucky,USA
David Nwaba,HOU,28,195.58,99.336648,Cal Poly,USA
Davis Bertans,WAS,28,208.28,102.0582,None,Latvia
De'Aaron Fox,SAC,23,190.5,83.91452,Kentucky,USA
De'Andre Hunter,ATL,23,203.2,102.0582,Virginia,USA
De'Anthony Melton,MEM,23,187.96,90.7184,Southern California,USA
DeAndre Jordan,BKN,32,210.82,120.20188,Texas A&M,USA
DeAndre' Bembry,TOR,26,195.58,95.25432,St. Joseph's (PA),USA
Danilo Gallinari,ATL,32,208.28,105.686936,None,Italy
DeMar DeRozan,SAS,31,198.12,99.79024,Southern California,USA
Dean Wade,CLE,24,205.74,103.418976,Kansas State,USA
Deandre Ayton,PHX,22,210.82,113.398,Arizona,Bahamas
Deividas Sirvydis,DET,21,203.2,86.18248,None,Lithuania
Dejounte Murray,SAS,24,193.04,81.64656,Washington,USA
Delon Wright,SAC,29,195.58,83.91452,Utah,USA
Deni Avdija,WAS,20,205.74,95.25432,None,Israel
Dennis Schroder,LAL,27,190.5,78.017824,None,Germany
Dennis Smith Jr.,DET,23,187.96,92.98636,North Carolina State,USA
Denzel Valentine,CHI,27,193.04,99.79024,Michigan State,USA
Derrick Favors,UTA,29,205.74,120.20188,Georgia Tech,USA
Derrick Jones Jr.,POR,24,195.58,95.25432,UNLV,USA
Derrick Rose,NYK,32,187.96,90.7184,Memphis,USA
Derrick White,SAS,26,193.04,86.18248,Colorado,USA
Desmond Bane,MEM,23,195.58,97.52228,TCU,USA
DeMarcus Cousins,LAC,30,208.28,122.46984,Kentucky,USA
Daniel Theis,CHI,29,203.2,111.13004,None,Germany
Daniel Oturu,LAC,21,203.2,108.86208,Minnesota,USA
Daniel Gafford,WAS,22,208.28,106.140528,Arkansas,USA
Carsen Edwards,BOS,23,180.34,90.7184,Purdue,USA
Cassius Stanley,IND,21,195.58,86.18248,Duke,USA
Cassius Winston,WAS,23,185.42,83.91452,Michigan State,USA
Cedi Osman,CLE,26,200.66,104.32616,None,Turkey
Chandler Hutchison,WAS,25,198.12,95.25432,Boise State,USA
Charlie Brown Jr.,OKC,24,198.12,90.264808,St. Joseph's (PA),USA
Chasson Randle,ORL,28,187.96,83.91452,Stanford,USA
Chimezie Metu,SAC,24,205.74,102.0582,Southern California,USA
Chris Boucher,TOR,28,205.74,90.7184,Oregon,Saint Lucia
Chris Chiozza,BKN,25,180.34,79.3786,Florida,USA
Chris Paul,PHX,36,182.88,79.3786,Wake Forest,USA
Chris Silva,SAC,24,203.2,106.140528,South Carolina,Gabon
Christian Wood,HOU,25,208.28,97.068688,UNLV,USA
Chuma Okeke,ORL,22,198.12,103.872568,Auburn,USA
Clint Capela,ATL,27,208.28,108.86208,None,Switzerland
Coby White,CHI,21,195.58,88.45044,North Carolina,USA
Cody Martin,CHA,25,195.58,92.98636,Nevada-Reno,USA
Damyean Dotson,CLE,27,195.58,95.25432,Houston,USA
Damion Lee,GSW,28,195.58,95.25432,Drexel,USA
Damian Lillard,POR,30,187.96,88.45044,Weber State,USA
Damian Jones,SAC,26,210.82,111.13004,Vanderbilt,USA
Dakota Mathias,PHI,25,193.04,90.7184,Purdue,USA
DaQuan Jeffries,SAS,23,195.58,104.32616,Tulsa,USA
Devin Cannady,ORL,25,187.96,83.007336,Princeton,USA
D.J. Wilson,HOU,25,208.28,104.779752,Michigan,USA
D'Angelo Russell,MIN,25,193.04,87.543256,Ohio State,USA
Cristiano Felicio,CHI,28,210.82,122.46984,None,Brazil
Cory Joseph,DET,29,190.5,90.7184,University of Texas at Austin,Canada
Collin Sexton,CLE,22,185.42,86.18248,Alabama,USA
Cole Anthony,ORL,21,187.96,83.91452,North Carolina,USA
Cody Zeller,CHA,28,210.82,108.86208,Indiana,USA
D.J. Augustin,HOU,33,180.34,83.007336,Texas-Austin,USA
Jordan Clarkson,UTA,29,193.04,87.996848,Missouri,USA
Marcus Smart,BOS,27,190.5,99.79024,Oklahoma State,USA
Jordan Nwora,MIL,22,203.2,102.0582,Louisville,USA
Tristan Thompson,BOS,30,205.74,115.212368,Texas-Austin,Canada
Trey Lyles,SAS,25,205.74,106.140528,Kentucky,Canada
Trey Burke,DAL,28,182.88,83.91452,Michigan,USA
Trevor Ariza,MIA,36,203.2,97.52228,UCLA,USA
Trent Forrest,UTA,23,193.04,95.25432,Florida State,USA
Tremont Waters,BOS,23,177.8,79.3786,Louisiana State,USA
Tre Jones,SAS,21,185.42,83.91452,Duke,USA
Trae Young,ATL,22,185.42,81.64656,Oklahoma,USA
Torrey Craig,PHX,30,200.66,100.243832,South Carolina Upstate,USA
Tony Snell,ATL,29,198.12,96.615096,New Mexico,USA
Tony Bradley,OKC,23,208.28,112.490816,North Carolina,USA
Tomas Satoransky,CHI,29,200.66,95.25432,None,Czech Republic
Tobias Harris,PHI,28,203.2,102.511792,Tennessee,USA
Timothe Luwawu-Cabarrot,BKN,26,200.66,99.79024,None,France
Tim Hardaway Jr.,DAL,29,195.58,92.98636,Michigan,USA
Tim Frazier,MEM,30,182.88,77.11064,Penn State,USA
Thon Maker,CLE,24,213.36,100.243832,None,South Sudan
Thomas Bryant,WAS,23,208.28,112.490816,Indiana,USA
Theo Pinson,NYK,25,195.58,96.161504,North Carolina,USA
Theo Maledon,OKC,20,193.04,79.3786,None,France
Thanasis Antetokounmpo,MIL,28,198.12,99.336648,None,Greece
Thaddeus Young,CHI,33,203.2,106.59412,Georgia Tech,USA
Terry Rozier,CHA,27,185.42,86.18248,Louisville,USA
Terrence Ross,ORL,30,198.12,93.439952,Washington,USA
Terrance Ferguson,PHI,23,198.12,86.18248,None,USA
Terence Davis,SAC,24,193.04,91.171992,Mississippi,USA
Terance Mann,LAC,24,195.58,97.52228,Florida State,USA
Taurean Prince,CLE,27,200.66,98.883056,Baylor,USA
Talen Horton-Tucker,LAL,20,193.04,106.140528,Iowa State,USA
Troy Brown Jr.,CHI,21,198.12,97.52228,Oregon,USA
Ty Jerome,OKC,23,195.58,88.45044,Virginia,USA
Ty-Shon Alexander,PHX,22,190.5,88.45044,Creighton,USA
Tyler Bey,DAL,23,200.66,97.52228,Colorado,USA
Otto Porter Jr.,ORL,28,203.2,89.811216,Georgetown,USA
P.J. Tucker,MIL,36,195.58,111.13004,Texas-Austin,USA
P.J. Washington,CHA,22,200.66,104.32616,Kentucky,USA
Zeke Nnaji,DEN,20,205.74,108.86208,Arizona,USA
Zach LaVine,CHI,26,195.58,90.7184,UCLA,USA
Yuta Watanabe,TOR,26,205.74,97.52228,George Washington,Japan
Yogi Ferrell,LAC,28,182.88,80.739376,Indiana,USA
Xavier Tillman,MEM,22,203.2,111.13004,Michigan State,USA
Willy Hernangomez,NOP,27,210.82,113.398,None,Spain
Willie Cauley-Stein,DAL,27,213.36,108.86208,Kentucky,USA
Will Magnay,NOP,23,208.28,106.140528,None,Australia
Will Barton,DEN,30,198.12,82.100152,Memphis,USA
Wesley Matthews,LAL,34,193.04,99.79024,Marquette,USA
Wes Iwundu,NOP,26,198.12,88.45044,Kansas State,USA
Taj Gibson,NYK,36,205.74,105.233344,Southern California,USA
Wenyen Gabriel,NOP,24,205.74,92.98636,Kentucky,South Sudan
Wayne Ellington,DET,33,193.04,93.893544,North Carolina,USA
Vlatko Cancar,DEN,24,203.2,107.047712,None,Slovenia
Vincent Poirier,PHI,27,213.36,106.59412,None,France
Victor Oladipo,MIA,29,193.04,96.615096,Indiana,USA
Vernon Carey Jr.,CHA,20,205.74,122.46984,Duke,USA
Udonis Haslem,MIA,41,203.2,106.59412,Florida,USA
Udoka Azubuike,UTA,21,208.28,127.00576,Kansas,Nigeria
Tyus Jones,MEM,25,182.88,88.904032,Duke,USA
Tyrese Maxey,PHI,20,187.96,90.7184,Kentucky,USA
Tyrese Haliburton,SAC,21,195.58,83.91452,Iowa State,USA
Tyrell Terry,DAL,20,187.96,72.57472,Stanford,USA
Tyler Johnson,BKN,29,190.5,84.368112,Fresno State,USA
Tyler Herro,MIA,21,195.58,88.45044,Kentucky,USA
Tyler Cook,DET,23,203.2,115.66596,Iowa,USA
Jordan McLaughlin,MIN,25,180.34,83.91452,Southern California,USA
Tacko Fall,BOS,25,226.06,141.067112,Central Florida,Senegal
T.J. Warren,IND,27,203.2,99.79024,North Carolina State,USA
T.J. McConnell,IND,29,185.42,86.18248,Arizona,USA
Robert Williams III,BOS,23,203.2,107.501304,Texas A&M,USA
Robert Franks,ORL,24,200.66,102.0582,Washington State,USA
Robert Covington,POR,30,200.66,94.800728,Tennessee State,USA
Ricky Rubio,MIN,30,190.5,86.18248,None,Spain
Richaun Holmes,SAC,27,208.28,106.59412,Bowling Green,USA
Reggie Perry,BKN,21,203.2,113.398,Mississippi State,USA
Reggie Jackson,LAC,31,187.96,94.347136,Boston College,USA
Reggie Bullock,NYK,30,198.12,92.98636,North Carolina,USA
Rayjon Tucker,PHI,23,190.5,94.800728,Arkansas-Little Rock,USA
Ray Spalding,HOU,24,205.74,102.0582,Louisville,USA
Raul Neto,WAS,29,185.42,81.64656,None,Brazil
Rajon Rondo,LAC,35,185.42,81.64656,Kentucky,USA
RJ Barrett,NYK,21,198.12,97.068688,Duke,Canada
R.J. Hampton,ORL,20,193.04,79.3786,None,USA
Robert Woodard II,SAC,21,198.12,106.59412,Mississippi State,USA
Quinndary Weatherspoon,SAS,24,190.5,92.98636,Mississippi State,USA
Precious Achiuwa,MIA,21,203.2,102.0582,Memphis,Nigeria
Payton Pritchard,BOS,23,185.42,88.45044,Oregon,USA
Paul Watson,TOR,26,198.12,95.25432,Fresno State,USA
Paul Reed,PHI,22,205.74,95.25432,DePaul,USA
Paul Millsap,DEN,36,200.66,116.573144,Louisiana Tech,USA
Paul George,LAC,31,203.2,99.79024,Fresno State,USA
Patty Mills,SAS,32,185.42,81.64656,St.Mary's College of California,Australia
Patrick Williams,CHI,19,200.66,97.52228,Florida State,USA
Patrick Patterson,LAC,32,203.2,106.59412,Kentucky,USA
Patrick McCaw,TOR,25,200.66,82.100152,UNLV,USA
Patrick Beverley,LAC,32,185.42,81.64656,Arkansas,USA
Pat Connaughton,MIL,28,195.58,94.800728,Notre Dame,USA
Pascal Siakam,TOR,27,205.74,104.32616,New Mexico State,Cameroon
PJ Dozier,DEN,24,198.12,92.98636,South Carolina,USA
Quinn Cook,CLE,28,185.42,81.64656,Duke,USA
Oshae Brissett,IND,23,200.66,95.25432,Syracuse,Canada
Robin Lopez,WAS,33,213.36,127.459352,Stanford,USA
Rodney Hood,TOR,28,203.2,94.347136,Duke,USA
T.J. Leaf,POR,24,208.28,100.697424,UCLA,USA
Svi Mykhailiuk,OKC,24,200.66,92.98636,Kansas,Ukraine
Steven Adams,NOP,27,210.82,120.20188,Pittsburgh,New Zealand
Sterling Brown,HOU,26,195.58,99.336648,Southern Methodist,USA
Stephen Curry,GSW,33,190.5,83.91452,Davidson,USA
Stanley Johnson,TOR,25,198.12,109.769264,Arizona,USA
Spencer Dinwiddie,BKN,28,195.58,97.52228,Colorado,USA
Solomon Hill,ATL,30,198.12,102.511792,Arizona,USA
Skylar Mays,ATL,23,193.04,92.98636,Louisiana State,USA
Sindarius Thornwell,ORL,26,193.04,97.52228,South Carolina,USA
Shaquille Harrison,DEN,27,200.66,86.18248,Tulsa,USA
Shake Milton,PHI,24,195.58,92.98636,Southern Methodist,USA
Shai Gilgeous-Alexander,OKC,22,198.12,81.64656,Kentucky,Canada
Seth Curry,PHI,30,187.96,83.91452,Duke,USA
Rodions Kurucs,MIL,23,205.74,103.418976,None,Latvia
Serge Ibaka,LAC,31,208.28,106.59412,None,Republic of the Congo
Sekou Doumbouya,DET,20,203.2,104.32616,None,France
Sean McDermott,MEM,24,198.12,88.45044,Butler,USA
Sam Merrill,MIL,25,193.04,92.98636,Utah State,USA
Saddiq Bey,DET,22,200.66,97.52228,Villanova,USA
Saben Lee,DET,22,187.96,83.007336,Vanderbilt,USA
Ryan Arcidiacono,CHI,27,190.5,88.45044,Villanova,USA
Russell Westbrook,WAS,32,190.5,90.7184,UCLA,USA
Rui Hachimura,WAS,23,203.2,104.32616,Gonzaga,Japan
Rudy Gobert,UTA,29,215.9,117.026736,None,France
Rudy Gay,SAS,34,203.2,113.398,Connecticut,USA
Royce O'Neale,UTA,28,193.04,102.511792,Baylor,USA
Rondae Hollis-Jefferson,POR,26,198.12,98.429464,Arizona,USA
Romeo Langford,BOS,21,193.04,97.975872,Indiana,USA
Rodney McGruder,DET,29,193.04,92.98636,Kansas State,USA
Semi Ojeleye,BOS,26,198.12,108.86208,Southern Methodist,USA
Onyeka Okongwu,ATL,20,203.2,106.59412,Southern California,USA
Wendell Carter Jr.,ORL,22,208.28,122.46984,Duke,USA
OG Anunoby,TOR,23,200.66,105.233344,Indiana,United Kingdom
Kenyon Martin Jr.,HOU,20,198.12,97.52228,None,USA
Kevin Durant,BKN,32,208.28,108.86208,Texas-Austin,USA
Kevin Huerter,ATL,22,200.66,86.18248,Maryland,USA
Kevin Knox II,NYK,21,200.66,97.52228,Kentucky,USA
Kevin Love,CLE,32,203.2,113.851592,UCLA,USA
Kevin Porter Jr.,HOU,21,193.04,92.079176,Southern California,USA
Kevon Looney,GSW,25,205.74,100.697424,UCLA,USA
Khem Birch,TOR,28,205.74,105.686936,UNLV,Canada
Khris Middleton,MIL,29,200.66,100.697424,Texas A&M,USA
Khyri Thomas,HOU,25,190.5,95.25432,Creighton,USA
Killian Hayes,DET,19,195.58,88.45044,None,France
Killian Tillie,MEM,23,205.74,99.79024,Gonzaga,France
Kira Lewis Jr.,NOP,20,185.42,77.11064,Alabama,USA
Kostas Antetokounmpo,LAL,23,208.28,90.7184,Dayton,Greece
Kentavious Caldwell-Pope,LAL,28,195.58,92.532768,Georgia,USA
Obi Toppin,NYK,23,205.74,99.79024,Dayton,USA
Kyle Anderson,MEM,27,205.74,104.32616,UCLA,USA
Kyle Guy,SAC,23,185.42,75.749864,Virginia,USA
Kyle Kuzma,LAL,25,208.28,100.243832,Utah,USA
Kyle Lowry,TOR,35,182.88,88.904032,Villanova,USA
Kyrie Irving,BKN,29,187.96,88.45044,Duke,Australia
LaMarcus Aldridge,BKN,35,210.82,113.398,University of Texas at Austin,USA
LaMelo Ball,CHA,19,198.12,81.64656,None,USA
Lamar Stevens,CLE,23,198.12,104.32616,Penn State,USA
Landry Shamet,BKN,24,193.04,86.18248,Wichita State,USA
Langston Galloway,PHX,29,185.42,90.7184,St. Joseph's (PA),USA
Larry Nance Jr.,CLE,28,200.66,111.13004,Wyoming,USA
Lauri Markkanen,CHI,24,213.36,108.86208,Arizona,Finland
LeBron James,LAL,36,205.74,113.398,None,USA
Lonnie Walker IV,SAS,22,193.04,92.532768,Miami,USA
Kristaps Porzingis,DAL,25,220.98,108.86208,None,Latvia
Lonzo Ball,NOP,23,198.12,86.18248,UCLA,USA
Kent Bazemore,GSW,31,193.04,88.45044,Old Dominion,USA
Kendrick Nunn,MIA,25,187.96,86.18248,Oakland,USA
Jordan Poole,GSW,22,193.04,87.996848,Michigan,USA
Josh Green,DAL,20,195.58,90.7184,Arizona,Australia
Josh Hall,OKC,20,205.74,86.18248,None,USA
Josh Hart,NOP,26,195.58,97.52228,Villanova,USA
Josh Jackson,DET,24,203.2,93.893544,Kansas,USA
Josh Okogie,MIN,22,193.04,96.615096,Georgia Tech,Nigeria
Josh Richardson,DAL,27,195.58,90.7184,Tennessee,USA
Jrue Holiday,MIL,31,190.5,92.98636,UCLA,USA
Juan Toscano-Anderson,GSW,28,198.12,94.800728,Marquette,USA
Juancho Hernangomez,MIN,25,205.74,97.068688,None,Spain
Julius Randle,NYK,26,203.2,113.398,Kentucky,USA
Justin Holiday,IND,32,198.12,81.64656,Washington,USA
Justin Jackson,MIL,26,203.2,99.79024,North Carolina,USA
Justin James,SAC,24,200.66,86.18248,Wyoming,USA
Kenrich Williams,OKC,26,198.12,95.25432,TCU,USA
Justin Patton,HOU,24,210.82,109.315672,Creighton,USA
Justise Winslow,MEM,25,198.12,100.697424,Duke,USA
Jusuf Nurkic,POR,26,210.82,131.54168,None,Bosnia and Herzegovina
Juwan Morgan,UTA,24,200.66,105.233344,Indiana,USA
KZ Okpala,MIA,22,203.2,97.52228,Stanford,USA
Karim Mane,ORL,21,190.5,86.18248,None,Senegal
Karl-Anthony Towns,MIN,25,210.82,112.490816,Kentucky,USA
Kawhi Leonard,LAC,30,200.66,102.0582,San Diego State,USA
Keita Bates-Diop,SAS,25,203.2,103.872568,Ohio State,USA
Kelan Martin,IND,25,195.58,104.32616,Butler,USA
Keldon Johnson,SAS,21,195.58,99.79024,Kentucky,USA
Keljin Blevins,POR,25,193.04,90.7184,Montana State,USA
Kelly Olynyk,HOU,30,210.82,108.86208,Gonzaga,Canada
Kelly Oubre Jr.,GSW,25,200.66,92.079176,Kansas,USA
Kemba Walker,OKC,31,182.88,83.460928,Connecticut,USA
Justin Robinson,OKC,23,185.42,88.45044,Virginia Tech ,USA
Lou Williams,ATL,34,185.42,79.3786,None,USA
Kris Dunn,ATL,27,190.5,92.98636,Providence,USA
Luguentz Dort,OKC,22,190.5,97.52228,Arizona State,Canada
Mike Scott,PHI,32,200.66,107.501304,Virginia,USA
Miles Bridges,CHA,23,198.12,102.0582,Michigan State,USA
Mitchell Robinson,NYK,23,213.36,108.86208,Western Kentucky,USA
Miye Oni,UTA,23,195.58,93.439952,Yale,USA
Mo Bamba,ORL,23,213.36,104.779752,Texas-Austin,USA
Monte Morris,DEN,26,187.96,83.007336,Iowa State,USA
Montrezl Harrell,LAL,27,200.66,108.86208,Louisville,USA
Moritz Wagner,ORL,24,210.82,111.13004,Michigan,Germany
Moses Brown,BOS,21,218.44,111.13004,UCLA,USA
Mychal Mulder,GSW,27,190.5,83.460928,Kentucky,Canada
Myles Turner,IND,25,210.82,113.398,Texas-Austin,USA
Naji Marshall,NOP,23,200.66,99.79024,Xavier,USA
Nassir Little,POR,21,195.58,99.79024,North Carolina,USA
Nate Darling,CHA,22,198.12,90.7184,Delaware,Canada
Mike Muscala,OKC,29,208.28,108.86208,Bucknell,USA
Nate Hinton,DAL,22,195.58,95.25432,Houston,USA
Naz Reid,MIN,21,205.74,119.748288,Louisiana State,USA
Nemanja Bjelica,MIA,33,208.28,106.140528,None,Serbia
Nerlens Noel,NYK,27,210.82,99.79024,Kentucky,USA
Nick Richards,CHA,23,213.36,111.13004,Kentucky,Jamaica
Nickeil Alexander-Walker,NOP,22,198.12,92.98636,Virginia Tech,Canada
Nico Mannion,GSW,20,187.96,86.18248,Arizona,Italy
Nicolas Batum,LAC,32,203.2,104.32616,None,France
Nicolas Claxton,BKN,22,210.82,97.52228,Georgia,USA
Nicolo Melli,DAL,30,205.74,107.047712,None,Italy
Nikola Jokic,DEN,26,210.82,128.820128,None,Serbia
Nikola Vucevic,CHI,30,210.82,117.93392,Southern California,Montenegro
Noah Vonleh,BKN,25,208.28,116.573144,Indiana,USA
Norman Powell,POR,28,190.5,97.52228,UCLA,USA
Norvel Pelle,NYK,28,208.28,104.779752,Iona,USA
Louis King,SAC,22,200.66,92.98636,Oregon,USA
Mike James,BKN,30,185.42,79.3786,Lamar,USA
Nathan Knight,ATL,23,208.28,114.758776,William & Mary,USA
Mikal Bridges,PHX,24,198.12,94.800728,Villanova,USA
Mike Conley,UTA,33,185.42,79.3786,Ohio State,USA
Luka Doncic,DAL,22,200.66,104.32616,None,Slovenia
Luka Samanic,SAS,21,208.28,102.965384,None,Croatia
Luke Kennard,LAC,25,195.58,93.439952,Duke,USA
Luke Kornet,BOS,25,218.44,113.398,Vanderbilt,USA
Malachi Flynn,TOR,23,185.42,79.3786,San Diego State,USA
Malcolm Brogdon,IND,28,195.58,103.872568,Virginia,USA
Malik Fitts,LAC,23,203.2,104.32616,None,USA
Malik Monk,CHA,23,190.5,90.7184,Kentucky,USA
Mamadi Diakite,MIL,24,205.74,103.418976,Virginia,Guinea
Marc Gasol,LAL,36,210.82,115.66596,None,Spain
Marcus Morris Sr.,LAC,31,203.2,98.883056,Kansas,USA
Markelle Fultz,ORL,23,190.5,94.800728,Washington,USA
Markieff Morris,LAL,31,205.74,111.13004,Kansas,USA
Markus Howard,DEN,22,177.8,79.3786,Marquette,USA
Malik Beasley,MIN,24,193.04,84.821704,Florida State,USA
Marquese Chriss,GSW,23,205.74,108.86208,Washington,USA
Michael Porter Jr.,DEN,23,208.28,98.883056,Missouri,USA
Marques Bolden,CLE,23,208.28,112.944408,Duke,USA
Michael Carter-Williams,ORL,29,195.58,86.18248,Syracuse,USA
Mfiondu Kabengele,CLE,23,205.74,113.398,Florida State,Canada
Meyers Leonard,MIA,29,213.36,117.93392,Illinois,USA
Max Strus,MIA,25,195.58,97.52228,DePaul,USA
Maurice Harkless,SAC,28,200.66,99.79024,St. John's,USA
Maxi Kleber,DAL,29,208.28,108.86208,None,Germany
Matthew Dellavedova,CLE,30,190.5,90.7184,St.Mary's College of California,Australia
Matt Thomas,UTA,26,193.04,86.18248,Iowa State,USA
Matisse Thybulle,PHI,24,195.58,91.171992,Washington,USA
Mason Plumlee,DET,31,210.82,115.212368,Duke,USA
Mason Jones,PHI,22,193.04,90.7184,Arkansas,USA
Marvin Bagley III,SAC,22,210.82,106.59412,Duke,USA
Usman Garuba,HOU,20,203.2,103.872568,None,Spain
Vlatko Cancar,DEN,25,203.2,107.047712,None,Slovenia
Vit Krejci,OKC,22,203.2,88.45044,None,Czech Republic
Victor Oladipo,MIA,30,193.04,96.615096,Indiana,USA
Vernon Carey Jr.,WAS,21,205.74,122.46984,Duke,USA
Wayne Ellington,LAL,34,193.04,93.893544,North Carolina,USA
Udonis Haslem,MIA,42,203.2,106.59412,Florida,USA
Tyler Johnson,SAS,30,190.5,84.368112,Fresno State,USA
Tyus Jones,MEM,26,182.88,88.904032,Duke,USA
Tyrone Wallace,NOP,28,195.58,89.811216,California,USA
Tyrese Maxey,PHI,21,187.96,90.7184,Kentucky,USA
Tyrese Haliburton,IND,22,195.58,83.91452,Iowa State,USA
Tyrell Terry,MEM,21,187.96,72.57472,Stanford,USA
Tyler Herro,MIA,22,195.58,88.45044,Kentucky,USA
Wayne Selden,NYK,27,193.04,105.233344,Kansas,USA
Udoka Azubuike,UTA,22,213.36,122.46984,Kansas,Nigeria
Wendell Carter Jr.,ORL,23,208.28,122.46984,Duke,USA
Ziaire Williams,MEM,20,205.74,83.91452,Stanford,USA
Wes Iwundu,ATL,27,198.12,88.45044,Kansas State,USA
Tyler Hall,NYK,25,195.58,94.800728,Montana State,USA
Zylan Cheatham,UTA,26,195.58,99.79024,Arizona St.,USA
Zeke Nnaji,DEN,21,205.74,108.86208,Arizona,USA
Zavier Simpson,OKC,25,182.88,86.18248,Michigan,USA
Zach LaVine,CHI,27,195.58,90.7184,UCLA,USA
Zach Collins,SAS,24,210.82,113.398,Gonzaga,USA
Yves Pons,MEM,23,195.58,93.439952,Tennessee,France
Yuta Watanabe,TOR,27,205.74,97.52228,George Washington,Japan
Xavier Tillman Sr.,MEM,23,203.2,111.13004,Michigan State,USA
Xavier Sneed,UTA,24,195.58,97.52228,Kansas State,USA
Xavier Moon,LAC,27,187.96,74.84268,Morehead State,USA
Willy Hernangomez,NOP,28,210.82,113.398,None,Spain
Willie Cauley-Stein,PHI,28,213.36,108.86208,Kentucky,USA
Will Barton,DEN,31,195.58,82.100152,Memphis,USA
Wesley Matthews,MIL,35,193.04,99.79024,Marquette,USA
Wenyen Gabriel,LAL,25,205.74,92.98636,Kentucky,South Sudan
Tyler Cook,CHI,24,203.2,115.66596,Iowa,USA
Darius Bazley,OKC,22,203.2,94.347136,None,USA
Troy Brown Jr.,CHI,22,198.12,97.52228,Oregon,USA
Evan Fournier,NYK,29,198.12,92.98636,None,France
Evan Mobley,CLE,21,210.82,97.52228,Southern California,USA
Facundo Campazzo,DEN,31,177.8,88.45044,None,Argentina
Feron Hunt,NYK,22,203.2,88.45044,Southern Methodist,USA
Frank Jackson,DET,24,190.5,92.98636,Duke,USA
Frank Kaminsky,PHX,29,213.36,108.86208,Wisconsin,USA
Frank Ntilikina,DAL,23,193.04,90.7184,None,France
Franz Wagner,ORL,20,208.28,99.79024,Michigan,Germany
Fred VanVleet,TOR,28,185.42,89.357624,Wichita State,USA
Freddie Gillespie,ORL,25,205.74,111.13004,Baylor,USA
Furkan Korkmaz,PHI,24,200.66,91.625584,None,Turkey
Gabe Vincent,MIA,26,190.5,90.7184,California-Santa Barbara,USA
Gabe York,IND,28,190.5,86.18248,Arizona,USA
Gabriel Deck,OKC,27,198.12,104.779752,None,Argentina
Gabriel Lundberg,PHX,27,193.04,92.079176,None,Denmark
Garrett Temple,NOP,36,195.58,88.45044,Louisiana State,USA
Garrison Mathews,HOU,25,195.58,97.52228,Lipscomb,USA
Gorgui Dieng,ATL,32,208.28,112.490816,Louisville,Senegal
Gordon Hayward,CHA,32,200.66,102.0582,Butler,USA
Ty Jerome,OKC,24,195.58,88.45044,Virginia,USA
Goran Dragic,BKN,36,190.5,86.18248,None,Slovenia
Goga Bitadze,IND,22,213.36,113.398,None,Georgia
Giannis Antetokounmpo,MIL,27,210.82,109.769264,None,Greece
Eugene Omoruyi,DAL,25,198.12,106.59412,Oregon,Nigeria
Georgios Kalaitzakis,OKC,23,200.66,87.089664,None,Greece
George King,DAL,28,198.12,99.79024,Colorado,USA
George Hill,MIL,36,193.04,85.275296,Indiana-Purdue Indianapolis,USA
Gary Trent Jr.,TOR,23,195.58,94.800728,Duke,USA
Gary Payton II,GSW,29,190.5,88.45044,Oregon State,USA
Gary Harris,ORL,27,193.04,95.25432,Michigan State,USA
Gary Clark,NOP,27,198.12,102.0582,Cincinnati,USA
Georges Niang,PHI,29,200.66,104.32616,Iowa State,USA
Eric Paschall,UTA,25,198.12,115.66596,Villanova,USA
Eric Gordon,HOU,33,190.5,97.52228,Indiana,USA
Eric Bledsoe,POR,32,185.42,97.068688,Kentucky,USA
Dillon Brooks,MEM,26,200.66,102.0582,Oregon,Canada
Didi Louzada,POR,22,195.58,85.275296,None,Brazil
Dewayne Dedmon,MIA,32,213.36,111.13004,Southern California,USA
Devonte' Graham,NOP,27,185.42,88.45044,Kansas,USA
Devontae Cacok,SAS,25,200.66,108.86208,North Carolina-Wilmington,USA
Devon Dotson,CHI,22,185.42,83.91452,Kansas,USA
Domantas Sabonis,SAC,26,210.82,108.86208,Gonzaga,Lithuania
Devin Vassell,SAS,21,195.58,90.7184,Florida State,USA
Devin Booker,PHX,25,195.58,93.439952,Kentucky,USA
Desmond Bane,MEM,24,195.58,97.52228,TCU,USA
Derrick White,BOS,27,193.04,86.18248,Colorado,USA
Derrick Walton Jr.,DET,27,182.88,83.91452,Michigan,USA
Derrick Rose,NYK,33,187.96,90.7184,Memphis,USA
Derrick Jones Jr.,CHI,25,198.12,95.25432,UNLV,USA
Devin Cannady,ORL,26,187.96,83.007336,Princeton,USA
Grant Williams,BOS,23,198.12,107.047712,Tennessee,USA
Donovan Mitchell,UTA,25,185.42,97.52228,Louisville,USA
Dorian Finney-Smith,DAL,29,200.66,99.79024,Florida,USA
Enes Freedom,BOS,30,208.28,113.398,None,Turkey
Emmanuel Mudiay,SAC,26,190.5,90.7184,None,Democratic Republic of the Congo
Emanuel Terry,PHX,25,205.74,99.79024,Lincoln Memorial,USA
Elijah Hughes,POR,24,195.58,97.52228,Syracuse,USA
Elfrid Payton,PHX,28,190.5,88.45044,Louisana-Lafayette,USA
Ed Davis,CLE,33,205.74,98.883056,North Carolina,USA
Donte DiVincenzo,SAC,25,193.04,92.079176,Villanova,USA
Dylan Windler,CLE,25,198.12,88.904032,Belmont,USA
Dwight Howard,LAL,36,208.28,120.20188,None,USA
Duncan Robinson,MIA,28,200.66,97.52228,Michigan,USA
Duane Washington Jr.,IND,22,190.5,89.357624,Ohio State,Germany
Drew Eubanks,POR,25,205.74,111.13004,Oregon State,USA
Draymond Green,GSW,32,198.12,104.32616,Michigan State,USA
Doug McDermott,SAS,30,200.66,102.0582,Creighton,USA
Dwight Powell,DAL,30,208.28,108.86208,Stanford,Canada
Derrick Favors,OKC,30,205.74,120.20188,Georgia Tech,USA
Grayson Allen,MIL,26,193.04,89.811216,Duke,USA
Greg Monroe,MIN,32,208.28,113.398,Georgetown,USA
Jalen Green,HOU,20,193.04,84.368112,None,USA
Jalen Johnson,ATL,20,203.2,99.336648,Duke,USA
Jalen McDaniels,CHA,24,205.74,92.98636,San Diego State,USA
Jalen Smith,IND,22,208.28,97.52228,Maryland,USA
Jalen Suggs,ORL,21,195.58,92.98636,Gonzaga,USA
James Bouknight,CHA,21,193.04,86.18248,Connecticut,USA
James Ennis III,DEN,31,198.12,97.52228,Cal State-Long Beach,USA
James Harden,PHI,32,195.58,99.79024,Arizona State,USA
James Johnson,BKN,35,200.66,108.86208,Wake Forest,USA
Jamorko Pickett,DET,24,205.74,93.439952,Georgetown,USA
Jared Butler,UTA,21,190.5,87.543256,Baylor,USA
Jared Harper,NOP,24,177.8,79.3786,Auburn,USA
Jaren Jackson Jr.,MEM,22,210.82,109.769264,Michigan State,USA
Jarred Vanderbilt,MIN,23,205.74,97.068688,Kentucky,USA
Jarrett Allen,CLE,24,208.28,110.222856,Texas-Austin,USA
Jarrett Culver,MEM,23,198.12,88.45044,Texas Tech,USA
Jarron Cumberland,POR,24,195.58,92.98636,Cincinnati,USA
Jeff Green,DEN,35,203.2,106.59412,Georgetown,USA
Jeff Dowtin,ORL,25,190.5,80.285784,Rhode Island,USA
Jayson Tatum,BOS,24,203.2,95.25432,Duke,USA
Jaysean Paige,DET,27,187.96,90.7184,West Virginia,USA
Jaylen Nowell,MIN,22,193.04,91.171992,Washington,USA
Jaylen Morris,SAS,26,195.58,83.91452,Molloy,USA
Jalen Brunson,DAL,25,185.42,86.18248,Villanova,USA
Jaylen Hoard,OKC,23,203.2,97.975872,Wake Forest,France
Jay Scrubb,LAC,21,195.58,99.79024,None,USA
Jay Huff,LAL,24,215.9,108.86208,Virginia,USA
Jaxson Hayes,NOP,22,210.82,99.79024,Texas-Austin,USA
Javonte Smart,MIA,23,193.04,92.98636,Louisiana State,USA
Javonte Green,CHI,28,195.58,92.98636,Radford,USA
Javin DeLaurier,MIL,24,208.28,106.140528,Duke,USA
Jaylen Brown,BOS,25,198.12,101.151016,California,USA
Jakob Poeltl,SAS,26,215.9,111.13004,Utah,Austria
Jake Layman,MIN,28,203.2,94.800728,Maryland,USA
Jaime Echenique,WAS,25,208.28,117.026736,Wichita State,Colombia
Isaiah Livers,DET,23,198.12,105.233344,Michigan,USA
Isaiah Joe,PHI,22,193.04,74.84268,Arkansas,USA
Isaiah Jackson,IND,20,208.28,92.98636,Kentucky,USA
Isaiah Hartenstein,LAC,24,213.36,113.398,None,Germany
Isaac Okoro,CLE,21,195.58,102.0582,Auburn,USA
Isaac Bonga,TOR,22,203.2,81.64656,None,Germany
Isaiah Roby,OKC,24,203.2,104.32616,Nebraska-Lincoln,USA
Immanuel Quickley,NYK,23,190.5,86.18248,Kentucky,USA
Herbert Jones,NOP,23,200.66,93.439952,Alabama,USA
Haywood Highsmith,MIA,25,193.04,99.79024,Wheeling Jesuit,USA
Hassani Gravett,ORL,25,187.96,84.821704,South Carolina,USA
Hassan Whiteside,UTA,33,213.36,120.20188,Marshall,USA
Harrison Barnes,SAC,30,203.2,102.0582,North Carolina,USA
Hamidou Diallo,DET,23,195.58,91.625584,Kentucky,USA
Ignas Brazdeikis,ORL,23,198.12,100.243832,Michigan,Canada
Greg Brown III,POR,20,200.66,93.439952,Texas-Austin,USA
Isaiah Stewart,DET,21,203.2,113.398,Washington,USA
Isaiah Todd,WAS,20,205.74,99.336648,None,USA
Jahmi'us Ramsey,SAC,21,190.5,86.18248,Texas Tech,USA
Jae'Sean Tate,HOU,26,193.04,104.32616,Ohio State,USA
Jae Crowder,PHX,31,198.12,106.59412,Marquette,USA
Jaden Springer,PHI,19,193.04,91.625584,Tennessee,USA
Jaden McDaniels,MIN,21,205.74,83.91452,Washington,USA
Jabari Parker,BOS,27,200.66,111.13004,Duke,USA
Isaiah Thomas,CHA,33,175.26,83.91452,Washington,USA
JaVale McGee,PHX,34,213.36,122.46984,Nevada-Reno,USA
JaMychal Green,DEN,32,203.2,102.965384,Alabama,USA
Ja Morant,MEM,22,190.5,78.925008,Murray State,USA
JT Thor,CHA,19,205.74,92.079176,Auburn,USA
Ivica Zubac,LAC,25,213.36,108.86208,None,Croatia
Ish Wainright,PHX,27,195.58,113.398,Baylor,USA
Ish Smith,WAS,33,182.88,79.3786,Wake Forest,USA
JaQuori McLaughlin,DAL,24,193.04,86.18248,Cal-Santa Barbara,USA
Denzel Valentine,UTA,28,193.04,99.79024,Michigan State,USA
Dennis Smith Jr.,POR,24,187.96,92.98636,North Carolina State,USA
Dennis Schroder,HOU,28,185.42,78.017824,None,Germany
Charlie Brown Jr.,PHI,25,198.12,90.264808,St. Joseph's (PA),USA
Charles Bassey,PHI,21,205.74,104.32616,Western Kentucky,Nigeria
Chandler Hutchison,PHX,26,198.12,95.25432,Boise State,USA
Cedi Osman,CLE,27,200.66,104.32616,None,Turkey
Cat Barber,ATL,27,185.42,78.471416,North Carolina State,USA
Cassius Winston,WAS,24,185.42,83.91452,Michigan State,USA
Cassius Stanley,DET,22,195.58,86.18248,Duke,USA
Carsen Edwards,DET,24,180.34,90.7184,Purdue,USA
Carmelo Anthony,LAL,38,200.66,107.954896,Syracuse,USA
Carlik Jones,DEN,24,182.88,78.925008,Texas Legends,USA
Caris LeVert,CLE,27,198.12,92.98636,Michigan,USA
Cameron Payne,PHX,27,185.42,83.007336,Murray State,USA
Cameron Oliver,ATL,25,203.2,108.408488,Nevada,USA
Cameron McGriff,POR,24,200.66,99.79024,Oklahoma State,USA
Cameron Johnson,PHX,26,203.2,95.25432,North Carolina,USA
Cam Thomas,BKN,20,190.5,95.25432,Louisiana State,Japan
Cam Reddish,NYK,22,203.2,98.429464,Duke,USA
Brandon Knight,DAL,30,187.96,82.553744,Kentucky,USA
Brandon Williams,POR,22,187.96,86.18248,Arizona,USA
Braxton Key,DET,25,203.2,102.0582,Virginia,USA
Brodric Thomas,BOS,25,195.58,83.91452,Truman State,USA
Brook Lopez,MIL,34,213.36,127.912944,Stanford,USA
Bruce Brown,BKN,25,193.04,91.625584,Miami,USA
Chaundee Brown Jr.,ATL,23,195.58,97.52228,Michigan,USA
Bruno Fernando,HOU,23,205.74,108.86208,Maryland,Angola
Buddy Hield,IND,29,193.04,99.79024,Oklahoma,Bahamas
CJ Elleby,POR,22,198.12,90.7184,Washington State,USA
CJ McCollum,NOP,30,190.5,86.18248,Lehigh,USA
CJ Miles,BOS,35,198.12,99.79024,No College,USA
Cade Cunningham,DET,20,198.12,99.79024,Oklahoma State,USA
Caleb Martin,MIA,26,195.58,92.98636,Nevada-Reno,USA
Bryn Forbes,DEN,28,187.96,92.98636,Michigan State,USA
Cheick Diallo,DET,25,203.2,99.336648,Kansas,Mali
Chimezie Metu,SAC,25,205.74,102.0582,Southern California,USA
Chris Boucher,TOR,29,205.74,90.7184,Oregon,Saint Lucia
DaQuan Jeffries,MEM,24,195.58,100.697424,Tulsa,USA
Daishen Nix,HOU,20,193.04,102.511792,None,USA
Dakota Mathias,MEM,26,193.04,90.7184,Purdue,USA
Dalano Banton,TOR,22,200.66,92.532768,Nebraska,Canada
Damian Jones,SAC,27,210.82,111.13004,Vanderbilt,USA
Damian Lillard,POR,31,187.96,88.45044,Weber State,USA
D.J. Wilson,TOR,26,208.28,104.779752,Michigan,USA
Damion Lee,GSW,29,195.58,95.25432,Drexel,USA
Daniel Gafford,WAS,23,205.74,106.140528,Arkansas,USA
Daniel Oturu,TOR,22,203.2,108.86208,Minnesota,USA
Daniel Theis,BOS,30,205.74,111.13004,None,Germany
Danilo Gallinari,ATL,33,208.28,107.047712,None,Italy
Danny Green,PHI,35,198.12,97.52228,North Carolina,USA
Danuel House Jr.,UTA,29,198.12,99.79024,Texas A&M,USA
Damyean Dotson,NYK,28,195.58,95.25432,Houston,USA
Brandon Ingram,NOP,24,203.2,86.18248,Duke,USA
D.J. Augustin,LAL,34,180.34,83.007336,Texas-Austin,USA
Craig Sword,WAS,28,190.5,88.904032,Mississippi State,USA
Chris Chiozza,GSW,26,180.34,79.3786,Florida,USA
Chris Duarte,IND,25,195.58,86.18248,Oregon,Dominican Republic
Chris Paul,PHX,37,182.88,79.3786,Wake Forest,USA
Chris Silva,MIA,25,203.2,106.140528,South Carolina,Gabon
Christian Wood,HOU,26,205.74,97.068688,UNLV,USA
Chuma Okeke,ORL,23,198.12,103.872568,Auburn,USA
D'Angelo Russell,MIN,26,193.04,87.543256,Ohio State,USA
Clint Capela,ATL,28,208.28,116.119552,None,Switzerland
Cody Martin,CHA,26,198.12,92.98636,Nevada-Reno,USA
Cody Zeller,POR,29,210.82,108.86208,Indiana,USA
Cole Anthony,ORL,22,190.5,83.91452,North Carolina,USA
Collin Sexton,CLE,23,185.42,86.18248,Alabama,USA
Corey Kispert,WAS,23,198.12,101.604608,Gonzaga,USA
Cory Joseph,DET,30,190.5,90.7184,Texas-Austin,Canada
Coby White,CHI,22,193.04,88.45044,North Carolina,USA
Brandon Goodwin,CLE,26,182.88,81.64656,Florida Gulf Coast,USA
Brandon Clarke,MEM,25,203.2,97.52228,Gonzaga,Canada
Brandon Boston,LAC,20,198.12,85.275296,Kentucky,USA
David Nwaba,HOU,29,195.58,99.336648,Cal Poly,USA
David Johnson,TOR,21,193.04,92.079176,Louisville,USA
David Duke Jr.,BKN,22,193.04,92.532768,Providence,USA
Darren Collison,LAL,34,182.88,72.57472,UCLA,USA
Aaron Gordon,DEN,26,203.2,106.59412,Arizona,USA
Aaron Henry,PHI,22,195.58,95.25432,Michigan State,USA
Davion Mitchell,SAC,23,182.88,91.625584,Baylor,USA
Aaron Holiday,PHX,25,182.88,83.91452,UCLA,USA
Aaron Wiggins,OKC,23,193.04,86.18248,Maryland,USA
Abdel Nader,PHX,28,195.58,102.0582,Iowa State,Egypt
Ade Murkey,SAC,24,195.58,90.7184,Denver,USA
Admiral Schofield,ORL,25,195.58,109.315672,Tennessee,United Kingdom
Ahmad Caver,IND,25,187.96,78.925008,Old Dominion,USA
Al Horford,BOS,36,205.74,108.86208,Florida,Dominican Republic
Aaron Nesmith,BOS,22,195.58,97.52228,Vanderbilt,USA
Alec Burks,NYK,30,198.12,97.068688,Colorado,USA
Davis Bertans,DAL,29,208.28,102.0582,None,Latvia
Day'Ron Sharpe,BKN,20,205.74,120.20188,North Carolina,USA
Deni Avdija,WAS,21,205.74,95.25432,None,Israel
Delon Wright,ATL,30,195.58,83.91452,Utah,USA
Dejounte Murray,SAS,25,193.04,81.64656,Washington,USA
Deividas Sirvydis,DET,22,203.2,86.18248,None,Lithuania
Deandre Ayton,PHX,23,210.82,113.398,Arizona,Bahamas
Dean Wade,CLE,25,205.74,103.418976,Kansas State,USA
Davon Reed,DEN,27,195.58,93.439952,Miami,USA
DeMarcus Cousins,DEN,31,208.28,122.46984,Kentucky,USA
DeJon Jarreau,IND,24,195.58,83.91452,Houston,USA
DeAndre' Bembry,MIL,27,195.58,95.25432,St. Joseph's (PA),USA
DeAndre Jordan,PHI,33,210.82,120.20188,Texas A&M,USA
De'Anthony Melton,MEM,24,187.96,90.7184,Southern California,USA
De'Andre Hunter,ATL,24,203.2,100.243832,Virginia,USA
De'Aaron Fox,SAC,24,190.5,83.91452,Kentucky,USA
DeMar DeRozan,CHI,32,198.12,99.79024,Southern California,USA
Jemerrio Jones,LAL,27,195.58,79.3786,New Mexico State,USA
Aleem Ford,ORL,24,203.2,99.79024,Wisconsin,USA
Alex Caruso,CHI,28,195.58,84.368112,Texas A&M,USA
Ayo Dosunmu,CHI,22,193.04,90.7184,Illinois,USA
BJ Johnson,ORL,26,198.12,90.7184,La Salle,USA
Bam Adebayo,MIA,24,205.74,115.66596,Kentucky,USA
Ben McLemore,POR,29,190.5,88.45044,Kansas,USA
Bismack Biyombo,PHX,29,203.2,115.66596,None,DRC
Blake Griffin,BKN,33,205.74,113.398,Oklahoma,USA
Avery Bradley,LAL,31,190.5,81.64656,Texas-Austin,USA
Boban Marjanovic,DAL,33,220.98,131.54168,None,Serbia
Bogdan Bogdanovic,ATL,29,198.12,102.0582,None,Serbia
Bojan Bogdanovic,UTA,33,200.66,102.511792,None,Croatia
Bol Bol,ORL,22,218.44,99.79024,Oregon,Sudan
Bones Hyland,DEN,21,187.96,76.657048,Virginia Commonwealth,USA
Brad Wanamaker,WAS,32,190.5,95.25432,Pittsburgh,USA
Bradley Beal,WAS,29,193.04,93.893544,Florida,USA
Bobby Portis,MIL,27,208.28,113.398,Arkansas,USA
Alekesej Pokusevski,OKC,20,213.36,86.18248,None,Serbia
Austin Rivers,DEN,29,193.04,90.7184,Duke,USA
Arnoldas Kulboka,CHA,24,208.28,94.800728,None,Lithuania
Alex Len,SAC,29,213.36,113.398,Maryland,Ukraine
Alfonzo McKinnie,CHI,29,200.66,97.52228,Wisc.-Green Bay,USA
Alize Johnson,NOP,26,203.2,96.161504,Missouri State,USA
Alperen Sengun,HOU,19,208.28,110.222856,None,Turkey
Amir Coffey,LAC,25,200.66,95.25432,Minnesota,USA
Andre Drummond,BKN,28,208.28,126.552168,Connecticut,USA
Austin Reaves,LAL,24,195.58,89.357624,Oklahoma,USA
Andre Iguodala,GSW,38,198.12,97.52228,Arizona,USA
Anfernee Simons,POR,23,190.5,82.100152,None,USA
Anthony Davis,LAL,29,208.28,114.758776,Kentucky,USA
Anthony Edwards,MIN,20,193.04,102.0582,Georgia,USA
Anthony Gill,WAS,29,200.66,104.32616,Virginia,USA
Anthony Lamb,HOU,24,198.12,102.965384,Vermont,USA
Armoni Brooks,TOR,24,190.5,88.45044,Houston,USA
Andrew Wiggins,GSW,27,200.66,89.357624,Kansas,Canada
Jerami Grant,DET,28,203.2,95.25432,Syracuse,USA
Jordan McLaughlin,MIN,26,180.34,83.91452,Southern California,USA
Jeremy Lamb,SAC,30,195.58,81.64656,Connecticut,USA
P.J. Dozier,DEN,25,198.12,92.98636,South Carolina,USA
Otto Porter Jr.,GSW,29,203.2,89.811216,Georgetown,USA
Oshae Brissett,IND,24,200.66,95.25432,Syracuse,Canada
Onyeka Okongwu,ATL,21,203.2,108.86208,Southern California,USA
Omer Yurtseven,MIA,24,210.82,124.7378,Georgetown,Turkey
Olivier Sarr,OKC,23,213.36,108.86208,Kentucky,France
Obi Toppin,NYK,24,205.74,99.79024,Dayton,USA
OG Anunoby,TOR,24,200.66,105.233344,Indiana,United Kingdom
Norvel Pelle,UTA,29,208.28,104.779752,Iona,USA
Norman Powell,LAC,29,190.5,97.52228,UCLA,USA
Nikola Vucevic,CHI,31,208.28,117.93392,Southern California,Montenegro
Nikola Jokic,DEN,27,210.82,128.820128,None,Serbia
Nik Stauskas,BOS,28,198.12,93.893544,Michigan,Canada
Nicolas Batum,LAC,33,203.2,104.32616,None,France
Nickeil Alexander-Walker,UTA,23,195.58,92.98636,Virginia Tech,Canada
Nick Richards,CHA,24,213.36,111.13004,Kentucky,Jamaica
Nic Claxton,BKN,23,210.82,97.52228,Georgia,USA
Moses Brown,CLE,22,218.44,111.13004,UCLA,USA
Moses Moody,GSW,20,195.58,95.707912,Arkansas,USA
Moses Wright,DAL,23,203.2,102.511792,Georgia Tech,USA
Mychal Mulder,MIA,28,190.5,88.45044,Kentucky,Canada
Myles Powell,PHI,24,187.96,88.45044,Seton Hall,USA
Myles Turner,IND,26,210.82,113.398,Texas-Austin,USA
P.J. Tucker,MIA,37,195.58,111.13004,Texas-Austin,USA
Naji Marshall,NOP,24,200.66,99.79024,Xavier,USA
Nate Hinton,IND,23,195.58,95.25432,Houston,USA
Nathan Knight,MIN,24,208.28,114.758776,William & Mary,USA
Naz Reid,MIN,22,205.74,119.748288,Louisiana State,USA
Neemias Queta,SAC,22,213.36,112.490816,Utah State,Portugal
Nemanja Bjelica,GSW,34,205.74,106.140528,None,Serbia
Nerlens Noel,NYK,28,210.82,99.79024,Kentucky,USA
Nassir Little,POR,22,195.58,99.79024,North Carolina,USA
P.J. Washington,CHA,23,200.66,104.32616,Kentucky,USA
Paris Bass,PHX,26,203.2,90.7184,Detroit Mercy,USA
Pascal Siakam,TOR,28,203.2,104.32616,New Mexico State,Cameroon
Rayjon Tucker,MIL,24,190.5,94.800728,Arkansas-Little Rock,USA
Reggie Bullock,DAL,31,198.12,92.98636,North Carolina,USA
Reggie Jackson,LAC,32,187.96,94.347136,Boston College,USA
Reggie Perry,POR,22,203.2,113.398,Mississippi State,USA
Richaun Holmes,SAC,28,208.28,106.59412,Bowling Green,USA
Ricky Rubio,IND,31,187.96,86.18248,None,Spain
Raul Neto,WAS,30,187.96,81.64656,None,Brazil
Rob Edwards,OKC,25,195.58,92.98636,Arizona State,USA
Robert Williams III,BOS,24,205.74,107.501304,Texas A&M,USA
Robert Woodard II,SAS,22,198.12,106.59412,Mississippi State,USA
Robin Lopez,ORL,34,213.36,127.459352,Stanford,USA
Rodney Hood,LAC,29,203.2,94.347136,Duke,USA
Rodney McGruder,DET,30,193.04,92.98636,Kansas State,USA
Romeo Langford,SAS,22,195.58,97.975872,Indiana,USA
Robert Covington,LAC,31,200.66,94.800728,Tennessee State,USA
Moritz Wagner,ORL,25,210.82,111.13004,Michigan,Germany
Rajon Rondo,CLE,36,185.42,81.64656,Kentucky,USA
RJ Barrett,NYK,22,198.12,97.068688,Duke,Canada
Pat Connaughton,MIL,29,195.58,94.800728,Notre Dame,USA
Patrick Beverley,MIN,33,185.42,81.64656,Arkansas,USA
Patrick Williams,CHI,20,200.66,97.52228,Florida State,USA
Patty Mills,BKN,33,182.88,81.64656,St.Mary's College of California,Australia
Paul George,LAC,32,203.2,99.79024,Fresno State,USA
Paul Millsap,PHI,37,200.66,116.573144,Louisiana Tech,USA
RJ Nembhard Jr.,CLE,23,193.04,90.7184,TCU,USA
Paul Reed,PHI,23,205.74,95.25432,DePaul,USA
Payton Pritchard,BOS,24,185.42,88.45044,Oregon,USA
Petr Cornelie,DEN,26,210.82,99.79024,None,France
Precious Achiuwa,TOR,22,203.2,102.0582,Memphis,Nigeria
Quentin Grimes,NYK,22,193.04,95.25432,Houston,USA
Quinndary Weatherspoon,GSW,25,190.5,92.98636,Mississippi State,USA
R.J. Hampton,ORL,21,193.04,79.3786,None,USA
Paul Watson,OKC,27,198.12,95.25432,Fresno State,USA
Royce O'Neale,UTA,29,195.58,102.511792,Baylor,USA
Montrezl Harrell,CHA,28,200.66,108.86208,Louisville,USA
Mo Bamba,ORL,24,213.36,104.779752,Texas-Austin,USA
Mac McClung,LAL,23,187.96,83.91452,Texas Tech,USA
M.J. Walker,PHX,24,195.58,96.615096,Florida State,USA
Luke Kornet,BOS,26,218.44,113.398,Vanderbilt,USA
Luke Kennard,LAC,26,195.58,93.439952,Duke,USA
Luka Garza,DET,23,208.28,110.222856,Iowa,USA
Luka Doncic,DAL,23,200.66,104.32616,None,Slovenia
Luguentz Dort,OKC,23,190.5,97.52228,Arizona State,Canada
Louis King,SAC,23,200.66,92.98636,Oregon,USA
Lou Williams,ATL,35,187.96,79.3786,None,USA
Lonzo Ball,CHI,24,198.12,86.18248,UCLA,USA
Lonnie Walker IV,SAS,23,193.04,92.532768,Miami,USA
Lindy Waters III,OKC,24,198.12,97.52228,Oklahoma State,USA
Lindell Wigginton,MIL,24,185.42,85.728888,Iowa State,Canada
Leandro Bolmaro,MIN,21,198.12,90.7184,None,Argentina
LeBron James,LAL,37,205.74,113.398,None,USA
Lauri Markkanen,CLE,25,210.82,108.86208,Arizona,Finland
Kris Dunn,POR,28,190.5,92.98636,Providence,USA
Jeremiah Robinson-Earl,OKC,21,203.2,109.769264,Villanova,USA
Kristaps Porzingis,WAS,26,220.98,108.86208,None,Latvia
Kyle Anderson,MEM,28,205.74,104.32616,UCLA,USA
Kyle Guy,MIA,24,185.42,75.749864,Virginia,USA
Kyle Kuzma,WAS,26,205.74,100.243832,Utah,USA
Kyle Lowry,MIA,36,182.88,88.904032,Villanova,USA
Malachi Flynn,TOR,24,185.42,79.3786,San Diego State,USA
Kyrie Irving,BKN,30,187.96,88.45044,Duke,Australia
LaMelo Ball,CHA,20,200.66,81.64656,None,USA
Lamar Stevens,CLE,24,198.12,104.32616,Penn State,USA
Lance Stephenson,IND,31,195.58,95.25432,Cincinnati,USA
Landry Shamet,PHX,25,193.04,86.18248,Wichita State,USA
Langston Galloway,MIL,30,185.42,90.7184,St. Joseph's (PA),USA
Larry Nance Jr.,NOP,29,200.66,111.13004,Wyoming,USA
LaMarcus Aldridge,BKN,36,210.82,113.398,Texas-Austin,USA
Malcolm Brogdon,IND,29,195.58,103.872568,Virginia,USA
Malcolm Hill,CHI,26,198.12,99.79024,Illinois,USA
Malik Beasley,MIN,25,193.04,84.821704,Florida State,USA
Matt Thomas,CHI,27,190.5,86.18248,Iowa State,USA
Maurice Harkless,SAC,29,200.66,99.79024,St. John's,USA
Max Strus,MIA,26,195.58,97.52228,DePaul,USA
Maxi Kleber,DAL,30,208.28,108.86208,None,Germany
McKinley Wright IV,MIN,23,180.34,87.089664,Colorado,USA
Melvin Frazier Jr.,OKC,25,195.58,97.52228,Tulane,USA
Matt Ryan,BOS,25,200.66,97.52228,Tennessee-Chattanooga,USA
Michael Porter Jr.,DEN,24,208.28,98.883056,Missouri,USA
Mike Conley,UTA,34,185.42,79.3786,Ohio State,USA
Mike Muscala,OKC,30,208.28,108.86208,Bucknell,USA
Miles Bridges,CHA,24,200.66,102.0582,Michigan State,USA
Miles McBride,NYK,21,185.42,88.45044,West Virginia,USA
Mitchell Robinson,NYK,24,213.36,108.86208,Western Kentucky,USA
Miye Oni,UTA,24,195.58,93.439952,Yale,USA
Mikal Bridges,PHX,25,198.12,94.800728,Villanova,USA
Monte Morris,DEN,27,187.96,83.007336,Iowa State,USA
Matt Mooney,NYK,27,187.96,90.264808,Texas Tech,USA
Mason Plumlee,CHA,32,210.82,115.212368,Duke,USA
Malik Fitts,BOS,24,195.58,104.32616,None,USA
Malik Monk,LAL,24,190.5,90.7184,Kentucky,USA
Malik Newman,CLE,25,190.5,86.18248,Kansas,USA
Mamadi Diakite,OKC,25,205.74,103.418976,Virginia,Guinea
Marcus Garrett,MIA,23,195.58,92.98636,Kansas,USA
Marcus Morris Sr.,LAC,32,203.2,98.883056,Kansas,USA
Matisse Thybulle,PHI,25,195.58,91.171992,Washington,USA
Marcus Smart,BOS,28,193.04,99.79024,Oklahoma State,USA
Markieff Morris,MIA,32,205.74,111.13004,Kansas,USA
Marko Simonovic,CHI,22,210.82,99.79024,None,Montenegro
Markus Howard,DEN,23,177.8,79.3786,Marquette,USA
Marquese Chriss,DAL,24,205.74,108.86208,Washington,USA
Marvin Bagley III,DET,23,210.82,106.59412,Duke,USA
Mason Jones,LAL,23,193.04,90.7184,Arkansas,USA
Markelle Fultz,ORL,24,193.04,94.800728,Washington,USA
Rudy Gay,UTA,35,203.2,113.398,Connecticut,USA
Micah Potter,DET,24,208.28,112.490816,Wisconsin,USA
Rui Hachimura,WAS,24,203.2,104.32616,Gonzaga,Japan
Justin Champagnie,TOR,21,198.12,93.439952,Pittsburgh,USA
Justin Holiday,SAC,33,198.12,81.64656,Washington,USA
Justin Jackson,PHX,27,203.2,99.79024,UNC,USA
Justin Robinson,DET,24,185.42,88.45044,Virginia Tech,USA
Justise Winslow,POR,26,198.12,100.697424,Duke,USA
Jusuf Nurkic,POR,27,210.82,131.54168,None,Bosnia and Herzegovina
Juwan Morgan,BOS,25,200.66,105.233344,Indiana,USA
KZ Okpala,MIA,23,203.2,97.52228,Stanford,USA
Kai Jones,CHA,21,208.28,100.243832,Texas-Austin,Bahamas
Karl-Anthony Towns,MIN,26,210.82,112.490816,Kentucky,USA
Keifer Sykes,IND,28,180.34,75.749864,Wisc.-Green Bay,USA
Keita Bates-Diop,SAS,26,203.2,103.872568,Ohio State,USA
Kelan Martin,BOS,26,195.58,104.32616,Butler,USA
Keldon Johnson,SAS,22,198.12,99.79024,Kentucky,USA
Keljin Blevins,POR,26,193.04,90.7184,Montana State,USA
Kelly Olynyk,DET,31,210.82,108.86208,Gonzaga,Canada
Kelly Oubre Jr.,CHA,26,198.12,92.079176,Kansas,USA
Kevon Looney,GSW,26,205.74,100.697424,UCLA,USA
Kevin Porter Jr.,HOU,22,193.04,92.079176,Southern California,USA
Kevin Pangos,CLE,29,185.42,81.192968,Gonzaga,Canada
Kevin Love,CLE,33,203.2,113.851592,UCLA,USA
Kevin Knox II,ATL,22,200.66,97.52228,Kentucky,USA
Kevin Huerter,ATL,23,200.66,89.811216,Maryland,USA
Justin Anderson,IND,28,195.58,104.779752,Virginia,USA
Kevin Durant,BKN,33,208.28,108.86208,Texas-Austin,USA
Keon Johnson,POR,20,193.04,83.91452,Tennessee,USA
Kenyon Martin Jr.,HOU,21,195.58,97.52228,None,USA
Kentavious Caldwell-Pope,WAS,29,195.58,92.532768,Georgia,USA
Kent Bazemore,LAL,32,193.04,88.45044,Old Dominion,USA
Kenrich Williams,OKC,27,198.12,95.25432,TCU,USA
Kemba Walker,NYK,32,182.88,83.460928,Connecticut,USA
Kessler Edwards,BKN,21,200.66,92.079176,Pepperdine,USA
Julius Randle,NYK,27,203.2,113.398,Kentucky,USA
Juancho Hernangomez,UTA,26,205.74,97.068688,None,Spain
Juan Toscano-Anderson,GSW,29,198.12,94.800728,Marquette,USA
Jon Teske,MEM,25,215.9,120.20188,Michigan,USA
John Konchar,MEM,26,195.58,95.25432,Indiana-Purdue Fort Wayne,USA
John Collins,ATL,24,205.74,102.511792,Wake Forest,USA
Joel Embiid,PHI,28,213.36,127.00576,Kansas,Cameroon
Joel Ayayi,WAS,22,193.04,81.64656,Gonzaga,France
Joe Wieskamp,SAS,22,198.12,92.98636,Iowa,USA
Jonas Valanciunas,NOP,30,210.82,120.20188,None,Lithuania
Joe Johnson,BOS,41,200.66,108.86208,Arkansas,USA
Joe Harris,BKN,30,198.12,99.79024,Virginia,USA
Jock Landale,SAS,26,210.82,115.66596,None,Australia
Jimmy Butler,MIA,32,200.66,104.32616,Marquette,USA
Jevon Carter,MIL,26,185.42,90.7184,West Virginia,USA
Rudy Gobert,UTA,30,215.9,117.026736,None,France
Jericho Sims,NYK,23,205.74,113.398,Texas-Austin,USA
Joe Ingles,POR,34,203.2,99.79024,None,Australia
Khem Birch,TOR,29,205.74,105.686936,UNLV,Canada
Jonathan Kuminga,GSW,19,200.66,102.0582,None,DRC
Jordan Clarkson,UTA,30,193.04,87.996848,Missouri,USA
Jrue Holiday,MIL,32,190.5,92.98636,UCLA,USA
Josh Richardson,SAS,28,195.58,90.7184,Tennessee,USA
Josh Okogie,MIN,23,193.04,96.615096,Georgia Tech,Nigeria
Josh Jackson,SAC,25,203.2,93.893544,Kansas,USA
Josh Hart,POR,27,195.58,97.52228,Villanova,USA
Josh Green,DAL,21,195.58,90.7184,Arizona,Australia
Jordan Bell,CHI,27,200.66,97.975872,Oregon,USA
Josh Giddey,OKC,19,203.2,92.98636,None,Australia
Jose Alvarado,NOP,24,182.88,81.192968,Georgia Tech,USA
Jordan Schakel,WAS,24,198.12,90.7184,San Diego State,USA
Jordan Poole,GSW,23,193.04,87.996848,Michigan,USA
Jordan Nwora,MIL,23,203.2,102.0582,Louisville,USA
Darius Garland,CLE,22,185.42,87.089664,Vanderbilt,USA
Jordan Goodwin,WAS,23,190.5,90.7184,St. Louis,USA
Josh Christopher,HOU,20,190.5,97.52228,Arizona State,USA
Khris Middleton,MIL,30,200.66,100.697424,Texas A&M,USA
Joshua Primo,SAS,19,193.04,85.728888,Alabama,Canada
Killian Tillie,MEM,24,205.74,99.79024,Gonzaga,France
Shaq Buchanan,MEM,25,190.5,86.18248,Murray State,USA
Shaquille Harrison,BKN,28,193.04,88.45044,Tulsa,USA
Sharife Cooper,ATL,21,185.42,79.832192,Auburn,USA
Skylar Mays,ATL,24,193.04,92.98636,Louisiana State,USA
Solomon Hill,ATL,31,198.12,102.511792,Arizona,USA
Spencer Dinwiddie,DAL,29,198.12,97.52228,Colorado,USA
Shake Milton,PHI,25,195.58,92.98636,Southern Methodist,USA
Stanley Johnson,LAL,26,198.12,109.769264,Arizona,USA
Sterling Brown,DAL,27,195.58,99.336648,Southern Methodist,USA
Steven Adams,MEM,28,210.82,120.20188,Pittsburgh,New Zealand
Svi Mykhailiuk,TOR,25,200.66,92.98636,Kansas,Ukraine
T.J. McConnell,IND,30,185.42,86.18248,Arizona,USA
Tacko Fall,CLE,26,228.6,141.067112,UCF,Senegal
Taj Gibson,NYK,37,205.74,105.233344,Southern California,USA
Stephen Curry,GSW,34,187.96,83.91452,Davidson,USA
Talen Horton-Tucker,LAL,21,193.04,106.140528,Iowa State,USA
Seth Curry,BKN,31,187.96,83.91452,Duke,USA
Semi Ojeleye,LAC,27,198.12,108.86208,Southern Methodist,USA
Russell Westbrook,LAL,33,190.5,90.7184,UCLA,USA
Ryan Arcidiacono,NYK,28,190.5,88.45044,Villanova,USA
Killian Hayes,DET,20,195.58,88.45044,None,France
Saben Lee,DET,23,187.96,83.007336,Vanderbilt,USA
Saddiq Bey,DET,23,200.66,97.52228,Villanova,USA
Sam Dekker,TOR,28,203.2,99.336648,Wisconsin,USA
Serge Ibaka,MIL,32,208.28,106.59412,None,Republic of the Congo
Sam Hauser,BOS,24,200.66,98.429464,Virginia,USA
Sandro Mamukelashvili,MIL,23,205.74,108.86208,Seton Hall,Georgia
Santi Aldama,MEM,21,210.82,97.52228,Loyola-Maryland,Spain
Scottie Barnes,TOR,20,200.66,102.0582,Florida State,USA
Scottie Lewis,CHA,22,195.58,83.91452,Florida,USA
Scotty Hopson,OKC,32,200.66,92.532768,Tennessee,USA
Sekou Doumbouya,LAL,21,205.74,104.32616,None,France
Sam Merrill,MEM,26,193.04,92.98636,Utah State,USA
Taurean Prince,MIN,28,198.12,98.883056,Baylor,USA
Shai Gilgeous-Alexander,OKC,23,198.12,81.64656,Kentucky,Canada
Terence Davis,SAC,25,193.04,91.171992,Mississippi,USA
Tre Jones,SAS,22,185.42,83.91452,Duke,USA
Tre Mann,OKC,21,190.5,80.739376,Florida,USA
Tremont Waters,WAS,24,177.8,79.3786,LSU,USA
Trendon Watford,POR,21,203.2,107.501304,Louisiana State,USA
Kira Lewis Jr.,NOP,21,185.42,77.11064,Alabama,USA
Trevelin Queen,HOU,25,198.12,86.18248,New Mexico State,USA
Trayvon Palmer,DET,27,198.12,90.7184,Chicago St.,USA
Trevon Scott,CLE,25,203.2,102.0582,Cincinnati,USA
Trey Burke,DAL,29,182.88,83.91452,Michigan,USA
Trey Lyles,SAC,26,205.74,106.140528,Kentucky,Canada
Trey Murphy III,NOP,22,203.2,93.439952,Virginia,USA
Terance Mann,LAC,25,195.58,97.52228,Florida State,USA
Tristan Thompson,CHI,31,205.74,115.212368,Texas-Austin,Canada
Klay Thompson,GSW,32,198.12,99.79024,Washington State,USA
Trevor Ariza,LAL,37,203.2,97.52228,UCLA,USA
Trae Young,ATL,23,185.42,74.389088,Oklahoma,USA
Trent Forrest,UTA,24,193.04,95.25432,Florida State,USA
Theo Maledon,OKC,21,193.04,79.3786,None,France
Terrence Ross,ORL,31,198.12,93.439952,Washington,USA
Terry Taylor,IND,22,195.58,104.32616,Austin Peay,USA
Thaddeus Young,TOR,34,203.2,106.59412,Georgia Tech,USA
Thanasis Antetokounmpo,MIL,29,198.12,99.336648,None,Greece
Theo Pinson,DAL,26,195.58,96.161504,North Carolina,USA
Thomas Bryant,WAS,24,208.28,112.490816,Indiana,USA
Torrey Craig,PHX,31,200.66,100.243832,South Carolina Upstate,USA
Tim Frazier,CLE,31,182.88,77.11064,Penn State,USA
Tim Hardaway Jr.,DAL,30,195.58,92.98636,Michigan,USA
Timothe Luwawu-Cabarrot,ATL,27,200.66,97.52228,None,France
Tobias Harris,PHI,29,200.66,102.511792,Tennessee,USA
Tomas Satoransky,WAS,30,200.66,95.25432,None,Czech Republic
Tony Bradley,CHI,24,208.28,112.490816,North Carolina,USA
Tony Snell,NOP,30,198.12,96.615096,New Mexico,USA
Terry Rozier,CHA,28,185.42,86.18248,Louisville,USA
Quentin Grimes,NYK,23,195.58,95.25432,Houston,USA
Quenton Jackson,WAS,24,195.58,78.471416,Texas A&M,USA
Pat Connaughton,MIL,30,195.58,94.800728,Notre Dame,USA
RJ Barrett,NYK,23,198.12,97.068688,Duke,Canada
Precious Achiuwa,TOR,23,203.2,102.0582,Memphis,Nigeria
RaiQuan Gray,BKN,23,200.66,122.016248,Florida State,USA
R.J. Hampton,DET,22,193.04,79.3786,None,USA
Peyton Watson,DEN,20,200.66,90.7184,UCLA,USA
Patrick Beverley,CHI,34,187.96,81.64656,Arkansas,USA
Paul Reed,PHI,24,205.74,95.25432,DePaul,USA
Paul George,LAC,33,203.2,99.79024,Fresno State,USA
Patty Mills,BKN,34,182.88,81.64656,St. Mary's,Australia
Pascal Siakam,TOR,29,203.2,104.32616,New Mexico State,Cameroon
Patrick Williams,CHI,21,200.66,97.52228,Florida State,USA
Patrick Baldwin,GSW,20,205.74,99.79024,Wisconsin-Milwaukee,USA
Raul Neto,CLE,31,187.96,81.64656,None,Brazil
Payton Pritchard,BOS,25,185.42,88.45044,Oregon,USA
Reggie Bullock,DAL,32,198.12,92.98636,North Carolina,USA
Russell Westbrook,LAC,34,190.5,90.7184,UCLA,USA
Richaun Holmes,SAC,29,203.2,106.59412,Bowling Green,USA
Saddiq Bey,ATL,24,200.66,97.52228,Villanova,USA
Paolo Banchero,ORL,20,208.28,113.398,Duke,USA
Sam Hauser,BOS,25,200.66,98.429464,Virginia,USA
Saben Lee,PHX,24,187.96,83.007336,Vanderbilt,USA
Ryan Rollins,GSW,20,190.5,81.64656,Toledo,USA
Ryan Arcidiacono,POR,29,190.5,88.45044,Villanova,USA
Rui Hachimura,LAL,25,203.2,104.32616,Gonzaga,Japan
Rudy Gobert,MIN,31,215.9,117.026736,None,France
Rudy Gay,UTA,36,203.2,113.398,Connecticut,USA
Royce O'Neale,BKN,30,198.12,102.511792,Baylor,USA
Ron Harper Jr.,TOR,23,195.58,111.13004,Rutgers,USA
Romeo Langford,SAS,23,195.58,97.975872,Indiana,USA
Rodney McGruder,DET,31,193.04,92.98636,Kansas State,USA
Robin Lopez,CLE,35,213.36,127.459352,Stanford,USA
Robert Williams III,BOS,25,205.74,107.501304,Texas A&M,USA
Robert Covington,LAC,32,200.66,94.800728,Tennessee State,USA
Ricky Rubio,CLE,32,187.96,86.18248,None,Spain
Reggie Jackson,DEN,33,187.96,94.347136,Boston College,USA
PJ Dozier,SAC,26,198.12,92.98636,South Carolina,USA
Montrezl Harrell,PHI,29,200.66,108.86208,Louisville,USA
P.J. Tucker,PHI,38,195.58,111.13004,Texas,USA
Naz Reid,MIN,23,205.74,119.748288,Louisiana State,USA
Nathan Knight,MIN,25,203.2,114.758776,William & Mary,USA
Nassir Little,POR,23,195.58,99.79024,North Carolina,USA
Naji Marshall,NOP,25,200.66,99.79024,Xavier,USA
Myles Turner,IND,27,210.82,113.398,Texas,USA
Moussa Diabate,LAC,21,208.28,95.25432,Michigan,France
Moses Moody,GSW,21,195.58,95.707912,Arkansas,USA
Moses Brown,BKN,23,218.44,111.13004,UCLA,USA
Moritz Wagner,ORL,26,210.82,111.13004,Michigan,Germany
Monte Morris,WAS,28,187.96,83.007336,Iowa State,USA
Mo Bamba,LAL,25,213.36,104.779752,Texas,USA
Mitchell Robinson,NYK,25,213.36,108.86208,Western Kentucky,USA
Miles McBride,NYK,22,187.96,88.45044,West Virginia,USA
Mike Muscala,BOS,31,210.82,108.86208,Bucknell,USA
Mike Conley,MIN,35,185.42,79.3786,Ohio State,USA
Sam Merrill,CLE,27,193.04,92.98636,Utah State,USA
Mikal Bridges,BKN,26,198.12,94.800728,Villanova,USA
Neemias Queta,SAC,23,213.36,112.490816,Utah State,Portugal
P.J. Washington,CHA,24,200.66,104.32616,Kentucky,USA
Nerlens Noel,BKN,29,208.28,99.79024,Kentucky,USA
Nick Richards,CHA,25,213.36,111.13004,Kentucky,Jamaica
Ousmane Dieng,OKC,20,205.74,83.91452,None,France
Otto Porter Jr.,TOR,30,203.2,89.811216,Georgetown,USA
Oshae Brissett,IND,25,200.66,95.25432,Syracuse,Canada
Orlando Robinson,MIA,22,208.28,106.59412,Fresno State,USA
Onyeka Okongwu,ATL,22,205.74,108.86208,Southern California,USA
Omer Yurtseven,MIA,25,210.82,124.7378,Georgetown,Turkey
Olivier Sarr,OKC,24,210.82,108.86208,Kentucky,France
Ochai Agbaji,UTA,23,195.58,97.52228,Kansas,USA
Obi Toppin,NYK,25,205.74,99.79024,Dayton,USA
O.G. Anunoby,TOR,25,200.66,105.233344,Indiana,United Kingdom
Norman Powell,LAC,30,193.04,97.52228,UCLA,USA
Noah Vonleh,BOS,27,208.28,116.573144,Indiana,USA
Nikola Vucevic,CHI,32,208.28,117.93392,Southern California,Montenegro
Nikola Jovic,MIA,20,208.28,92.98636,None,Serbia
Nikola Jokic,DEN,28,210.82,128.820128,None,Serbia
Nicolas Batum,LAC,34,203.2,104.32616,None,France
Nickeil Alexander-Walker,MIN,24,195.58,92.98636,Virginia Tech,Canada
Nic Claxton,BKN,24,210.82,97.52228,Georgia,USA
Sandro Mamukelashvili,SAS,24,208.28,108.86208,Seton Hall,Georgia
Wesley Matthews,MIL,36,195.58,99.79024,Marquette,USA
Scottie Barnes,TOR,21,203.2,102.0582,Florida State,USA
Vernon Carey Jr.,UTA,22,208.28,122.46984,Duke,USA
Usman Garuba,HOU,21,203.2,103.872568,None,Spain
Udonis Haslem,MIA,43,200.66,106.59412,Florida,USA
Udoka Azubuike,UTA,23,210.82,122.46984,Kansas,Nigeria
Tyus Jones,MEM,27,187.96,88.904032,Duke,USA
Tyrese Maxey,PHI,22,187.96,90.7184,Kentucky,USA
Tyrese Martin,ATL,24,198.12,97.52228,Connecticut,USA
Tyrese Haliburton,IND,23,195.58,83.91452,Iowa State,USA
Tyler Herro,MIA,23,195.58,88.45044,Kentucky,USA
Tyler Dorsey,DAL,27,193.04,81.64656,Oregon,USA
TyTy Washington Jr.,HOU,21,190.5,88.45044,Kentucky,USA
Ty Jerome,GSW,25,195.58,88.45044,Virginia,USA
Troy Brown Jr.,LAL,23,200.66,97.52228,Oregon,USA
Trey Murphy III,NOP,23,203.2,93.439952,Virginia,USA
Trey Lyles,SAC,27,205.74,106.140528,Kentucky,Canada
Trevor Keels,NYK,19,193.04,100.243832,Duke,USA
Trevor Hudgins,HOU,24,182.88,81.64656,Northwest Missouri State,USA
Victor Oladipo,MIA,31,190.5,96.615096,Indiana,USA
Trevelin Queen,IND,26,198.12,86.18248,New Mexico State,USA
Vince Williams Jr.,MEM,22,193.04,92.98636,Virginia Commonwealth,USA
Vlatko Cancar,DEN,26,203.2,107.047712,None,Slovenia
Michael Porter Jr.,DEN,25,208.28,98.883056,Missouri,USA
Zion Williamson,NOP,22,198.12,128.820128,Duke,USA
Ziaire Williams,MEM,21,205.74,83.91452,Stanford,USA
Zeke Nnaji,DEN,22,205.74,108.86208,Arizona,USA
Zach LaVine,CHI,28,195.58,90.7184,UCLA,USA
Zach Collins,SAS,25,210.82,113.398,Gonzaga,USA
Yuta Watanabe,BKN,28,203.2,97.52228,George Washington,Japan
Xavier Tillman,MEM,24,200.66,111.13004,Michigan State,USA
Xavier Sneed,CHA,25,195.58,97.52228,Kansas State,USA
Xavier Moon,LAC,28,182.88,74.84268,Morehead State,USA
Xavier Cooks,WAS,27,203.2,83.007336,Winthrop,Australia
Willy Hernangomez,NOP,29,210.82,113.398,None,Spain
Will Barton,TOR,32,195.58,82.100152,Memphis,USA
Wenyen Gabriel,LAL,26,205.74,92.98636,Kentucky,South Sudan
Wendell Moore Jr.,MIN,21,195.58,97.52228,Duke,USA
Wendell Carter Jr.,ORL,24,208.28,122.46984,Duke,USA
Walker Kessler,UTA,21,213.36,111.13004,Auburn,USA
Vit Krejci,ATL,23,203.2,88.45044,None,Czech Republic
Santi Aldama,MEM,22,213.36,97.52228,Loyola-Maryland,Spain
Trent Forrest,ATL,25,193.04,95.25432,Florida State,USA
Tre Mann,OKC,22,190.5,80.739376,Florida,USA
T.J. McConnell,IND,31,185.42,86.18248,Arizona,USA
Svi Mykhailiuk,CHA,26,200.66,92.98636,Kansas,Ukraine
Steven Adams,MEM,29,210.82,120.20188,Pittsburgh,New Zealand
Sterling Brown,LAL,28,195.58,99.336648,Southern Methodist,USA
Stephen Curry,GSW,35,187.96,83.91452,Davidson,USA
Stanley Umude,DET,24,198.12,95.25432,Arkansas,USA
Stanley Johnson,SAS,27,198.12,109.769264,Arizona,USA
Spencer Dinwiddie,BKN,30,195.58,97.52228,Colorado,USA
Skylar Mays,POR,25,193.04,92.98636,Louisiana State,USA
Simone Fontecchio,UTA,27,200.66,94.800728,None,Italy
Shaquille Harrison,LAL,29,193.04,88.45044,Tulsa,USA
Shake Milton,PHI,26,195.58,92.98636,Southern Methodist,USA
Shai Gilgeous-Alexander,OKC,24,198.12,88.45044,Kentucky,Canada
Shaedon Sharpe,POR,20,195.58,90.7184,Kentucky,Canada
Seth Curry,BKN,32,185.42,83.91452,Duke,USA
Serge Ibaka,MIL,33,210.82,106.59412,None,Democratic Republic of the Congo
Scotty Pippen Jr.,LAL,22,185.42,77.11064,Vanderbilt,USA
T.J. Warren,PHX,29,203.2,99.79024,North Carolina State,USA
Trendon Watford,POR,22,203.2,107.501304,Louisiana State,USA
Taj Gibson,WAS,38,205.74,105.233344,Southern California,USA
Tari Eason,HOU,22,203.2,97.52228,Louisiana State,USA
Tre Jones,SAS,23,185.42,83.91452,Duke,USA
Trae Young,ATL,24,185.42,74.389088,Oklahoma,USA
Torrey Craig,PHX,32,200.66,100.243832,South Carolina Upstate,USA
Tony Bradley,CHI,25,210.82,112.490816,North Carolina,USA
Tobias Harris,PHI,30,200.66,102.511792,Tennessee,USA
Tim Hardaway Jr.,DAL,31,195.58,92.98636,Michigan,USA
Thomas Bryant,DEN,25,208.28,112.490816,Indiana,USA
Theo Pinson,DAL,27,200.66,96.161504,North Carolina,USA
Theo Maledon,CHA,22,195.58,79.3786,None,France
Thanasis Antetokounmpo,MIL,30,200.66,99.336648,None,Greece
Thaddeus Young,TOR,35,203.2,106.59412,Georgia Tech,USA
Terry Taylor,CHI,23,193.04,104.32616,Austin Peay,USA
Terry Rozier,CHA,29,185.42,86.18248,Louisville,USA
Terrence Ross,PHX,32,200.66,93.439952,Washington,USA
Terence Davis,SAC,26,193.04,91.171992,Mississippi,USA
Terance Mann,LAC,26,195.58,97.52228,Florida State,USA
Taurean Prince,MIN,29,198.12,98.883056,Baylor,USA
Talen Horton-Tucker,UTA,22,193.04,106.140528,Iowa State,USA
Michael Foster Jr.,PHI,20,203.2,113.398,None,USA
Lindell Wigginton,MIL,25,185.42,85.728888,Iowa State,Canada
Micah Potter,UTA,25,203.2,112.490816,Wisconsin,USA
Dennis Smith Jr.,CHA,25,187.96,92.98636,North Carolina State,USA
Deonte Burton,SAC,29,193.04,108.86208,Iowa State,USA
Dereon Seabron,NOP,23,195.58,81.64656,North Carolina State,USA
Derrick Jones Jr.,CHI,26,198.12,95.25432,UNLV,USA
Derrick Rose,NYK,34,190.5,90.7184,Memphis,USA
Derrick White,BOS,28,193.04,86.18248,Colorado,USA
Desmond Bane,MEM,25,195.58,97.52228,TCU,USA
Devin Booker,PHX,26,195.58,93.439952,Kentucky,USA
Devin Vassell,SAS,22,195.58,90.7184,Florida State,USA
Devon Dotson,WAS,23,185.42,83.91452,Kansas,USA
Devonte' Graham,SAS,28,185.42,88.45044,Kansas,USA
Dewayne Dedmon,PHI,33,208.28,111.13004,Southern California,USA
Dillon Brooks,MEM,27,198.12,102.0582,Oregon,Canada
Domantas Sabonis,SAC,27,215.9,108.86208,Gonzaga,Lithuania
Dominick Barlow,SAS,20,205.74,97.52228,None,USA
Donovan Mitchell,CLE,26,185.42,97.52228,Louisville,USA
Donovan Williams,ATL,21,198.12,86.18248,UNLV,USA
Donte DiVincenzo,GSW,26,193.04,92.079176,Villanova,USA
Dorian Finney-Smith,BKN,30,200.66,99.79024,Florida,USA
Dennis Schroder,LAL,29,185.42,78.017824,None,Germany
Doug McDermott,SAS,31,198.12,102.0582,Creighton,USA
Deni Avdija,WAS,22,205.74,95.25432,None,Israel
Dejounte Murray,ATL,26,195.58,81.64656,Washington,USA
Danny Green,CLE,36,198.12,97.52228,North Carolina,USA
Danuel House Jr.,PHI,30,198.12,99.79024,Texas A&M,USA
Dario Saric,OKC,29,208.28,102.0582,None,Croatia
Darius Bazley,PHX,23,205.74,97.975872,None,USA
Darius Days,HOU,23,200.66,111.13004,Louisiana State,USA
Darius Garland,CLE,23,185.42,87.089664,Vanderbilt,USA
David Duke Jr.,BKN,23,193.04,92.532768,Providence,USA
David Roddy,MEM,22,193.04,115.66596,Colorado State,USA
Davion Mitchell,SAC,24,182.88,91.625584,Baylor,USA
Davis Bertans,DAL,30,208.28,102.0582,None,Latvia
Davon Reed,LAL,28,195.58,93.439952,Miami,USA
Day'Ron Sharpe,BKN,21,205.74,120.20188,North Carolina,USA
De'Aaron Fox,SAC,25,190.5,83.91452,Kentucky,USA
De'Andre Hunter,ATL,25,203.2,100.243832,Virginia,USA
De'Anthony Melton,PHI,25,187.96,90.7184,Southern California,USA
DeAndre Jordan,DEN,34,210.82,120.20188,Texas A&M,USA
DeMar DeRozan,CHI,33,198.12,99.79024,Southern California,USA
Dean Wade,CLE,26,205.74,103.418976,Kansas State,USA
Deandre Ayton,PHX,24,213.36,113.398,Arizona,Bahamas
Delon Wright,WAS,31,195.58,83.91452,Utah,USA
Draymond Green,GSW,33,198.12,104.32616,Michigan State,USA
Drew Eubanks,POR,26,208.28,111.13004,Oregon State,USA
Dru Smith,BKN,25,190.5,92.079176,Missouri,USA
George Hill,IND,37,193.04,85.275296,Indiana-Purdue Indianapolis,USA
Georges Niang,PHI,30,200.66,104.32616,Iowa State,USA
Giannis Antetokounmpo,MIL,28,213.36,110.222856,None,Greece
Goga Bitadze,ORL,23,210.82,113.398,None,Georgia
Goran Dragic,MIL,37,193.04,86.18248,None,Slovenia
Gordon Hayward,CHA,33,200.66,102.0582,Butler,USA
Gorgui Dieng,SAS,33,208.28,112.490816,Louisville,Senegal
Grant Williams,BOS,24,198.12,107.047712,Tennessee,USA
Grayson Allen,MIL,27,193.04,89.811216,Duke,USA
Greg Brown III,POR,21,200.66,93.439952,Texas,USA
Hamidou Diallo,DET,24,195.58,91.625584,Kentucky,USA
Harrison Barnes,SAC,31,203.2,102.0582,North Carolina,USA
Haywood Highsmith,MIA,26,195.58,99.79024,Wheeling Jesuit,USA
Herbert Jones,NOP,24,200.66,93.439952,Alabama,USA
Immanuel Quickley,NYK,24,187.96,86.18248,Kentucky,USA
Isaac Okoro,CLE,22,195.58,102.0582,Auburn,USA
Isaiah Hartenstein,NYK,25,213.36,113.398,None,Germany
Isaiah Jackson,IND,21,205.74,92.98636,Kentucky,USA
Isaiah Joe,OKC,23,190.5,74.84268,Arkansas,USA
Gary Trent Jr.,TOR,24,195.58,94.800728,Duke,USA
Gary Payton II,GSW,30,187.96,88.45044,Oregon State,USA
Gary Harris,ORL,28,193.04,95.25432,Michigan State,USA
Garrison Mathews,ATL,26,198.12,97.52228,Lipscomb,USA
Duane Washington Jr.,NYK,23,187.96,89.357624,Ohio State,Germany
Duncan Robinson,MIA,29,200.66,97.52228,Michigan,USA
Dwight Powell,DAL,31,208.28,108.86208,Stanford,Canada
Dylan Windler,CLE,26,200.66,88.904032,Belmont,USA
Dyson Daniels,NOP,20,200.66,90.264808,None,Australia
Edmond Sumner,BKN,27,193.04,88.904032,Xavier,USA
Eric Gordon,LAC,34,190.5,97.52228,Indiana,USA
Eugene Omoruyi,DET,26,198.12,106.59412,Oregon,Nigeria
Evan Fournier,NYK,30,198.12,92.98636,None,France
Daniel Theis,IND,31,203.2,111.13004,None,Germany
Evan Mobley,CLE,22,210.82,97.52228,Southern California,USA
Frank Jackson,UTA,25,190.5,92.98636,Duke,USA
Frank Kaminsky,HOU,30,213.36,108.86208,Wisconsin,USA
Frank Ntilikina,DAL,24,193.04,90.7184,None,France
Franz Wagner,ORL,21,208.28,99.79024,Michigan,Germany
Fred VanVleet,TOR,29,182.88,89.357624,Wichita State,USA
Furkan Korkmaz,PHI,25,200.66,91.625584,None,Turkey
Gabe Vincent,MIA,27,187.96,90.7184,California-Santa Barbara,USA
Gabe York,IND,29,190.5,86.18248,Arizona,USA
Garrett Temple,NOP,37,198.12,88.45044,Louisiana State,USA
Facundo Campazzo,DAL,32,177.8,88.45044,None,Argentina
Daniel Gafford,WAS,24,208.28,106.140528,Arkansas,USA
Damion Lee,PHX,30,195.58,95.25432,Drexel,USA
Damian Lillard,POR,32,187.96,88.45044,Weber State,USA
Anthony Gill,WAS,30,203.2,104.32616,Virginia,USA
Anthony Lamb,GSW,25,198.12,102.965384,Vermont,USA
Austin Reaves,LAL,25,195.58,89.357624,Oklahoma,USA
Austin Rivers,MIN,30,193.04,90.7184,Duke,USA
Ayo Dosunmu,CHI,23,195.58,90.7184,Illinois,USA
Bam Adebayo,MIA,25,205.74,115.66596,Kentucky,USA
Ben Simmons,BKN,26,208.28,108.86208,Louisiana State,Australia
Bennedict Mathurin,IND,21,195.58,95.25432,Arizona,Canada
Bismack Biyombo,PHX,30,203.2,115.66596,None,DRC
Blake Griffin,BOS,34,205.74,113.398,Oklahoma,USA
Blake Wesley,SAS,20,193.04,83.91452,Notre Dame,USA
Boban Marjanovic,HOU,34,223.52,131.54168,None,Serbia
Bobby Portis,MIL,28,210.82,113.398,Arkansas,USA
Bogdan Bogdanovic,ATL,30,195.58,102.0582,None,Serbia
Bojan Bogdanovic,DET,34,200.66,102.511792,None,Croatia
Bol Bol,ORL,23,218.44,99.79024,Oregon,Sudan
Bones Hyland,LAC,22,187.96,76.657048,Virginia Commonwealth,USA
Bradley Beal,WAS,30,193.04,93.893544,Florida,USA
Brandon Boston Jr.,LAC,21,198.12,85.275296,Kentucky,USA
Anthony Edwards,MIN,21,193.04,102.0582,Georgia,USA
Anthony Davis,LAL,30,208.28,114.758776,Kentucky,USA
Anfernee Simons,POR,24,190.5,82.100152,None,USA
Andrew Wiggins,GSW,28,200.66,89.357624,Kansas,Canada
A.J. Lawson,DAL,22,198.12,81.192968,South Carolina,Canada
AJ Green,MIL,23,195.58,86.18248,Northern Iowa,USA
AJ Griffin,ATL,19,198.12,99.79024,Duke,USA
Aaron Gordon,DEN,27,203.2,106.59412,Arizona,USA
Aaron Holiday,ATL,26,182.88,83.91452,UCLA,USA
Aaron Nesmith,IND,23,195.58,97.52228,Vanderbilt,USA
Aaron Wiggins,OKC,24,195.58,86.18248,Maryland,USA
Admiral Schofield,ORL,26,195.58,109.315672,Tennessee,United Kingdom
Al Horford,BOS,37,205.74,108.86208,Florida,Dominican Republic
Brandon Clarke,MEM,26,203.2,97.52228,Gonzaga,Canada
Alec Burks,DET,31,198.12,97.068688,Colorado,USA
Alex Caruso,CHI,29,195.58,84.368112,Texas A&M,USA
Alex Len,SAC,30,218.44,113.398,Maryland,Ukraine
Alize Johnson,SAS,27,203.2,96.161504,Missouri State,USA
Alondes Williams,BKN,24,193.04,95.25432,Wake Forest,USA
Alperen Sengun,HOU,20,210.82,110.222856,None,Turkey
Amir Coffey,LAC,26,200.66,95.25432,Minnesota,USA
Andre Drummond,CHI,29,210.82,126.552168,Connecticut,USA
Andre Iguodala,GSW,39,198.12,97.52228,Arizona,USA
Andrew Nembhard,IND,23,190.5,86.636072,Gonzaga,Canada
Aleksej Pokusevski,OKC,21,213.36,95.25432,None,Serbia
Isaiah Livers,DET,24,198.12,105.233344,Michigan,USA
Brandon Ingram,NOP,25,203.2,86.18248,Duke,USA
Brook Lopez,MIL,35,215.9,127.912944,Stanford,USA
Chris Silva,DAL,26,203.2,106.140528,South Carolina,Gabon
Christian Braun,DEN,22,198.12,99.79024,Kansas,USA
Christian Koloko,TOR,23,213.36,104.32616,Arizona,Cameroon
Christian Wood,DAL,27,205.74,97.068688,UNLV,USA
Chuma Okeke,ORL,24,203.2,103.872568,Auburn,USA
Clint Capela,ATL,29,208.28,116.119552,None,Switzerland
Coby White,CHI,23,195.58,88.45044,North Carolina,USA
Cody Martin,CHA,27,198.12,92.98636,Nevada,USA
Cody Zeller,MIA,30,210.82,108.86208,Indiana,USA
Cole Anthony,ORL,23,190.5,83.91452,North Carolina,USA
Cole Swider,LAL,24,205.74,99.79024,Syracuse,USA
Collin Sexton,UTA,24,187.96,86.18248,Alabama,USA
Corey Kispert,WAS,24,198.12,101.604608,Gonzaga,USA
Cory Joseph,DET,31,190.5,90.7184,Texas,Canada
D'Angelo Russell,LAL,27,193.04,87.543256,Ohio State,USA
Daishen Nix,HOU,21,193.04,102.511792,None,USA
Dalano Banton,TOR,23,200.66,92.532768,Nebraska,Canada
Dalen Terry,CHI,20,200.66,88.45044,Arizona,USA
Damian Jones,UTA,28,210.82,111.13004,Vanderbilt,USA
Chris Paul,PHX,38,182.88,79.3786,Wake Forest,USA
Chris Duarte,IND,26,195.58,86.18248,Oregon,Dominican Republic
Chris Boucher,TOR,30,205.74,90.7184,Oregon,Saint Lucia
Chimezie Metu,SAC,26,205.74,102.0582,Southern California,USA
Bruce Brown,DEN,26,193.04,91.625584,Miami,USA
Bruno Fernando,ATL,24,208.28,108.86208,Maryland,Angola
Bryce McGowens,CHA,20,198.12,79.3786,Nebraska,USA
Bryn Forbes,MIN,29,187.96,92.98636,Michigan State,USA
Buddy Boeheim,DET,23,198.12,92.98636,Syracuse,USA
Buddy Hield,IND,30,193.04,99.79024,Oklahoma,Bahamas
CJ McCollum,NOP,31,190.5,86.18248,Lehigh,USA
Cade Cunningham,DET,21,200.66,99.79024,Oklahoma State,USA
Caleb Houstan,ORL,20,203.2,92.98636,Michigan,Canada
Braxton Key,DET,26,203.2,102.0582,Virginia,USA
Caleb Martin,MIA,27,195.58,92.98636,Nevada,USA
Cam Thomas,BKN,21,190.5,95.25432,Louisiana State,Japan
Cameron Johnson,BKN,27,203.2,95.25432,North Carolina,USA
Cameron Payne,PHX,28,185.42,83.007336,Murray State,USA
Caris LeVert,CLE,28,198.12,92.98636,Michigan,USA
Carlik Jones,CHI,25,182.88,78.925008,Louisville,USA
Cedi Osman,CLE,28,200.66,104.32616,None,Turkey
Chance Comanche,POR,27,208.28,95.25432,Arizona,USA
Charles Bassey,SAS,22,205.74,104.32616,Western Kentucky,Nigeria
Chima Moneke,SAC,27,195.58,101.151016,Cal-Davis,Nigeria
Cam Reddish,POR,23,200.66,98.429464,Duke,USA
Michael Carter-Williams,ORL,31,195.58,86.18248,Syracuse,USA
Isaiah Mobley,CLE,23,203.2,107.954896,Southern California,USA
Isaiah Stewart,DET,22,203.2,113.398,Washington,USA
Kenyon Martin Jr.,HOU,22,200.66,97.52228,None,USA
Keon Ellis,SAC,23,190.5,79.3786,Alabama,USA
Keon Johnson,POR,21,190.5,83.91452,Tennessee,USA
Kessler Edwards,SAC,22,200.66,92.079176,Pepperdine,USA
Kevin Durant,PHX,34,208.28,108.86208,Texas,USA
Kevin Huerter,SAC,24,200.66,89.811216,Maryland,USA
Kevin Knox II,POR,23,200.66,97.52228,Kentucky,USA
Kevin Love,MIA,34,203.2,113.851592,UCLA,USA
Kevin Porter Jr.,HOU,23,193.04,92.079176,Southern California,USA
Kevon Harris,ORL,26,198.12,97.975872,Stephen F. Austin,USA
Kevon Looney,GSW,27,205.74,100.697424,UCLA,USA
Khem Birch,SAS,30,203.2,105.686936,UNLV,Canada
Khris Middleton,MIL,31,200.66,100.697424,Texas A&M,USA
Killian Hayes,DET,21,195.58,88.45044,None,France
Kira Lewis Jr.,NOP,22,185.42,77.11064,Alabama,USA
Klay Thompson,GSW,33,198.12,99.79024,Washington State,USA
Kobi Simmons,CHA,25,195.58,81.64656,Arizona,USA
Kris Dunn,UTA,29,190.5,92.98636,Providence,USA
Kristaps Porzingis,WAS,27,220.98,108.86208,None,Latvia
Kentavious Caldwell-Pope,DEN,30,195.58,92.532768,Georgia,USA
Kyle Anderson,MIN,29,205.74,104.32616,UCLA,USA
Kenrich Williams,OKC,28,198.12,95.25432,TCU,USA
Kennedy Chandler,MEM,20,180.34,77.11064,Tennessee,USA
Julius Randle,NYK,28,203.2,113.398,Kentucky,USA
Justin Champagnie,BOS,22,198.12,93.439952,Pittsburgh,USA
Justin Holiday,DAL,34,198.12,81.64656,Washington,USA
Justin Jackson,BOS,28,203.2,99.79024,North Carolina,USA
Justin Minaya,POR,24,200.66,95.25432,Providence,USA
Justise Winslow,POR,27,198.12,100.697424,Duke,USA
Jusuf Nurkic,POR,28,213.36,131.54168,None,Bosnia and Herzegovina
KZ Okpala,SAC,24,203.2,97.52228,Stanford,USA
Kai Jones,CHA,22,210.82,100.243832,Texas,Bahamas
Karl-Anthony Towns,MIN,27,213.36,112.490816,Kentucky,USA
Kawhi Leonard,LAC,32,200.66,102.0582,San Diego State,USA
Keegan Murray,SAC,22,203.2,102.0582,Iowa,USA
Keita Bates-Diop,SAS,27,203.2,103.872568,Ohio State,USA
Keldon Johnson,SAS,23,195.58,99.79024,Kentucky,USA
Kelly Olynyk,UTA,32,210.82,108.86208,Gonzaga,Canada
Kelly Oubre Jr.,CHA,27,198.12,92.079176,Kansas,USA
Kemba Walker,DAL,33,182.88,83.460928,Connecticut,USA
Kendall Brown,IND,20,200.66,92.98636,Baylor,USA
Kendrick Nunn,WAS,27,190.5,86.18248,Oakland,USA
Kenneth Lofton Jr.,MEM,20,198.12,124.7378,Louisiana Tech,USA
Kyle Kuzma,WAS,27,205.74,100.243832,Utah,USA
Kyle Lowry,MIA,37,182.88,88.904032,Villanova,USA
Kyrie Irving,DAL,31,187.96,88.45044,Duke,Australia
Mamadi Diakite,CLE,26,205.74,103.418976,Virginia,Guinea
MarJon Beauchamp,MIL,22,200.66,90.264808,None,USA
Marcus Morris Sr.,LAC,33,203.2,98.883056,Kansas,USA
Marcus Smart,BOS,29,193.04,99.79024,Oklahoma State,USA
Mark Williams,CHA,21,213.36,108.86208,Duke,USA
Markelle Fultz,ORL,25,193.04,94.800728,Washington,USA
Markieff Morris,DAL,33,205.74,111.13004,Kansas,USA
Marko Simonovic,CHI,23,213.36,99.79024,None,Montenegro
Marvin Bagley III,DET,24,208.28,106.59412,Duke,USA
Mason Plumlee,LAC,33,213.36,115.212368,Duke,USA
Matisse Thybulle,POR,26,195.58,91.171992,Washington,USA
Matt Ryan,MIN,26,198.12,97.52228,Tennessee-Chattanooga,USA
Matthew Dellavedova,SAC,32,190.5,90.7184,None,Australia
Max Christie,LAL,20,195.58,86.18248,Michigan State,USA
Max Strus,MIA,27,195.58,97.52228,DePaul,USA
Maxi Kleber,DAL,31,208.28,108.86208,None,Germany
McKinley Wright IV,DAL,24,180.34,87.089664,Colorado,USA
Meyers Leonard,MIL,31,213.36,117.93392,Illinois,USA
Mfiondu Kabengele,BOS,25,208.28,113.398,Florida State,Canada
Malik Monk,SAC,25,190.5,90.7184,Kentucky,USA
Malik Beasley,LAL,26,193.04,84.821704,Florida State,USA
Malcolm Hill,CHI,27,198.12,99.79024,Illinois,USA
Malcolm Brogdon,BOS,30,193.04,103.872568,Virginia,USA
LaMelo Ball,CHA,21,200.66,81.64656,None,USA
Lamar Stevens,CLE,25,198.12,104.32616,Penn State,USA
Landry Shamet,PHX,26,193.04,86.18248,Wichita State,USA
Larry Nance Jr.,NOP,30,203.2,111.13004,Wyoming,USA
Lauri Markkanen,UTA,26,213.36,108.86208,Arizona,Finland
LeBron James,LAL,38,205.74,113.398,None,USA
Leandro Bolmaro,UTA,22,198.12,90.7184,None,Argentina
Lester Quinones,GSW,22,193.04,94.347136,Memphis,USA
Lindy Waters III,OKC,25,198.12,95.25432,Oklahoma State,USA
Julian Champagnie,SAS,22,200.66,98.429464,St. John's,USA
Lonnie Walker IV,LAL,24,193.04,92.532768,Miami,USA
Luguentz Dort,OKC,24,193.04,99.79024,Arizona State,Canada
Luka Doncic,DAL,24,200.66,104.32616,None,Slovenia
Luka Garza,MIN,24,208.28,110.222856,Iowa,USA
Luka Samanic,UTA,23,208.28,102.965384,None,Croatia
Luke Kennard,MEM,27,195.58,93.439952,Duke,USA
Luke Kornet,BOS,27,218.44,113.398,Vanderbilt,USA
Mac McClung,PHI,24,187.96,83.91452,Texas Tech,USA
Malachi Flynn,TOR,25,185.42,79.3786,San Diego State,USA
Malaki Branham,SAS,20,193.04,81.64656,Ohio State,USA
Louis King,PHI,24,200.66,92.98636,Oregon,USA
Juancho Hernangomez,TOR,27,205.74,97.068688,None,Spain
Juan Toscano-Anderson,UTA,30,198.12,94.800728,Marquette,USA
Jrue Holiday,MIL,33,195.58,92.98636,UCLA,USA
Jalen McDaniels,PHI,25,205.74,92.98636,San Diego State,USA
Jalen Smith,IND,23,205.74,97.52228,Maryland,USA
Jalen Suggs,ORL,22,195.58,92.98636,Gonzaga,USA
Jalen Williams,OKC,22,195.58,95.707912,Santa Clara,USA
Jamal Cain,MIA,24,198.12,86.636072,Oakland,USA
Jamal Murray,DEN,26,193.04,97.52228,Kentucky,Canada
Jamaree Bouyea,WAS,24,187.96,81.64656,San Francisco,USA
James Bouknight,CHA,22,193.04,86.18248,Connecticut,USA
James Harden,PHI,33,195.58,99.79024,Arizona State,USA
James Johnson,IND,36,200.66,108.86208,Wake Forest,USA
James Wiseman,DET,22,213.36,108.86208,Memphis,USA
Jared Butler,OKC,22,190.5,87.543256,Baylor,USA
Jared Rhoden,DET,23,198.12,95.25432,Seton Hall,USA
Jaren Jackson Jr.,MEM,23,208.28,109.769264,Michigan State,USA
Jarred Vanderbilt,LAL,24,203.2,97.068688,Kentucky,USA
Jarrell Brantley,UTA,27,195.58,113.398,College of Charleston,USA
Jarrett Allen,CLE,25,205.74,110.222856,Texas,USA
Jarrett Culver,ATL,24,198.12,88.45044,Texas Tech,USA
Jason Preston,LAC,23,190.5,82.100152,Ohio,USA
Jalen Johnson,ATL,21,203.2,99.336648,Duke,USA
Jalen Green,HOU,21,193.04,84.368112,None,USA
Jalen Duren,DET,19,210.82,113.398,Memphis,USA
Jalen Brunson,NYK,26,187.96,86.18248,Villanova,USA
Isaiah Todd,WAS,21,205.74,99.336648,None,USA
Ish Smith,DEN,34,182.88,79.3786,Wake Forest,USA
Ish Wainright,PHX,28,195.58,113.398,Baylor,USA
Ivica Zubac,LAC,26,213.36,108.86208,None,Croatia
JD Davison,BOS,20,185.42,88.45044,Alabama,USA
JT Thor,CHA,20,205.74,92.079176,Auburn,USA
Ja Morant,MEM,23,187.96,78.925008,Murray State,USA
JaVale McGee,DAL,35,213.36,122.46984,Nevada,USA
Jabari Smith Jr.,HOU,20,210.82,99.79024,Auburn,USA
Javonte Green,CHI,29,195.58,92.98636,Radford,USA
Jabari Walker,POR,20,200.66,90.7184,Colorado,USA
Jacob Gilyard,MEM,24,175.26,72.57472,Richmond,USA
Jaden Hardy,DAL,20,190.5,89.811216,None,USA
Jaden Ivey,DET,21,193.04,88.45044,Purdue,USA
Jaden McDaniels,MIN,22,205.74,83.91452,Washington,USA
Jaden Springer,PHI,20,193.04,91.625584,Tennessee,USA
Jae Crowder,MIL,32,198.12,106.59412,Marquette,USA
Jae'Sean Tate,HOU,27,195.58,104.32616,Ohio State,USA
Jake LaRavia,MEM,21,200.66,106.59412,Wake Forest,USA
Jakob Poeltl,TOR,27,215.9,111.13004,Utah,Austria
Jack White,DEN,25,200.66,102.0582,Duke,Australia
Isaiah Roby,NYK,25,203.2,104.32616,Nebraska,USA
Jaxson Hayes,NOP,23,213.36,99.79024,Texas,USA
Jay Scrubb,ORL,22,195.58,99.79024,John A. Logan,USA
Jonas Valanciunas,NOP,31,210.82,120.20188,None,Lithuania
Jonathan Isaac,ORL,25,208.28,104.32616,Florida State,USA
Jonathan Kuminga,GSW,20,200.66,102.0582,None,DRC
Jordan Clarkson,UTA,31,195.58,87.996848,Missouri,USA
Jordan Goodwin,WAS,24,190.5,90.7184,St. Louis,USA
Jordan Hall,SAS,21,200.66,97.52228,St. Joseph's (PA),USA
Jordan McLaughlin,MIN,27,182.88,83.91452,Southern California,USA
Jordan Nwora,IND,24,205.74,102.0582,Louisville,USA
Jordan Poole,GSW,24,193.04,87.996848,Michigan,USA
Jordan Schakel,WAS,25,198.12,90.7184,San Diego State,USA
Jose Alvarado,NOP,25,182.88,81.192968,Georgia Tech,USA
Josh Christopher,HOU,21,193.04,97.52228,Arizona State,USA
Josh Giddey,OKC,20,203.2,97.975872,None,Australia
Josh Green,DAL,22,200.66,90.7184,Arizona,Australia
Josh Hart,NYK,28,193.04,97.52228,Villanova,USA
Josh Minott,MIN,20,203.2,92.98636,Memphis,USA
Josh Okogie,PHX,24,193.04,96.615096,Georgia Tech,Nigeria
Josh Richardson,NOP,29,198.12,90.7184,Tennessee,USA
Joshua Primo,SAS,20,198.12,85.728888,Alabama,Canada
Johnny Juzang,UTA,22,198.12,94.800728,UCLA,USA
Johnny Davis,WAS,21,193.04,88.45044,Wisconsin,USA
John Wall,LAC,32,190.5,95.25432,Kentucky,USA
John Konchar,MEM,27,195.58,95.25432,Indiana-Purdue Fort Wayne,USA
Jaylen Brown,BOS,26,198.12,101.151016,California,USA
Jaylen Nowell,MIN,23,193.04,91.171992,Washington,USA
Jaylin Williams,OKC,21,205.74,108.86208,Arkansas,USA
Jayson Tatum,BOS,25,203.2,95.25432,Duke,USA
Jeenathan Williams,POR,24,195.58,92.98636,Buffalo,USA
Jeff Dowtin Jr.,TOR,26,190.5,80.285784,Rhode Island,USA
Jeff Green,DEN,36,203.2,106.59412,Georgetown,USA
Jerami Grant,POR,29,203.2,95.25432,Syracuse,USA
Jeremiah Robinson-Earl,OKC,22,203.2,108.86208,Villanova,USA
Jay Huff,WAS,25,215.9,108.86208,Virginia,USA
Jeremy Sochan,SAS,20,203.2,104.32616,Baylor,Poland
Jevon Carter,MIL,27,185.42,90.7184,West Virginia,USA
Jimmy Butler,MIA,33,200.66,104.32616,Marquette,USA
Jock Landale,PHX,27,210.82,115.66596,St. Mary's,Australia
Joe Harris,BKN,31,198.12,99.79024,Virginia,USA
Joe Ingles,MIL,35,205.74,99.79024,None,Australia
Joe Wieskamp,TOR,23,198.12,92.98636,Iowa,USA
Joel Embiid,PHI,29,213.36,127.00576,Kansas,Cameroon
John Butler Jr.,POR,20,213.36,86.18248,Florida State,USA
John Collins,ATL,25,205.74,102.511792,Wake Forest,USA
Jericho Sims,NYK,24,208.28,113.398,Texas,USA
JaMychal Green,GSW,33,205.74,102.965384,Alabama,USA
